# Blender 4.2.1 LTS
# www.blender.org
mtllib cabin.mtl
o Cottage_Free
v -5.413955 0.003558 6.744514
v -5.413955 0.003557 4.442821
v -5.413955 3.810278 4.442822
v -2.335922 3.810278 4.442822
v -5.413955 0.434179 6.744514
v -5.413955 0.434178 4.442821
v 5.782724 0.003557 4.442821
v 5.782724 3.810278 4.442822
v 5.782724 0.003559 -6.061543
v 5.782724 3.810280 -3.730788
v 5.782724 0.434180 -3.730789
v 5.782724 0.434178 4.442821
v -6.026977 3.800792 5.055841
v 6.395745 3.800792 5.055841
v 6.395745 6.006957 0.356017
v 6.395745 3.800793 -4.343810
v -6.026977 3.800793 -4.343810
v -0.606749 3.800792 5.055841
v -6.026977 6.006957 0.356017
v -6.026977 3.203769 7.381158
v -0.606749 3.203769 7.381158
v 6.395745 3.521453 -3.730789
v 6.395745 2.755229 -6.561449
v -6.026977 2.755229 -6.561449
v -6.026977 3.521453 -3.730789
v -0.606749 3.521297 5.055840
v -6.026977 3.521298 -4.343810
v -6.026977 2.924274 7.381159
v -0.606749 2.924274 7.381159
v 6.395745 3.265283 -3.730789
v 6.395745 2.499058 -6.561449
v -6.026977 2.499058 -6.561449
v -6.026977 3.265283 -3.730789
v 6.395745 3.521298 -4.343810
v -5.413956 5.727462 0.356017
v -6.026977 5.727462 0.356017
v -6.026977 3.521297 5.055840
v 5.782724 5.727462 0.356017
v 6.395745 3.521297 5.055840
v 6.395745 5.727462 0.356017
v -5.413955 3.810280 -3.730788
v -5.413955 3.087733 6.744514
v -2.335922 3.087733 6.744514
v -2.335922 3.521297 5.055840
v -5.413955 3.521297 5.055840
v -2.335922 0.434179 6.744514
v -2.335922 0.434178 4.442821
v -0.517705 0.114336 6.744514
v -0.517705 0.244683 6.744514
v -0.517705 0.114335 4.442821
v -0.517705 0.244683 4.442821
v -0.218664 -0.016010 6.744514
v -0.218664 0.114336 6.744514
v -0.218664 -0.016011 4.442821
v -0.218664 0.114335 4.442821
v -0.816746 0.434179 6.744514
v -0.816746 0.434178 4.508744
v -0.816746 0.244683 6.744514
v -0.816746 0.350592 4.508744
v -5.413956 0.434179 -3.730789
v -5.413956 0.003559 -6.061543
v -5.413956 0.434180 -6.061543
v 5.782725 0.434180 -6.061543
v -1.462339 0.434180 -6.061543
v -1.462339 0.003559 -6.061543
v -1.462339 0.434180 -6.371902
v 1.831107 0.003559 -6.061543
v 1.831107 0.434180 -6.061543
v 1.831107 0.258340 -6.371902
v 1.831107 0.434180 -6.371902
v -1.462339 0.258341 -6.667828
v 1.831107 0.258341 -6.667828
v -1.462339 0.258340 -6.371902
v -1.462339 0.096719 -6.667828
v 1.831107 0.096719 -6.667828
v -1.462339 0.096719 -6.974139
v 1.831107 0.096719 -6.974139
v -1.462339 0.003558 -6.974139
v 1.831107 0.003558 -6.974139
v 3.328843 1.226217 4.442821
v 4.577520 1.226217 4.442821
v 3.328843 2.666882 4.442821
v 4.577520 2.666882 4.442821
v 1.453811 1.226217 4.442821
v 2.702488 1.226217 4.442821
v 1.453811 2.666882 4.442821
v 2.702488 2.666882 4.442821
v -1.560594 1.226217 4.442821
v 0.280198 1.226217 4.442821
v -1.560594 2.666882 4.442821
v 0.280198 2.666882 4.442821
v -4.238766 1.226216 6.744514
v -3.371375 1.226216 6.744514
v -4.238766 2.666882 6.744514
v -3.371375 2.666882 6.744514
v -2.335922 0.547976 5.691122
v -2.335922 0.547976 4.892526
v -2.335922 2.290166 5.691122
v -2.335922 2.290166 4.892526
v 5.782723 1.226218 1.026547
v 5.782723 1.226218 -0.222132
v 5.782723 2.666882 1.026547
v 5.782723 2.666882 -0.222132
v 1.000425 0.547978 -3.730789
v 0.201830 0.547978 -3.730789
v 1.000425 2.290168 -3.730789
v 0.201830 2.290168 -3.730789
v 3.961433 1.602158 -3.730789
v 3.162837 1.602158 -3.730789
v 3.961433 2.666883 -3.730789
v 3.162837 2.666883 -3.730789
v -1.386984 1.602158 -3.730789
v -2.185580 1.602158 -3.730789
v -1.386984 2.666883 -3.730789
v -2.185580 2.666883 -3.730789
v 3.328843 1.226217 4.136311
v 4.577520 1.226217 4.136311
v 3.328843 2.666882 4.136311
v 4.577520 2.666882 4.136311
v 1.453811 1.226217 4.136311
v 2.702488 1.226217 4.136311
v 1.453811 2.666882 4.136311
v 2.702488 2.666882 4.136311
v -1.560594 1.226217 4.136311
v 0.280198 1.226217 4.136311
v -1.560594 2.666882 4.136311
v 0.280198 2.666882 4.136311
v -4.238766 1.226216 6.438004
v -3.371375 1.226216 6.438004
v -4.238766 2.666882 6.438004
v -3.371375 2.666882 6.438004
v -2.642432 0.547976 5.691122
v -2.642432 0.547976 4.892526
v -2.642432 2.290166 5.691122
v -2.642432 2.290166 4.892526
v 5.476213 1.226218 1.026547
v 5.476213 1.226218 -0.222132
v 5.476213 2.666882 1.026547
v 5.476213 2.666882 -0.222132
v 1.000425 0.547977 -3.424279
v 0.201830 0.547977 -3.424279
v 1.000425 2.290168 -3.424278
v 0.201830 2.290168 -3.424278
v 3.961433 1.602158 -3.424278
v 3.162837 1.602158 -3.424278
v 3.961433 2.666883 -3.424278
v 3.162837 2.666883 -3.424278
v -1.386984 1.602158 -3.424278
v -2.185580 1.602158 -3.424278
v -1.386984 2.666883 -3.424278
v -2.185580 2.666883 -3.424278
v -1.470776 2.596706 4.340651
v -1.470776 1.296392 4.340651
v -0.708564 1.296392 4.340651
v -0.708564 2.596706 4.340651
v -1.560594 2.666882 4.369836
v -1.560594 1.226217 4.369836
v -1.470776 2.596706 4.369836
v -1.470776 1.296392 4.369836
v -0.635714 2.666882 4.369836
v -0.708564 2.596706 4.369836
v -0.708564 1.296392 4.369836
v -0.635714 1.226217 4.369836
v -0.566870 1.296392 4.361845
v -0.566870 2.596706 4.361845
v -0.566870 1.296392 4.386576
v -0.635714 2.666882 4.386576
v -0.635714 1.226217 4.386576
v -0.566870 2.596706 4.386576
v 0.202399 1.296392 4.361845
v 0.202399 2.596706 4.361845
v 0.202399 1.296392 4.386576
v 0.202399 2.596706 4.386576
v 0.280199 2.666882 4.386576
v 0.280199 1.226217 4.386576
v -4.169923 1.296391 6.621910
v -4.169923 2.596706 6.621910
v -4.169923 1.296391 6.646642
v -4.238766 2.666882 6.646642
v -4.238766 1.226216 6.646642
v -4.169923 2.596706 6.646642
v -3.449175 1.296391 6.621910
v -3.449175 2.596706 6.621910
v -3.449175 1.296391 6.646642
v -3.449175 2.596706 6.646642
v -3.371374 2.666882 6.646642
v -3.371374 1.226216 6.646642
v -2.435384 1.322963 4.973510
v -2.435384 1.322963 5.610137
v -2.458526 1.322963 4.973510
v -2.458526 1.322963 5.610137
v -2.458526 0.628605 5.610137
v -2.458526 2.209538 5.610137
v -2.458526 2.209538 4.973510
v -2.417658 0.628605 5.610137
v -2.417658 2.209538 5.610137
v -2.417658 0.628605 4.973510
v -2.417658 2.209538 4.973510
v -2.417658 0.547976 5.691121
v -2.417658 2.290166 5.691122
v -2.417658 0.547976 4.892525
v -2.417658 2.290166 4.892526
v -2.435384 1.261943 5.610137
v -2.435384 1.261942 4.973510
v -2.458526 1.261943 5.610137
v -2.458526 1.261942 4.973510
v -2.458526 0.628605 4.973509
v 0.443670 2.079146 4.438734
v 0.443670 2.232401 4.484294
v 0.443670 2.232401 4.438734
v 1.300555 2.079145 4.438734
v 1.300555 2.232401 4.484294
v 1.300555 2.232401 4.438734
v 0.443670 2.155773 4.484294
v 1.300555 2.155773 4.484294
v 0.443670 2.079146 4.467286
v 1.300555 2.079145 4.467286
v 0.443670 2.155773 4.467286
v 1.300555 2.155773 4.467286
v 2.855744 2.079146 4.438734
v 2.855744 2.232401 4.484294
v 2.855744 2.232401 4.438734
v 3.175587 2.079145 4.438734
v 3.175587 2.232401 4.484294
v 3.175587 2.232401 4.438734
v 2.855744 2.155773 4.484294
v 3.175587 2.155773 4.484294
v 2.855744 2.079146 4.467286
v 3.175587 2.079145 4.467286
v 2.855744 2.155773 4.467286
v 3.175587 2.155773 4.467286
v -2.335923 2.232401 4.438734
v -1.713851 2.079145 4.438734
v -1.713851 2.232401 4.484294
v -1.713851 2.232401 4.438734
v -1.713851 2.155773 4.484294
v -2.307370 2.079146 4.467286
v -1.713851 2.079145 4.467286
v -1.713851 2.155773 4.467286
v -2.335923 2.079145 4.739271
v -2.290362 2.232401 4.739271
v -2.335923 2.232401 4.739271
v -2.335923 2.079145 4.438734
v -2.290362 2.232401 4.484294
v -2.290362 2.155773 4.739271
v -2.290362 2.155773 4.484294
v -2.307370 2.079145 4.739271
v -2.307370 2.155773 4.739271
v -2.307370 2.155773 4.467286
v -2.335923 2.232400 5.844377
v -2.307370 2.079145 5.844377
v -2.290362 2.232400 6.790075
v -2.335923 2.079145 5.844377
v -2.290362 2.232400 5.844377
v -2.290362 2.155773 6.790075
v -2.290362 2.155773 5.844377
v -2.307370 2.079145 6.773067
v -2.307370 2.155773 6.773067
v -2.307370 2.155773 5.844377
v -3.218120 2.079145 6.744514
v -3.218120 2.232400 6.790075
v -3.218120 2.232400 6.744514
v -2.335923 2.079145 6.744514
v -2.335923 2.232400 6.744514
v -3.218120 2.155773 6.790075
v -3.218120 2.079145 6.773067
v -3.218120 2.155773 6.773067
v -5.413957 2.232402 -3.730788
v -5.442510 2.079147 -3.759341
v -5.459518 2.232400 6.790075
v -5.459518 2.155773 6.790075
v -5.459518 2.155774 -3.776349
v -5.442510 2.079145 6.773067
v -5.442510 2.155773 6.773067
v -4.392021 2.079145 6.744514
v -4.392021 2.232400 6.790075
v -4.392021 2.232400 6.744514
v -5.413957 2.079145 6.744514
v -5.413957 2.232400 6.744514
v -4.392021 2.155773 6.790075
v -4.392021 2.079145 6.773067
v -4.392021 2.155773 6.773067
v -5.459518 2.232402 -3.776349
v -5.442510 2.155774 -3.759341
v -2.338837 2.079147 -3.730789
v -2.338837 2.232402 -3.776348
v -2.338837 2.232402 -3.730789
v -5.413957 2.079147 -3.730788
v -2.338837 2.155774 -3.776348
v -2.338837 2.079147 -3.759341
v -2.338837 2.155774 -3.759341
v -1.233730 2.079147 -3.726701
v -1.233730 2.232402 -3.772261
v -1.233730 2.232402 -3.726701
v 0.048573 2.079147 -3.726701
v 0.048573 2.232402 -3.772261
v 0.048573 2.232402 -3.726701
v -1.233730 2.155774 -3.772261
v 0.048573 2.155774 -3.772261
v -1.233730 2.079147 -3.755253
v 0.048573 2.079147 -3.755254
v -1.233730 2.155774 -3.755253
v 0.048573 2.155774 -3.755254
v 1.153679 2.079147 -3.726701
v 1.153679 2.232402 -3.772261
v 1.153679 2.232402 -3.726701
v 3.009582 2.079147 -3.726701
v 3.009582 2.232402 -3.772262
v 3.009582 2.232402 -3.726701
v 1.153679 2.155774 -3.772261
v 3.009582 2.155774 -3.772262
v 1.153679 2.079147 -3.755253
v 3.009582 2.079147 -3.755254
v 1.153679 2.155774 -3.755253
v 3.009582 2.155774 -3.755254
v 5.782725 2.232402 -3.730788
v 5.811277 2.079147 -3.759340
v 5.828286 2.232402 -0.375387
v 5.828286 2.155774 -0.375387
v 5.828286 2.155774 -3.776349
v 5.811277 2.079146 -0.375387
v 5.811277 2.155774 -0.375387
v 5.782725 2.079146 -0.375387
v 5.782725 2.232402 -0.375387
v 5.828286 2.232402 -3.776349
v 5.811277 2.155774 -3.759340
v 4.114688 2.079147 -3.730789
v 4.114688 2.232402 -3.776349
v 4.114688 2.232402 -3.730789
v 5.782725 2.079147 -3.730788
v 4.114688 2.155774 -3.776349
v 4.114688 2.079147 -3.759341
v 4.114688 2.155774 -3.759341
v 5.782725 2.232401 4.442821
v 5.811277 2.079146 4.471373
v 5.828286 2.232401 1.179802
v 5.828286 2.155774 1.179802
v 5.828286 2.155773 4.488381
v 5.811277 2.079146 1.179802
v 5.811277 2.155774 1.179802
v 5.782725 2.079146 1.179802
v 5.782725 2.232401 1.179802
v 5.828286 2.232401 4.488381
v 5.811277 2.155773 4.471373
v 4.730776 2.079146 4.442822
v 4.730776 2.232401 4.488381
v 4.730776 2.232401 4.442822
v 5.782725 2.079145 4.442821
v 4.730776 2.155773 4.488381
v 4.730776 2.079146 4.471373
v 4.730776 2.155773 4.471373
v -5.459518 2.155774 1.183946
v -5.442510 2.079146 1.181072
v -5.413957 2.232401 1.176249
v -5.459518 2.232401 1.183946
v -5.442510 2.155774 1.181072
v -5.413957 2.079146 1.176249
v -5.459518 2.155774 -0.464217
v -5.442510 2.079146 -0.464217
v -5.413957 2.232401 -0.464217
v -5.459518 2.232402 -0.464217
v -5.442510 2.155774 -0.464217
v -5.413957 2.079146 -0.464217
v -2.335923 0.350592 4.508744
v -2.335923 0.523823 4.508744
v -2.335923 0.350592 4.442821
v -2.335923 0.523823 4.442821
v 5.847925 0.350592 4.508744
v 5.847925 0.523823 4.508744
v 5.782724 0.350592 4.442821
v 5.782724 0.523823 4.442821
v 5.847925 0.350594 -3.730789
v 5.847925 0.523825 -3.730789
v 5.782725 0.350594 -3.730789
v 5.782725 0.523825 -3.730789
v -5.466360 0.350592 6.810438
v -5.466360 0.523824 6.810438
v -5.413955 0.350592 6.744514
v -5.413955 0.523824 6.744514
v -2.335923 0.350592 6.810438
v -2.335923 0.523824 6.810438
v -2.335923 0.350592 6.744514
v -2.335923 0.523824 6.744514
v -5.466359 0.350594 -3.730788
v -5.466359 0.523825 -3.730788
v -5.413954 0.350594 -3.730788
v -5.413954 0.523825 -3.730788
v -5.466360 0.523824 1.176248
v -5.466360 0.350593 1.176248
v -5.413955 0.523824 1.176248
v -5.413955 0.350593 1.176248
v -5.466360 0.523824 -0.464218
v -5.413955 0.523824 -0.464218
v -5.413955 0.350593 -0.464218
v -5.466360 0.350593 -0.464218
v -1.341104 0.498902 6.744514
v -1.341104 3.181282 6.744514
v -1.341104 0.498902 6.548731
v -1.341104 3.181282 6.548730
v -1.145319 0.498902 6.744514
v -1.145319 3.181282 6.744514
v -1.145319 0.498902 6.548731
v -1.145319 3.181282 6.548730
v -1.124409 1.267133 6.731400
v -0.159916 0.910862 6.731400
v -1.124409 1.267133 6.677020
v -0.159916 0.910861 6.677018
v -1.131736 1.247654 6.731400
v -0.167245 0.891383 6.731400
v -1.131736 1.247654 6.677020
v -0.167245 0.891382 6.677018
v -1.088870 0.694965 6.713595
v -0.183418 0.346191 6.713595
v -1.088870 0.694964 6.694823
v -0.183418 0.346191 6.694822
v -1.103438 0.657146 6.713595
v -0.197986 0.308372 6.713595
v -1.103438 0.657146 6.694823
v -0.197986 0.308372 6.694822
v -2.321482 1.266101 6.731400
v -1.351180 1.266101 6.731400
v -2.321482 1.266101 6.677020
v -1.351180 1.266101 6.677019
v -2.321482 1.245289 6.731400
v -1.351180 1.245289 6.731400
v -2.321482 1.245289 6.677020
v -1.351180 1.245289 6.677019
v -0.218222 0.173452 6.724473
v -0.218222 0.919839 6.724473
v -0.218222 0.173452 6.683945
v -0.218222 0.919838 6.683945
v -0.177694 0.173452 6.724473
v -0.177694 0.902935 6.724473
v -0.177694 0.173452 6.683945
v -0.177694 0.902934 6.683945
v -1.118129 0.498902 6.724473
v -1.118129 1.245289 6.724473
v -1.118129 0.498902 6.683945
v -1.118129 1.245289 6.683946
v -1.077602 0.498902 6.724473
v -1.077602 1.245289 6.724473
v -1.077602 0.498902 6.683945
v -1.077602 1.245289 6.683946
v -0.663849 0.303798 6.724473
v -0.663849 1.079165 6.724473
v -0.663849 0.303798 6.683945
v -0.663849 1.079165 6.683946
v -0.623322 0.303798 6.724473
v -0.623322 1.064675 6.724473
v -0.623322 0.303798 6.683945
v -0.623322 1.064675 6.683946
v -1.341104 1.377522 6.744515
v -1.341104 1.513361 6.744515
v -1.341104 1.377522 6.548731
v -1.341104 1.513361 6.548731
v -1.145319 1.377522 6.744515
v -1.145319 1.513361 6.744515
v -1.145319 1.377522 6.548731
v -1.145319 1.513361 6.548731
v -1.364282 1.379336 6.525553
v -1.364282 1.379336 6.767694
v -1.371112 1.513361 6.774524
v -1.371112 1.513361 6.518723
v -1.115311 1.513361 6.518723
v -1.115311 1.513361 6.774524
v -1.371112 1.445441 6.774524
v -1.371112 1.445441 6.518723
v -1.115311 1.445441 6.518723
v -1.115311 1.445441 6.774524
v -1.364282 1.443627 6.525553
v -1.122141 1.379336 6.525553
v -1.122141 1.443627 6.525553
v -1.122141 1.379336 6.767693
v -1.122141 1.443627 6.767693
v -1.364282 1.443627 6.767693
v -1.560596 1.226217 4.493906
v -1.560596 2.666882 4.493906
v -1.560596 1.226217 4.438735
v -1.560596 2.666882 4.438735
v -1.713851 1.072962 4.493906
v -1.713851 2.820137 4.493906
v -1.713851 1.072962 4.438735
v -1.713851 2.820137 4.438735
v 0.280198 1.226217 4.493906
v 0.280198 1.226217 4.438735
v 0.443670 1.072962 4.493906
v 0.443670 1.072962 4.438735
v 0.280198 2.666882 4.493906
v 0.280198 2.666882 4.438735
v 0.443670 2.820137 4.493906
v 0.443670 2.820137 4.438735
v -4.238766 1.226216 6.795600
v -4.238766 2.666882 6.795600
v -4.238766 1.226216 6.740428
v -4.238766 2.666882 6.740428
v -4.392021 1.072961 6.795600
v -4.392021 2.820137 6.795600
v -4.392021 1.072961 6.740428
v -4.392021 2.820137 6.740428
v -3.371376 1.226216 6.795600
v -3.371376 1.226216 6.740428
v -3.218120 1.072961 6.795600
v -3.218120 1.072961 6.740428
v -3.371376 2.666882 6.795600
v -3.371376 2.666882 6.740428
v -3.218120 2.820137 6.795600
v -3.218120 2.820137 6.740428
v -2.284837 0.547976 5.691122
v -2.284837 2.290166 5.691122
v -2.340009 0.547976 5.691122
v -2.340009 2.290166 5.691122
v -2.284837 0.498902 5.844377
v -2.284837 2.443421 5.844377
v -2.340009 0.498902 5.844377
v -2.340009 2.443421 5.844377
v -2.284837 0.547976 4.892526
v -2.340009 0.547976 4.892526
v -2.284837 0.498902 4.739271
v -2.340009 0.498902 4.739271
v -2.284837 2.290166 4.892527
v -2.340009 2.290166 4.892527
v -2.284837 2.443423 4.739271
v -2.340009 2.443423 4.739271
v -2.417657 1.518193 5.640111
v -2.417657 1.512546 5.668502
v -2.396645 1.486568 5.674983
v -2.396645 1.465528 5.670799
v -2.417657 1.488479 5.684586
v -2.396645 1.453607 5.652962
v -2.417657 1.460088 5.678939
v -2.396645 1.457791 5.631921
v -2.417657 1.444005 5.654873
v -2.396645 1.504405 5.663063
v -2.396645 1.475628 5.620001
v -2.396630 1.471043 5.640774
v -2.396630 1.492806 5.645163
v -2.417657 1.449651 5.626482
v -2.370122 1.479666 5.636340
v -2.396630 1.487731 5.637566
v -2.396645 1.496670 5.624185
v -2.417657 1.473719 5.610398
v -2.417657 1.502110 5.616044
v -2.396645 1.508590 5.642021
v -2.366698 1.474996 5.641175
v -2.360654 1.473902 5.649711
v -2.396630 1.469237 5.649852
v -2.366363 1.472396 5.511351
v -2.354919 1.480347 5.511350
v -2.356032 1.474533 5.511351
v -2.396630 1.491024 5.654123
v -2.396630 1.478769 5.635784
v -2.396630 1.483459 5.659352
v -2.354328 1.482530 5.658645
v -2.396630 1.474380 5.657548
v -2.355531 1.477023 5.656948
v -2.368920 1.485175 5.638038
v -2.363796 1.488297 5.645273
v -2.368418 1.483139 5.511350
v -2.358087 1.485276 5.511350
v -2.360771 1.471239 5.511351
v -2.357751 1.487201 5.653809
v -2.369530 1.477325 5.511351
v -2.363679 1.486432 5.511350
v -2.415821 1.329453 5.678194
v -2.415821 1.384508 5.678194
v -2.408642 1.331054 5.628504
v -2.415821 1.403242 5.632966
v -2.408642 1.396412 5.637530
v -2.415821 1.407637 5.643579
v -2.408642 1.399581 5.645181
v -2.415821 1.407637 5.655064
v -2.408642 1.399581 5.653462
v -2.408642 1.396412 5.661112
v -2.415821 1.403242 5.665677
v -2.408642 1.382905 5.670137
v -2.415821 1.329451 5.620449
v -2.415821 1.310719 5.632966
v -2.408642 1.317549 5.637530
v -2.415821 1.306322 5.643579
v -2.415821 1.306322 5.655064
v -2.408642 1.314379 5.653462
v -2.335922 0.498902 6.744514
v -2.415821 1.310717 5.665677
v -2.408642 1.317549 5.661112
v -2.408642 1.331054 5.670137
v -2.415821 1.384508 5.620449
v -2.408642 1.314379 5.645181
v -2.408642 1.382905 5.628506
v -5.084622 3.089199 7.552023
v -5.070105 3.089120 7.516972
v -5.084623 3.089043 7.481922
v -5.119671 3.089010 7.467404
v -5.154721 3.089043 7.481922
v -5.169240 3.089120 7.516972
v -5.154721 3.089199 7.552023
v -5.119671 3.089231 7.566540
v -5.084622 2.930018 7.550706
v -5.070105 2.938545 7.516972
v -5.084622 2.947070 7.483236
v -5.119671 2.950603 7.469263
v -5.154721 2.947070 7.483236
v -5.169240 2.938545 7.516972
v -5.154721 2.930018 7.550706
v -5.119671 2.926486 7.564680
v -5.084622 2.868831 7.511580
v -5.070104 2.888896 7.484605
v -5.084622 2.908961 7.457634
v -5.119672 2.917270 7.446459
v -5.154721 2.908961 7.457634
v -5.169241 2.888896 7.484606
v -5.154721 2.868831 7.511580
v -5.119671 2.860519 7.522752
v -5.084623 2.665493 6.964831
v -5.070104 2.686162 6.938431
v -5.084622 2.706831 6.912031
v -5.119671 2.715393 6.901096
v -5.154721 2.706831 6.912032
v -5.169241 2.686162 6.938431
v -5.154721 2.665493 6.964831
v -5.119671 2.656931 6.975765
v -5.084622 2.632843 6.941032
v -5.070104 2.641495 6.907338
v -5.084622 2.650146 6.873642
v -5.119671 2.653730 6.859687
v -5.154721 2.650146 6.873643
v -5.169240 2.641495 6.907337
v -5.154721 2.632843 6.941032
v -5.119671 2.629260 6.954990
v -5.084622 0.415187 6.942293
v -5.070104 0.412897 6.907334
v -5.084622 0.410609 6.872378
v -5.119672 0.409662 6.857900
v -5.154721 0.410609 6.872378
v -5.169240 0.412897 6.907335
v -5.154721 0.415187 6.942293
v -5.119671 0.416134 6.956773
v -5.084622 0.297200 6.948269
v -5.070104 0.283229 6.916875
v -5.084622 0.269258 6.885481
v -5.119671 0.263470 6.872478
v -5.154721 0.269258 6.885481
v -5.169240 0.283229 6.916875
v -5.154721 0.297200 6.948269
v -5.119671 0.302987 6.961274
v -5.084622 0.240671 6.986333
v -5.070104 0.222921 6.957411
v -5.084622 0.205169 6.928492
v -5.119669 0.197816 6.916512
v -5.154721 0.205169 6.928492
v -5.169240 0.222921 6.957413
v -5.154721 0.240671 6.986333
v -5.119671 0.248025 6.998314
v -5.084622 0.183272 7.046928
v -5.070104 0.162751 7.020968
v -5.084622 0.142230 6.995008
v -5.119669 0.133729 6.984255
v -5.154721 0.142230 6.995008
v -5.169240 0.162751 7.020968
v -5.154721 0.183272 7.046928
v -5.119671 0.191773 7.057683
v 5.525665 3.664867 5.250329
v 5.540183 3.664790 5.215277
v 5.525665 3.664711 5.180228
v 5.490616 3.664680 5.165710
v 5.455566 3.664711 5.180228
v 5.441048 3.664790 5.215277
v 5.455566 3.664867 5.250329
v 5.490616 3.664901 5.264845
v 5.525665 3.505687 5.249012
v 5.540183 3.514214 5.215277
v 5.525665 3.522739 5.181540
v 5.490616 3.526270 5.167569
v 5.455566 3.522739 5.181540
v 5.441048 3.514214 5.215277
v 5.455566 3.505687 5.249012
v 5.490616 3.502156 5.262986
v 5.525665 3.444500 5.209886
v 5.540184 3.464565 5.182910
v 5.525665 3.484629 5.155939
v 5.490615 3.492939 5.144764
v 5.455566 3.484629 5.155940
v 5.441047 3.464565 5.182910
v 5.455566 3.444500 5.209886
v 5.490616 3.436188 5.221057
v 5.525665 3.241161 4.663136
v 5.540184 3.261831 4.636736
v 5.525665 3.282499 4.610338
v 5.490616 3.291061 4.599401
v 5.455566 3.282499 4.610338
v 5.441047 3.261831 4.636736
v 5.455566 3.241161 4.663136
v 5.490616 3.232600 4.674073
v 5.525665 3.208512 4.639338
v 5.540184 3.217164 4.605644
v 5.525665 3.225816 4.571948
v 5.490616 3.229400 4.557992
v 5.455566 3.225816 4.571949
v 5.441048 3.217164 4.605644
v 5.455566 3.208512 4.639338
v 5.490616 3.204927 4.653296
v 5.525665 0.394666 4.640598
v 5.540184 0.392377 4.605640
v 5.525665 0.390087 4.570683
v 5.490615 0.389141 4.556205
v 5.455566 0.390087 4.570684
v 5.441048 0.392377 4.605641
v 5.455566 0.394666 4.640598
v 5.490616 0.395613 4.655079
v 5.525665 0.276678 4.646575
v 5.540184 0.262707 4.615181
v 5.525665 0.248736 4.583786
v 5.490616 0.242948 4.570784
v 5.455566 0.248736 4.583786
v 5.441048 0.262707 4.615182
v 5.455566 0.276678 4.646575
v 5.490616 0.282465 4.659580
v 5.525665 0.220150 4.684639
v 5.540184 0.202399 4.655717
v 5.525665 0.184648 4.626797
v 5.490617 0.177294 4.614818
v 5.455566 0.184648 4.626798
v 5.441048 0.202399 4.655719
v 5.455566 0.220150 4.684639
v 5.490616 0.227503 4.696620
v 5.525665 0.162750 4.745234
v 5.540184 0.142229 4.719274
v 5.525665 0.121709 4.693315
v 5.490617 0.113208 4.682561
v 5.455566 0.121709 4.693315
v 5.441048 0.142229 4.719275
v 5.455566 0.162750 4.745234
v 5.490616 0.171251 4.755989
v -6.011327 2.614609 -6.760171
v -6.011327 2.614609 -6.603882
v -6.011327 2.702744 -6.792711
v 6.365692 2.598704 -6.728774
v 6.365692 2.598704 -6.633610
v -6.011327 2.598704 -6.633609
v -6.011327 2.643986 -6.782058
v -6.011327 2.643986 -6.585011
v 6.365692 2.592317 -6.681192
v -6.011327 2.592319 -6.681190
v 6.365695 2.614605 -6.760173
v 6.365692 2.614605 -6.603882
v 6.365695 2.702743 -6.792714
v 6.365695 2.702743 -6.573015
v 6.365695 2.643985 -6.782061
v 6.365695 2.673365 -6.790665
v 6.365695 2.673365 -6.575062
v 6.365695 2.643985 -6.585011
v -6.011327 2.598706 -6.728772
v -6.011327 2.702745 -6.573013
v -6.011327 2.673368 -6.790663
v -6.011327 2.673368 -6.575061
v -6.011328 3.081872 7.588282
v -6.011328 3.081872 7.431992
v -6.011328 3.170007 7.620820
v -0.622688 3.065965 7.556883
v -0.622688 3.065965 7.461720
v -6.011328 3.065968 7.461720
v -6.011328 3.111249 7.610168
v -6.011328 3.111249 7.413120
v -0.622688 3.059579 7.509302
v -6.011328 3.059582 7.509298
v -0.622687 3.081868 7.588282
v -0.622688 3.081868 7.431992
v -0.622687 3.170004 7.620824
v -0.622687 3.170004 7.401124
v -0.622687 3.111247 7.610170
v -0.622687 3.140626 7.618774
v -0.622687 3.140626 7.403172
v -0.622687 3.111247 7.413121
v -6.011328 3.065969 7.556881
v -6.011328 3.170007 7.401122
v -6.011328 3.140630 7.618773
v -6.011328 3.140630 7.403172
v -0.581511 3.665510 5.290660
v -0.581511 3.665510 5.134372
v -0.581511 3.753646 5.323201
v 6.358364 3.649606 5.259263
v 6.358364 3.649606 5.164100
v -0.581511 3.649606 5.164099
v -0.581511 3.694890 5.312548
v -0.581511 3.694890 5.115499
v 6.358364 3.643219 5.211681
v -0.581511 3.643221 5.211679
v 6.358365 3.665508 5.290661
v 6.358364 3.665508 5.134372
v 6.358365 3.753644 5.323204
v 6.358365 3.753644 5.103505
v 6.358365 3.694886 5.312551
v 6.358365 3.724267 5.321155
v 6.358365 3.724267 5.105550
v 6.358365 3.694886 5.115500
v -0.581511 3.649608 5.259261
v -0.581511 3.753648 5.103501
v -0.581511 3.724269 5.321154
v -0.581511 3.724271 5.105550
v -0.883607 5.340021 -3.290329
v -0.883607 4.254288 -3.290328
v -0.883607 5.340021 -2.507278
v -0.883607 4.620818 -2.507278
v -1.293526 5.340021 -3.290329
v -1.293526 4.254288 -3.290328
v -1.293526 5.340021 -2.507278
v -1.293526 4.620818 -2.507278
v -0.971287 5.452159 -3.189008
v -0.971287 5.452160 -2.608599
v -1.205846 5.452159 -3.189008
v -1.205846 5.452160 -2.608599
v -0.839582 5.340021 -2.423182
v -0.839582 5.340021 -3.374426
v -1.337550 5.340021 -2.423182
v -1.337550 5.340021 -3.374426
v -0.839582 5.596732 -3.374426
v -1.337550 5.596732 -3.374426
v -1.337550 5.596732 -2.423182
v -0.839582 5.570037 -2.423182
v -0.839582 5.570036 -3.374426
v -1.337550 5.570037 -2.423182
v -1.337550 5.570036 -3.374426
v -0.839582 5.596732 -2.423182
v -1.088566 5.719313 -3.199722
v -1.088566 5.719313 -2.597885
v -0.839582 5.452160 -2.423182
v -0.839582 5.452159 -3.374426
v -1.337550 5.452160 -2.423182
v -1.337550 5.452159 -3.374426
v -0.971287 4.666986 -2.608599
v -0.971287 4.666986 -3.189008
v -1.205846 4.666986 -2.608599
v -1.205846 4.666986 -3.189008
v -4.244264 6.321715 -0.973080
v -4.244264 5.362420 -0.973079
v -4.244264 6.321715 -0.539863
v -4.244264 5.569845 -0.539863
v -4.743488 6.321715 -0.973080
v -4.743488 5.362420 -0.973079
v -4.743488 6.321715 -0.539863
v -4.743488 5.569845 -0.539863
v -4.347933 6.434955 -0.883117
v -4.347933 6.434955 -0.629825
v -4.639818 6.434955 -0.883117
v -4.639818 6.434955 -0.629825
v -4.190648 6.321715 -0.493336
v -4.190648 6.321715 -1.019606
v -4.797104 6.321715 -0.493336
v -4.797104 6.321715 -1.019606
v -4.190648 6.580212 -1.019606
v -4.797104 6.580212 -1.019606
v -4.797104 6.580212 -0.493336
v -4.190648 6.552832 -0.493336
v -4.190648 6.552832 -1.019606
v -4.797104 6.552832 -0.493336
v -4.797104 6.552832 -1.019606
v -4.190648 6.580212 -0.493336
v -4.493876 6.737068 -0.756472
v -4.190648 6.434955 -0.493336
v -4.190648 6.434955 -1.019606
v -4.797104 6.434955 -0.493336
v -4.797104 6.434955 -1.019606
v -4.347933 5.857061 -0.629825
v -4.347933 5.857061 -0.883117
v -4.639818 5.857061 -0.629825
v -4.639818 5.857061 -0.883117
v -0.254456 0.114336 6.724952
v -0.254456 0.114335 4.442821
v -0.517705 0.173452 6.724952
v -0.517705 0.114336 6.724952
v -0.157362 0.173452 4.442821
v -0.157362 0.173452 6.795830
v -0.517705 0.173452 4.442821
v -0.517705 0.173452 6.795830
v -0.157362 0.114335 4.442821
v -0.157362 0.114336 6.795830
v -0.517705 0.114336 6.795830
v 5.834442 0.434180 -3.730789
v -5.453858 0.434179 -3.730789
v -5.453858 0.434180 -6.122845
v 5.834442 0.434180 -6.122845
v -1.523641 0.434180 -6.122845
v -5.453858 0.498904 -3.730789
v -5.453858 0.498904 -6.122845
v 1.892409 0.498904 -6.122845
v 5.834442 0.498904 -6.122845
v 1.892409 0.498904 -6.433205
v 5.834442 0.498904 -3.730789
v -1.523641 0.498904 -6.122845
v -1.523641 0.498904 -6.433205
v 1.892409 0.434180 -6.122845
v -1.442099 0.434180 -6.373678
v 1.810867 0.434180 -6.373678
v 5.751395 0.434180 -3.730789
v -5.375917 0.434179 -3.730789
v -5.375917 0.434180 -6.030695
v 5.751395 0.434180 -6.030695
v 1.892409 0.434180 -6.433205
v 1.810867 0.434180 -6.030695
v -1.523641 0.434180 -6.433205
v -1.442099 0.434180 -6.030695
v -2.335922 0.434179 6.709687
v -0.873449 0.434179 6.709687
v -0.873449 0.434178 4.594888
v -0.755444 0.498902 6.795830
v -2.335922 0.498902 6.795830
v -2.335922 0.498902 4.508744
v -0.755444 0.498902 4.508744
v -0.755444 0.434179 6.795830
v -2.335922 0.434179 6.795830
v -0.755444 0.434178 4.508744
v 1.892409 0.157573 -6.667828
v -1.527870 0.157573 -7.025058
v 1.892409 0.157573 -7.025058
v -1.527870 0.157573 -6.667828
v -1.417199 0.096719 -6.958130
v 1.808142 0.096719 -6.958130
v -1.527870 0.096719 -6.667828
v 1.892409 0.096719 -6.667828
v 1.808142 0.157573 -6.667828
v 1.808142 0.096719 -6.667828
v -1.417199 0.157573 -6.667828
v -1.527870 0.096719 -7.025058
v 1.892409 0.096719 -7.025058
v -1.417199 0.096719 -6.667828
v -0.816746 0.244683 4.442821
v -0.816746 0.350592 4.442821
v -0.553497 0.244683 6.724952
v -0.553497 0.244683 4.442821
v -0.816746 0.303798 6.724952
v -0.816746 0.244683 6.724952
v -0.456403 0.303799 4.442821
v -0.456403 0.303798 6.795830
v -0.816746 0.303799 4.442821
v -0.816746 0.303798 6.795830
v -0.456403 0.244683 4.442821
v -0.456403 0.244683 6.795830
v -0.816746 0.244683 6.795830
v 1.892409 0.319195 -6.371902
v -1.527870 0.319194 -6.729131
v 1.892409 0.319194 -6.729131
v -1.527870 0.319195 -6.371902
v -1.417199 0.258341 -6.662204
v 1.808142 0.258341 -6.662204
v -1.527870 0.258340 -6.371902
v 1.892409 0.258340 -6.371902
v 1.808142 0.319195 -6.371902
v 1.808142 0.258340 -6.371902
v -1.417199 0.319195 -6.371902
v -1.527870 0.258341 -6.729131
v 1.892409 0.258341 -6.729131
v -1.417199 0.258340 -6.371902
v 0.282814 1.322281 -3.658765
v 0.919441 1.322281 -3.658765
v 0.282814 1.322281 -3.635622
v 0.919441 1.322281 -3.635622
v 0.919441 0.627923 -3.635622
v 0.919441 2.208854 -3.635622
v 0.282814 2.208854 -3.635622
v 0.919441 0.627923 -3.676491
v 0.919441 2.208854 -3.676490
v 0.282814 0.627923 -3.676491
v 0.282814 2.208854 -3.676490
v 1.000425 0.547293 -3.676491
v 1.000425 2.289484 -3.676490
v 0.201830 0.547293 -3.676491
v 0.201830 2.289484 -3.676490
v 0.919441 1.261259 -3.658765
v 0.282814 1.261259 -3.658765
v 0.919441 1.261259 -3.635622
v 0.282814 1.261259 -3.635622
v 0.282814 0.627923 -3.635622
v 1.000425 0.547978 -3.784320
v 1.000425 2.290168 -3.784319
v 1.000425 0.547978 -3.729147
v 1.000425 2.290168 -3.729147
v 1.153680 0.498904 -3.784320
v 1.153680 2.443423 -3.784319
v 1.153680 0.498904 -3.729147
v 1.153680 2.443423 -3.729147
v 0.201829 0.547978 -3.784320
v 0.201829 0.547978 -3.729147
v 0.048573 0.498904 -3.784320
v 0.048573 0.498904 -3.729147
v 0.201829 2.290168 -3.784319
v 0.201829 2.290168 -3.729147
v 0.048573 2.443423 -3.784319
v 0.048573 2.443423 -3.729147
v 0.951778 1.518193 -3.674653
v 0.980169 1.512548 -3.674653
v 0.986650 1.486570 -3.695665
v 0.982466 1.465529 -3.695665
v 0.996252 1.488480 -3.674653
v 0.964628 1.453608 -3.695665
v 0.990606 1.460090 -3.674653
v 0.943588 1.457793 -3.695665
v 0.966539 1.444006 -3.674653
v 0.974729 1.504407 -3.695665
v 0.931669 1.475630 -3.695665
v 0.952440 1.471044 -3.695680
v 0.956831 1.492808 -3.695680
v 0.938150 1.449652 -3.674653
v 0.948006 1.479668 -3.722188
v 0.949232 1.487731 -3.695680
v 0.935852 1.496671 -3.695665
v 0.922066 1.473719 -3.674653
v 0.927711 1.502110 -3.674653
v 0.953688 1.508591 -3.695665
v 0.952843 1.474997 -3.725612
v 0.961378 1.473902 -3.731656
v 0.961519 1.469239 -3.695680
v 0.823017 1.472397 -3.725948
v 0.823017 1.480348 -3.737392
v 0.823017 1.474534 -3.736280
v 0.965790 1.491026 -3.695680
v 0.947451 1.478770 -3.695680
v 0.971020 1.483460 -3.695680
v 0.970312 1.482532 -3.737981
v 0.969215 1.474382 -3.695680
v 0.968615 1.477023 -3.736779
v 0.949705 1.485176 -3.723390
v 0.956940 1.488298 -3.728515
v 0.823017 1.483140 -3.723893
v 0.823017 1.485277 -3.734224
v 0.823017 1.471241 -3.731540
v 0.965475 1.487202 -3.734559
v 0.823017 1.477326 -3.722780
v 0.823017 1.486434 -3.728631
v 0.989860 1.329453 -3.676490
v 0.989860 1.384509 -3.676490
v 0.940172 1.331056 -3.683669
v 0.944633 1.403243 -3.676490
v 0.949198 1.396413 -3.683669
v 0.955246 1.407639 -3.676490
v 0.956848 1.399582 -3.683669
v 0.966730 1.407639 -3.676490
v 0.965130 1.399582 -3.683669
v 0.972780 1.396413 -3.683669
v 0.977344 1.403243 -3.676490
v 0.981804 1.382907 -3.683669
v 0.932116 1.329453 -3.676490
v 0.944633 1.310719 -3.676490
v 0.949198 1.317549 -3.683669
v 0.955246 1.306323 -3.676490
v 0.966730 1.306323 -3.676490
v 0.965130 1.314380 -3.683669
v 0.977344 1.310719 -3.676490
v 0.972780 1.317549 -3.683669
v 0.981804 1.331056 -3.683669
v 0.932116 1.384509 -3.676490
v 0.956848 1.314380 -3.683669
v 0.940172 1.382907 -3.683669
v -1.088870 0.826695 6.713596
v -0.183418 0.477922 6.713595
v -1.088870 0.826694 6.694823
v -0.183418 0.477922 6.694822
v -1.103438 0.788877 6.713596
v -0.197986 0.440103 6.713595
v -1.103438 0.788876 6.694823
v -0.197986 0.440103 6.694822
v -1.088870 0.947448 6.713596
v -0.183418 0.598675 6.713595
v -1.088870 0.947447 6.694823
v -0.183418 0.598674 6.694822
v -1.103438 0.909629 6.713596
v -0.197986 0.560856 6.713595
v -1.103438 0.909628 6.694823
v -0.197986 0.560855 6.694822
v -1.088870 1.068200 6.713596
v -0.183418 0.719428 6.713595
v -1.088870 1.068200 6.694823
v -0.183418 0.719427 6.694823
v -1.103438 1.030381 6.713596
v -0.197986 0.681609 6.713595
v -1.103438 1.030381 6.694823
v -0.197986 0.681608 6.694822
v -1.088870 1.181635 6.713596
v -0.183418 0.832862 6.713595
v -1.088870 1.181635 6.694823
v -0.183418 0.832861 6.694823
v -1.103438 1.143816 6.713596
v -0.197986 0.795043 6.713595
v -1.103438 1.143816 6.694823
v -0.197986 0.795042 6.694823
v 5.782728 0.498903 -5.743949
v 5.782728 2.734950 -5.743948
v 5.782728 0.498903 -6.061543
v 5.782728 2.734950 -6.061543
v 5.471840 0.498903 -5.743949
v 5.471840 2.734950 -5.743948
v 5.471840 0.498903 -6.061543
v 5.471840 2.734950 -6.061543
v 5.782728 1.377522 -5.743948
v 5.782728 1.513362 -5.743948
v 5.782728 1.377522 -6.061542
v 5.782728 1.513362 -6.061542
v 5.471840 1.377522 -5.743948
v 5.471840 1.513362 -5.743948
v 5.471840 1.377522 -6.061542
v 5.471840 1.513362 -6.061542
v 5.801462 1.379752 -6.080679
v 5.801462 1.379750 -5.724810
v 5.813698 1.513362 -5.712309
v 5.813698 1.513362 -6.093181
v 5.453107 1.379752 -6.080679
v 5.440870 1.513362 -6.093181
v 5.453107 1.379750 -5.724810
v 5.440870 1.513362 -5.712309
v 5.813698 1.445441 -5.712309
v 5.813698 1.445441 -6.093181
v 5.440870 1.445441 -6.093181
v 5.440870 1.445441 -5.712309
v 5.801462 1.443213 -6.080680
v 5.453107 1.443213 -6.080680
v 5.453107 1.443213 -5.724810
v 5.801462 1.443213 -5.724810
v 1.855406 0.498903 -5.743949
v 1.855406 2.734950 -5.743948
v 1.855406 0.498903 -6.061543
v 1.855406 2.734950 -6.061543
v 2.166294 0.498903 -5.743949
v 2.166294 2.734950 -5.743948
v 2.166294 0.498903 -6.061543
v 2.166294 2.734950 -6.061543
v 1.855406 1.377522 -5.743948
v 1.855406 1.513362 -5.743948
v 1.855406 1.377522 -6.061542
v 1.855406 1.513362 -6.061542
v 2.166294 1.377522 -5.743948
v 2.166294 1.513362 -5.743948
v 2.166294 1.377522 -6.061542
v 2.166294 1.513362 -6.061542
v 1.836672 1.379752 -6.080679
v 1.836672 1.379750 -5.724810
v 1.824436 1.513362 -5.712309
v 1.824436 1.513362 -6.093181
v 2.185027 1.379752 -6.080679
v 2.197264 1.513362 -6.093181
v 2.185027 1.379750 -5.724810
v 2.197264 1.513362 -5.712309
v 1.824436 1.445441 -5.712309
v 1.824436 1.445441 -6.093181
v 2.197264 1.445441 -6.093181
v 2.197264 1.445441 -5.712309
v 1.836672 1.443213 -6.080680
v 2.185027 1.443213 -6.080680
v 2.185027 1.443213 -5.724810
v 1.836672 1.443213 -5.724810
v -1.450137 0.498903 -5.743949
v -1.450137 2.734950 -5.743948
v -1.450137 0.498903 -6.061543
v -1.450137 2.734950 -6.061543
v -1.761025 0.498903 -5.743949
v -1.761025 2.734950 -5.743948
v -1.761025 0.498903 -6.061543
v -1.761025 2.734950 -6.061543
v -1.450137 1.377522 -5.743948
v -1.450137 1.513362 -5.743948
v -1.450137 1.377522 -6.061542
v -1.450137 1.513362 -6.061542
v -1.761025 1.377522 -5.743948
v -1.761025 1.513362 -5.743948
v -1.761025 1.377522 -6.061542
v -1.761025 1.513362 -6.061542
v -1.431403 1.379752 -6.080679
v -1.431403 1.379750 -5.724810
v -1.419167 1.513362 -5.712309
v -1.419167 1.513362 -6.093181
v -1.779758 1.379752 -6.080679
v -1.791995 1.513362 -6.093181
v -1.779758 1.379750 -5.724810
v -1.791995 1.513362 -5.712309
v -1.419167 1.445441 -5.712309
v -1.419167 1.445441 -6.093181
v -1.791995 1.445441 -6.093181
v -1.791995 1.445441 -5.712309
v -1.431403 1.443213 -6.080680
v -1.779758 1.443213 -6.080680
v -1.779758 1.443213 -5.724810
v -1.431403 1.443213 -5.724810
v -5.377455 0.498903 -5.743949
v -5.377455 2.734950 -5.743948
v -5.377455 0.498903 -6.061543
v -5.377455 2.734950 -6.061543
v -5.066568 0.498903 -5.743949
v -5.066568 2.734950 -5.743948
v -5.066568 0.498903 -6.061543
v -5.066568 2.734950 -6.061543
v -5.377455 1.377522 -5.743948
v -5.377455 1.513362 -5.743948
v -5.377455 1.377522 -6.061542
v -5.377455 1.513362 -6.061542
v -5.066568 1.377522 -5.743948
v -5.066568 1.513362 -5.743948
v -5.066568 1.377522 -6.061542
v -5.066568 1.513362 -6.061542
v -5.396189 1.379752 -6.080679
v -5.396189 1.379750 -5.724810
v -5.408426 1.513362 -5.712309
v -5.408426 1.513362 -6.093181
v -5.047834 1.379752 -6.080679
v -5.035598 1.513362 -6.093181
v -5.047834 1.379750 -5.724810
v -5.035598 1.513362 -5.712309
v -5.408426 1.445441 -5.712309
v -5.408426 1.445441 -6.093181
v -5.035598 1.445441 -6.093181
v -5.035598 1.445441 -5.712309
v -5.396189 1.443213 -6.080680
v -5.047834 1.443213 -6.080680
v -5.047834 1.443213 -5.724810
v -5.396189 1.443213 -5.724810
v -4.286768 6.434954 -0.568551
v -4.286768 6.552831 -0.568551
v -4.286768 6.434954 -0.609805
v -4.286768 6.552831 -0.609805
v -4.245515 6.434954 -0.568551
v -4.245515 6.552831 -0.568551
v -4.245515 6.434954 -0.609805
v -4.245515 6.552831 -0.609805
v -4.700983 6.434954 -0.568551
v -4.700983 6.552831 -0.568551
v -4.700983 6.434954 -0.609805
v -4.700983 6.552831 -0.609805
v -4.742236 6.434954 -0.568551
v -4.742236 6.552831 -0.568551
v -4.742236 6.434954 -0.609805
v -4.742236 6.552831 -0.609805
v -4.286768 6.434954 -0.944393
v -4.286768 6.552831 -0.944393
v -4.286768 6.434954 -0.903138
v -4.286768 6.552831 -0.903138
v -4.245515 6.434954 -0.944393
v -4.245515 6.552831 -0.944393
v -4.245515 6.434954 -0.903138
v -4.245515 6.552831 -0.903138
v -4.700983 6.434954 -0.944393
v -4.700983 6.552831 -0.944393
v -4.700983 6.434954 -0.903138
v -4.700983 6.552831 -0.903138
v -4.742236 6.434954 -0.944393
v -4.742236 6.552831 -0.944393
v -4.742236 6.434954 -0.903138
v -4.742236 6.552831 -0.903138
v 6.120225 5.244763 0.548394
v 6.120225 5.556566 0.738378
v 6.120225 5.245066 0.445338
v 6.120225 5.596881 0.659702
v 6.154616 5.244763 0.548394
v 6.154616 5.556566 0.738378
v 6.154616 5.245066 0.445338
v 6.154616 5.596881 0.659702
v 6.094167 5.050910 1.869281
v 6.094167 5.257352 1.436198
v 6.094167 5.050910 -1.146156
v 6.094167 5.257352 -0.713074
v 6.175678 5.050910 1.869281
v 6.175678 5.257352 1.436198
v 6.175678 5.050910 -1.146156
v 6.175678 5.257352 -0.713074
v 6.073010 4.976135 0.423295
v 6.073010 5.749712 0.423295
v 6.073010 4.976135 0.294474
v 6.073010 5.749712 0.294474
v 6.201831 4.976135 0.423295
v 6.201831 5.749712 0.423295
v 6.201831 4.976135 0.294474
v 6.201831 5.749712 0.294474
v 6.053373 4.935240 0.442931
v 6.053373 4.935240 0.274838
v 6.221467 4.935240 0.442931
v 6.221467 4.935240 0.274838
v 6.053373 4.976135 0.274838
v 6.053373 4.976135 0.442931
v 6.221467 4.976135 0.274838
v 6.221467 4.976135 0.442931
v 6.120225 5.244763 0.169375
v 6.120225 5.556566 -0.020609
v 6.120225 5.245066 0.272431
v 6.120225 5.596881 0.058067
v 6.154616 5.244763 0.169375
v 6.154616 5.556566 -0.020609
v 6.154616 5.245066 0.272431
v 6.154616 5.596881 0.058067
v -5.751458 5.244763 0.548394
v -5.751458 5.556566 0.738378
v -5.751458 5.245066 0.445338
v -5.751458 5.596881 0.659702
v -5.785849 5.244763 0.548394
v -5.785849 5.556566 0.738378
v -5.785849 5.245066 0.445338
v -5.785849 5.596881 0.659702
v -5.725399 5.050910 1.869281
v -5.725399 5.257352 1.436198
v -5.725399 5.050910 -1.146156
v -5.725399 5.257352 -0.713074
v -5.806910 5.050910 1.869281
v -5.806910 5.257352 1.436198
v -5.806910 5.050910 -1.146156
v -5.806910 5.257352 -0.713074
v -5.704243 4.976135 0.423295
v -5.704243 5.749712 0.423295
v -5.704243 4.976135 0.294474
v -5.704243 5.749712 0.294474
v -5.833064 4.976135 0.423295
v -5.833064 5.749712 0.423295
v -5.833064 4.976135 0.294474
v -5.833064 5.749712 0.294474
v -5.684606 4.935240 0.442931
v -5.684606 4.935240 0.274838
v -5.852700 4.935240 0.442931
v -5.852700 4.935240 0.274838
v -5.684606 4.976135 0.274838
v -5.684606 4.976135 0.442931
v -5.852700 4.976135 0.274838
v -5.852700 4.976135 0.442931
v -5.751458 5.244763 0.169375
v -5.751458 5.556566 -0.020609
v -5.751458 5.245066 0.272431
v -5.751458 5.596881 0.058067
v -5.785849 5.244763 0.169375
v -5.785849 5.556566 -0.020609
v -5.785849 5.245066 0.272431
v -5.785849 5.596881 0.058067
v -2.314313 0.498904 6.724472
v -2.314313 1.245291 6.724472
v -2.314313 0.498904 6.683944
v -2.314313 1.245291 6.683945
v -2.273785 0.498904 6.724472
v -2.273785 1.245291 6.724472
v -2.273785 0.498904 6.683944
v -2.273785 1.245291 6.683945
v -1.856352 0.498904 6.724472
v -1.856352 1.245291 6.724472
v -1.856352 0.498904 6.683944
v -1.856352 1.245291 6.683945
v -1.815825 0.498904 6.724472
v -1.815825 1.245291 6.724472
v -1.815825 0.498904 6.683944
v -1.815825 1.245291 6.683945
v -1.398392 0.498904 6.724472
v -1.398392 1.245291 6.724472
v -1.398392 0.498904 6.683944
v -1.398392 1.245291 6.683945
v -1.357864 0.498904 6.724472
v -1.357864 1.245291 6.724472
v -1.357864 0.498904 6.683944
v -1.357864 1.245291 6.683945
v -2.321481 0.600297 6.713593
v -1.351178 0.600298 6.713593
v -2.321481 0.600296 6.694822
v -1.351178 0.600297 6.694822
v -2.321481 0.559770 6.713593
v -1.351178 0.559770 6.713593
v -2.321481 0.559769 6.694822
v -1.351178 0.559769 6.694822
v -2.321481 0.706723 6.713594
v -1.351178 0.706723 6.713594
v -2.321481 0.706722 6.694822
v -1.351178 0.706722 6.694822
v -2.321481 0.666195 6.713593
v -1.351178 0.666196 6.713593
v -2.321481 0.666194 6.694822
v -1.351178 0.666195 6.694822
v -2.321481 0.828099 6.713594
v -1.351178 0.828099 6.713594
v -2.321481 0.828098 6.694822
v -1.351178 0.828098 6.694822
v -2.321481 0.787572 6.713594
v -1.351178 0.787572 6.713594
v -2.321481 0.787571 6.694822
v -1.351178 0.787571 6.694822
v -2.321481 0.949126 6.713594
v -1.351178 0.949126 6.713594
v -2.321481 0.949125 6.694822
v -1.351178 0.949125 6.694822
v -2.321481 0.908598 6.713594
v -1.351178 0.908599 6.713594
v -2.321481 0.908597 6.694822
v -1.351178 0.908598 6.694822
v -2.321481 1.055550 6.713594
v -1.351178 1.055552 6.713594
v -2.321481 1.055550 6.694822
v -1.351178 1.055552 6.694822
v -2.321481 1.015023 6.713594
v -1.351178 1.015023 6.713594
v -2.321481 1.015023 6.694822
v -1.351178 1.015023 6.694822
v -2.321481 1.176927 6.713594
v -1.351178 1.176927 6.713594
v -2.321481 1.176927 6.694822
v -1.351178 1.176927 6.694822
v -2.321481 1.136400 6.713594
v -1.351178 1.136400 6.713594
v -2.321481 1.136400 6.694822
v -1.351178 1.136400 6.694822
v 5.736954 0.498903 -3.748007
v 5.736954 1.245289 -3.748007
v 5.696427 0.498903 -3.748007
v 5.696427 1.245289 -3.748007
v 5.736954 0.498903 -3.788534
v 5.736954 1.245289 -3.788534
v 5.696427 0.498903 -3.788534
v 5.696427 1.245289 -3.788534
v 5.736954 0.498903 -4.396444
v 5.736954 1.245290 -4.396444
v 5.696427 0.498903 -4.396444
v 5.696427 1.245290 -4.396444
v 5.736954 0.498903 -4.436972
v 5.736954 1.245290 -4.436971
v 5.696427 0.498903 -4.436972
v 5.696427 1.245290 -4.436971
v 5.736954 0.498903 -5.044881
v 5.736954 1.245290 -5.044881
v 5.696427 0.498903 -5.044881
v 5.696427 1.245290 -5.044881
v 5.736954 0.498903 -5.085409
v 5.736954 1.245290 -5.085408
v 5.696427 0.498903 -5.085409
v 5.696427 1.245290 -5.085408
v 5.736954 0.498903 -5.693319
v 5.736954 1.245290 -5.693318
v 5.696427 0.498903 -5.693319
v 5.696427 1.245290 -5.693318
v 5.736954 0.498903 -5.733846
v 5.736954 1.245290 -5.733846
v 5.696427 0.498903 -5.733846
v 5.696427 1.245290 -5.733846
v -5.368187 0.498903 -3.748007
v -5.368187 1.245289 -3.748007
v -5.327660 0.498903 -3.748007
v -5.327660 1.245289 -3.748007
v -5.368187 0.498903 -3.788534
v -5.368187 1.245289 -3.788534
v -5.327660 0.498903 -3.788534
v -5.327660 1.245289 -3.788534
v -5.368187 0.498903 -4.396444
v -5.368187 1.245290 -4.396444
v -5.327660 0.498903 -4.396444
v -5.327660 1.245290 -4.396444
v -5.368187 0.498903 -4.436972
v -5.368187 1.245290 -4.436971
v -5.327660 0.498903 -4.436972
v -5.327660 1.245290 -4.436971
v -5.368187 0.498903 -5.044881
v -5.368187 1.245290 -5.044881
v -5.327660 0.498903 -5.044881
v -5.327660 1.245290 -5.044881
v -5.368187 0.498903 -5.085409
v -5.368187 1.245290 -5.085408
v -5.327660 0.498903 -5.085409
v -5.327660 1.245290 -5.085408
v -5.368187 0.498903 -5.693319
v -5.368187 1.245290 -5.693318
v -5.327660 0.498903 -5.693319
v -5.327660 1.245290 -5.693318
v -5.368187 0.498903 -5.733846
v -5.368187 1.245290 -5.733846
v -5.327660 0.498903 -5.733846
v -5.327660 1.245290 -5.733846
v 5.726078 0.600715 -3.740504
v 5.726078 0.600716 -5.741711
v 5.707305 0.600715 -3.740504
v 5.707305 0.600716 -5.741711
v 5.726078 0.560188 -3.740504
v 5.726078 0.560188 -5.741711
v 5.707305 0.560188 -3.740504
v 5.707305 0.560188 -5.741711
v 5.726078 0.715009 -3.740503
v 5.726078 0.715009 -5.741710
v 5.707305 0.715009 -3.740503
v 5.707305 0.715009 -5.741710
v 5.726078 0.674481 -3.740504
v 5.726078 0.674482 -5.741711
v 5.707305 0.674481 -3.740504
v 5.707305 0.674482 -5.741711
v 5.726078 0.832306 -3.740503
v 5.726078 0.832307 -5.741710
v 5.707305 0.832306 -3.740503
v 5.707305 0.832307 -5.741710
v 5.726078 0.791779 -3.740503
v 5.726078 0.791779 -5.741710
v 5.707305 0.791779 -3.740503
v 5.707305 0.791779 -5.741710
v -5.357307 0.600715 -3.740504
v -5.357307 0.600716 -5.741711
v -5.338535 0.600715 -3.740504
v -5.338535 0.600716 -5.741711
v -5.357307 0.560188 -3.740504
v -5.357307 0.560188 -5.741711
v -5.338535 0.560188 -3.740504
v -5.338535 0.560188 -5.741711
v -5.357307 0.715009 -3.740503
v -5.357307 0.715009 -5.741710
v -5.338535 0.715009 -3.740503
v -5.338535 0.715009 -5.741710
v -5.357307 0.674481 -3.740504
v -5.357307 0.674482 -5.741711
v -5.338535 0.674481 -3.740504
v -5.338535 0.674482 -5.741711
v -5.357307 0.832306 -3.740503
v -5.357307 0.832307 -5.741710
v -5.338535 0.832306 -3.740503
v -5.338535 0.832307 -5.741710
v -5.357307 0.791779 -3.740503
v -5.357307 0.791779 -5.741710
v -5.338535 0.791779 -3.740503
v -5.338535 0.791779 -5.741710
v 5.726078 0.940864 -3.740503
v 5.726078 0.940864 -5.741710
v 5.707305 0.940864 -3.740503
v 5.707305 0.940864 -5.741710
v 5.726078 0.900336 -3.740503
v 5.726078 0.900337 -5.741710
v 5.707305 0.900336 -3.740503
v 5.707305 0.900337 -5.741710
v 5.726078 1.055157 -3.740503
v 5.726078 1.055158 -5.741710
v 5.707305 1.055157 -3.740503
v 5.707305 1.055158 -5.741710
v 5.726078 1.014630 -3.740503
v 5.726078 1.014629 -5.741710
v 5.707305 1.014630 -3.740503
v 5.707305 1.014629 -5.741710
v 5.726078 1.172455 -3.740503
v 5.726078 1.172454 -5.741710
v 5.707305 1.172455 -3.740503
v 5.707305 1.172454 -5.741710
v 5.726078 1.131927 -3.740503
v 5.726078 1.131927 -5.741710
v 5.707305 1.131927 -3.740503
v 5.707305 1.131927 -5.741710
v -5.357307 0.940864 -3.740503
v -5.357307 0.940864 -5.741710
v -5.338535 0.940864 -3.740503
v -5.338535 0.940864 -5.741710
v -5.357307 0.900336 -3.740503
v -5.357307 0.900337 -5.741710
v -5.338535 0.900336 -3.740503
v -5.338535 0.900337 -5.741710
v -5.357307 1.055157 -3.740503
v -5.357307 1.055158 -5.741710
v -5.338535 1.055157 -3.740503
v -5.338535 1.055158 -5.741710
v -5.357307 1.014630 -3.740503
v -5.357307 1.014629 -5.741710
v -5.338535 1.014630 -3.740503
v -5.338535 1.014629 -5.741710
v -5.357307 1.172455 -3.740503
v -5.357307 1.172454 -5.741710
v -5.338535 1.172455 -3.740503
v -5.338535 1.172454 -5.741710
v -5.357307 1.131927 -3.740503
v -5.357307 1.131927 -5.741710
v -5.338535 1.131927 -3.740503
v -5.338535 1.131927 -5.741710
v 5.445387 0.600716 -6.022884
v 2.220649 0.600716 -6.022883
v 5.445387 0.600716 -6.004112
v 2.220649 0.600716 -6.004111
v 5.445387 0.560188 -6.022884
v 2.220649 0.560188 -6.022883
v 5.445387 0.560188 -6.004112
v 2.220649 0.560188 -6.004111
v 5.445387 0.716754 -6.022883
v 2.220649 0.716754 -6.022882
v 5.445387 0.716754 -6.004111
v 2.220649 0.716754 -6.004111
v 5.445387 0.676228 -6.022884
v 2.220649 0.676228 -6.022883
v 5.445387 0.676228 -6.004112
v 2.220649 0.676228 -6.004111
v 5.445387 0.831101 -6.022883
v 2.220649 0.831101 -6.022882
v 5.445387 0.831101 -6.004111
v 2.220649 0.831101 -6.004111
v 5.445387 0.790574 -6.022883
v 2.220649 0.790574 -6.022882
v 5.445387 0.790574 -6.004111
v 2.220649 0.790574 -6.004111
v -5.076617 0.600716 -6.022884
v -1.851880 0.600716 -6.022883
v -5.076617 0.600716 -6.004112
v -1.851880 0.600716 -6.004111
v -5.076617 0.560188 -6.022884
v -1.851880 0.560188 -6.022883
v -5.076617 0.560188 -6.004112
v -1.851880 0.560188 -6.004111
v -5.076617 0.716754 -6.022883
v -1.851880 0.716754 -6.022882
v -5.076617 0.716754 -6.004111
v -1.851880 0.716754 -6.004111
v -5.076617 0.676228 -6.022884
v -1.851880 0.676228 -6.022883
v -5.076617 0.676228 -6.004112
v -1.851880 0.676228 -6.004111
v -5.076617 0.831101 -6.022883
v -1.851880 0.831101 -6.022882
v -5.076617 0.831101 -6.004111
v -1.851880 0.831101 -6.004111
v -5.076617 0.790574 -6.022883
v -1.851880 0.790574 -6.022882
v -5.076617 0.790574 -6.004111
v -1.851880 0.790574 -6.004111
v 5.445387 0.939357 -6.022883
v 2.220649 0.939357 -6.022882
v 5.445387 0.939357 -6.004111
v 2.220649 0.939357 -6.004111
v 5.445387 0.898830 -6.022883
v 2.220649 0.898830 -6.022882
v 5.445387 0.898830 -6.004111
v 2.220649 0.898830 -6.004111
v 5.445387 1.055397 -6.022883
v 2.220649 1.055397 -6.022882
v 5.445387 1.055397 -6.004111
v 2.220649 1.055397 -6.004111
v 5.445387 1.014868 -6.022883
v 2.220649 1.014870 -6.022882
v 5.445387 1.014868 -6.004111
v 2.220649 1.014870 -6.004111
v 5.445387 1.169742 -6.022883
v 2.220649 1.169742 -6.022882
v 5.445387 1.169742 -6.004111
v 2.220649 1.169742 -6.004111
v 5.445387 1.129215 -6.022883
v 2.220649 1.129215 -6.022882
v 5.445387 1.129215 -6.004111
v 2.220649 1.129215 -6.004111
v -5.076617 0.939357 -6.022883
v -1.851880 0.939357 -6.022882
v -5.076617 0.939357 -6.004111
v -1.851880 0.939357 -6.004111
v -5.076617 0.898830 -6.022883
v -1.851880 0.898830 -6.022882
v -5.076617 0.898830 -6.004111
v -1.851880 0.898830 -6.004111
v -5.076617 1.055397 -6.022883
v -1.851880 1.055397 -6.022882
v -5.076617 1.055397 -6.004111
v -1.851880 1.055397 -6.004111
v -5.076617 1.014868 -6.022883
v -1.851880 1.014870 -6.022882
v -5.076617 1.014868 -6.004111
v -1.851880 1.014870 -6.004111
v -5.076617 1.169742 -6.022883
v -1.851880 1.169742 -6.022882
v -5.076617 1.169742 -6.004111
v -1.851880 1.169742 -6.004111
v -5.076617 1.129215 -6.022883
v -1.851880 1.129215 -6.022882
v -5.076617 1.129215 -6.004111
v -1.851880 1.129215 -6.004111
v 1.453811 1.226218 4.493906
v 1.453811 2.666882 4.493906
v 1.453811 1.226218 4.438735
v 1.453811 2.666882 4.438735
v 1.300556 1.072962 4.493906
v 1.300556 2.820138 4.493906
v 1.300556 1.072962 4.438735
v 1.300556 2.820138 4.438735
v 2.702489 1.226218 4.493906
v 2.702489 1.226218 4.438735
v 2.855744 1.072962 4.493906
v 2.855744 1.072962 4.438735
v 2.702489 2.666882 4.493906
v 2.702489 2.666882 4.438735
v 2.855744 2.820138 4.493906
v 2.855744 2.820138 4.438735
v 1.543629 2.596707 4.340652
v 1.543629 1.296393 4.340651
v 1.843771 1.296393 4.340651
v 1.843771 2.596707 4.340652
v 1.453811 2.666882 4.369838
v 1.453811 1.226218 4.369838
v 1.543629 2.596707 4.369838
v 1.543629 1.296393 4.369838
v 1.916621 2.666882 4.369838
v 1.843771 2.596707 4.369838
v 1.843771 1.296393 4.369838
v 1.916621 1.226218 4.369837
v 1.985465 1.296393 4.361846
v 1.985465 2.596707 4.361846
v 1.985465 1.296393 4.386577
v 1.916621 2.666882 4.386577
v 1.916621 1.226218 4.386577
v 1.985465 2.596707 4.386577
v 2.624689 1.296393 4.361846
v 2.624689 2.596707 4.361846
v 2.624689 1.296393 4.386577
v 2.624689 2.596707 4.386577
v 2.702489 2.666882 4.386577
v 2.702489 1.226218 4.386577
v 4.577521 1.226218 4.493906
v 4.577521 2.666882 4.493906
v 4.577521 1.226218 4.438735
v 4.577521 2.666882 4.438735
v 4.730776 1.072962 4.493906
v 4.730776 2.820138 4.493906
v 4.730776 1.072962 4.438735
v 4.730776 2.820138 4.438735
v 3.328843 1.226218 4.493906
v 3.328843 1.226218 4.438735
v 3.175588 1.072962 4.493906
v 3.175588 1.072962 4.438735
v 3.328843 2.666882 4.493906
v 3.328843 2.666882 4.438735
v 3.175588 2.820138 4.493906
v 3.175588 2.820138 4.438735
v 4.487703 2.596707 4.340652
v 4.487703 1.296393 4.340651
v 4.187562 1.296393 4.340651
v 4.187562 2.596707 4.340652
v 4.577521 2.666882 4.369838
v 4.577521 1.226218 4.369838
v 4.487703 2.596707 4.369838
v 4.487703 1.296393 4.369838
v 4.114711 2.666882 4.369838
v 4.187562 2.596707 4.369838
v 4.187562 1.296393 4.369838
v 4.114712 1.226218 4.369837
v 4.045867 1.296393 4.361846
v 4.045867 2.596707 4.361846
v 4.045867 1.296393 4.386577
v 4.114712 2.666882 4.386577
v 4.114712 1.226218 4.386577
v 4.045867 2.596707 4.386577
v 3.406644 1.296393 4.361846
v 3.406644 2.596707 4.361846
v 3.406644 1.296393 4.386577
v 3.406644 2.596707 4.386577
v 3.328843 2.666882 4.386577
v 3.328843 1.226218 4.386577
v 3.231681 1.672332 -3.608184
v 3.231681 2.596707 -3.608184
v 3.231681 1.672332 -3.632914
v 3.162836 2.666882 -3.632914
v 3.162836 1.602157 -3.632914
v 3.231681 2.596707 -3.632914
v 3.883632 1.672332 -3.608184
v 3.883632 2.596707 -3.608184
v 3.883632 1.672332 -3.632914
v 3.883632 2.596707 -3.632914
v 3.961433 2.666882 -3.632914
v 3.961433 1.602157 -3.632914
v -1.455830 1.672332 -3.608184
v -1.455830 2.596707 -3.608184
v -1.455830 1.672332 -3.632914
v -1.386985 2.666882 -3.632914
v -1.386985 1.602157 -3.632914
v -1.455830 2.596707 -3.632914
v -2.107781 1.672332 -3.608184
v -2.107781 2.596707 -3.608184
v -2.107781 1.672332 -3.632914
v -2.107781 2.596707 -3.632914
v -2.185581 2.666882 -3.632914
v -2.185581 1.602157 -3.632914
v 3.162837 1.602157 -3.781873
v 3.162837 2.666882 -3.781873
v 3.162837 1.602157 -3.726701
v 3.162837 2.666882 -3.726701
v 3.009581 1.448902 -3.781873
v 3.009581 2.820138 -3.781873
v 3.009581 1.448902 -3.726701
v 3.009581 2.820138 -3.726701
v 3.961433 1.602157 -3.781873
v 3.961433 1.602157 -3.726701
v 4.114687 1.448902 -3.781873
v 4.114687 1.448902 -3.726701
v 3.961433 2.666882 -3.781873
v 3.961433 2.666882 -3.726701
v 4.114687 2.820138 -3.781873
v 4.114687 2.820138 -3.726701
v -1.386984 1.602157 -3.781873
v -1.386984 2.666882 -3.781873
v -1.386984 1.602157 -3.726701
v -1.386984 2.666882 -3.726701
v -1.233729 1.448902 -3.781873
v -1.233729 2.820138 -3.781873
v -1.233729 1.448902 -3.726701
v -1.233729 2.820138 -3.726701
v -2.185580 1.602157 -3.781873
v -2.185580 1.602157 -3.726701
v -2.338835 1.448902 -3.781873
v -2.338835 1.448902 -3.726701
v -2.185580 2.666882 -3.781873
v -2.185580 2.666882 -3.726701
v -2.338835 2.820138 -3.781873
v -2.338835 2.820138 -3.726701
v -5.100432 2.528316 6.954068
v -5.100432 2.498600 6.954068
v -5.083622 2.528316 6.942837
v -5.083622 2.498600 6.942837
v -5.072390 2.528316 6.926027
v -5.072390 2.498600 6.926027
v -5.068447 2.528316 6.906199
v -5.068447 2.498600 6.906199
v -5.072390 2.528316 6.886372
v -5.072390 2.498600 6.886372
v -5.083622 2.528316 6.869564
v -5.083622 2.498600 6.869564
v -5.100432 2.528316 6.858329
v -5.100432 2.498600 6.858329
v -5.140089 2.528316 6.858330
v -5.140089 2.498600 6.858330
v -5.156897 2.528316 6.869562
v -5.156897 2.498600 6.869562
v -5.168128 2.528316 6.886370
v -5.168128 2.498600 6.886370
v -5.172073 2.528316 6.906197
v -5.172073 2.498600 6.906197
v -5.168128 2.528316 6.926026
v -5.168128 2.498600 6.926026
v -5.156897 2.528316 6.942837
v -5.156897 2.498600 6.942837
v -5.140089 2.528316 6.954068
v -5.140089 2.498600 6.954068
v -5.120261 2.528316 6.958013
v -5.120261 2.498600 6.958013
v -5.125032 2.528462 6.854702
v -5.115487 2.528462 6.854702
v -5.125032 2.498600 6.854702
v -5.115487 2.498600 6.854702
v -5.125032 2.528462 6.755989
v -5.125032 2.498600 6.755989
v -5.115486 2.528462 6.755989
v -5.115486 2.498600 6.755989
v -5.143859 2.491122 6.755989
v -5.143859 2.537829 6.755989
v -5.143859 2.491122 6.744515
v -5.143859 2.537829 6.744515
v -5.097152 2.491122 6.755989
v -5.097152 2.537829 6.755989
v -5.097152 2.491122 6.744515
v -5.097152 2.537829 6.744515
v 5.510806 2.528317 4.652373
v 5.510806 2.498600 4.652373
v 5.527616 2.528317 4.641143
v 5.527616 2.498600 4.641143
v 5.538848 2.528317 4.624332
v 5.538848 2.498600 4.624332
v 5.542790 2.528317 4.604505
v 5.542790 2.498600 4.604505
v 5.538848 2.528317 4.584678
v 5.538848 2.498600 4.584678
v 5.527616 2.528317 4.567869
v 5.527616 2.498600 4.567869
v 5.510806 2.528317 4.556634
v 5.510806 2.498600 4.556634
v 5.471149 2.528317 4.556635
v 5.471149 2.498600 4.556635
v 5.454341 2.528317 4.567867
v 5.454341 2.498600 4.567867
v 5.443109 2.528317 4.584676
v 5.443109 2.498600 4.584676
v 5.439165 2.528317 4.604503
v 5.439165 2.498600 4.604503
v 5.443109 2.528317 4.624331
v 5.443109 2.498600 4.624331
v 5.454341 2.528317 4.641143
v 5.454341 2.498600 4.641143
v 5.471149 2.528317 4.652373
v 5.471149 2.498600 4.652373
v 5.490977 2.528317 4.656318
v 5.490977 2.498600 4.656318
v 5.486205 2.528463 4.553007
v 5.495751 2.528463 4.553007
v 5.486205 2.498600 4.553007
v 5.495751 2.498600 4.553007
v 5.486205 2.528463 4.454295
v 5.486205 2.498600 4.454295
v 5.495752 2.528463 4.454295
v 5.495752 2.498600 4.454295
v 5.467379 2.491123 4.454295
v 5.467379 2.537829 4.454295
v 5.467379 2.491123 4.442821
v 5.467379 2.537829 4.442821
v 5.514086 2.491123 4.454295
v 5.514086 2.537829 4.454295
v 5.514086 2.491123 4.442821
v 5.514086 2.537829 4.442821
v -5.100432 1.594188 6.954068
v -5.100432 1.564471 6.954068
v -5.083622 1.594188 6.942837
v -5.083622 1.564471 6.942837
v -5.072390 1.594188 6.926027
v -5.072390 1.564471 6.926027
v -5.068447 1.594188 6.906199
v -5.068447 1.564471 6.906199
v -5.072390 1.594188 6.886372
v -5.072390 1.564471 6.886372
v -5.083622 1.594188 6.869564
v -5.083622 1.564471 6.869564
v -5.100432 1.594188 6.858329
v -5.100432 1.564471 6.858329
v -5.140089 1.594188 6.858330
v -5.140089 1.564471 6.858330
v -5.156897 1.594188 6.869562
v -5.156897 1.564471 6.869562
v -5.168128 1.594188 6.886370
v -5.168128 1.564471 6.886370
v -5.172073 1.594188 6.906197
v -5.172073 1.564471 6.906197
v -5.168128 1.594188 6.926026
v -5.168128 1.564471 6.926026
v -5.156897 1.594188 6.942837
v -5.156897 1.564471 6.942837
v -5.140089 1.594188 6.954068
v -5.140089 1.564471 6.954068
v -5.120261 1.594188 6.958013
v -5.120261 1.564471 6.958013
v -5.125032 1.594334 6.854702
v -5.115487 1.594334 6.854702
v -5.125032 1.564471 6.854702
v -5.115487 1.564471 6.854702
v -5.125032 1.594334 6.755989
v -5.125032 1.564471 6.755989
v -5.115486 1.594334 6.755989
v -5.115486 1.564471 6.755989
v -5.143859 1.556994 6.755989
v -5.143859 1.603701 6.755989
v -5.143859 1.556994 6.744515
v -5.143859 1.603701 6.744515
v -5.097152 1.556994 6.755989
v -5.097152 1.603701 6.755989
v -5.097152 1.556994 6.744515
v -5.097152 1.603701 6.744515
v 5.510806 1.594188 4.652373
v 5.510806 1.564472 4.652373
v 5.527616 1.594188 4.641143
v 5.527616 1.564472 4.641143
v 5.538848 1.594188 4.624332
v 5.538848 1.564472 4.624332
v 5.542790 1.594188 4.604505
v 5.542790 1.564472 4.604505
v 5.538848 1.594188 4.584678
v 5.538848 1.564472 4.584678
v 5.527616 1.594188 4.567869
v 5.527616 1.564472 4.567869
v 5.510806 1.594188 4.556634
v 5.510806 1.564472 4.556634
v 5.471149 1.594188 4.556635
v 5.471149 1.564472 4.556635
v 5.454341 1.594188 4.567867
v 5.454341 1.564472 4.567867
v 5.443109 1.594188 4.584676
v 5.443109 1.564472 4.584676
v 5.439165 1.594188 4.604503
v 5.439165 1.564472 4.604503
v 5.443109 1.594188 4.624331
v 5.443109 1.564472 4.624331
v 5.454341 1.594188 4.641143
v 5.454341 1.564472 4.641143
v 5.471149 1.594188 4.652373
v 5.471149 1.564472 4.652373
v 5.490977 1.594188 4.656318
v 5.490977 1.564472 4.656318
v 5.486205 1.594334 4.553007
v 5.495751 1.594334 4.553007
v 5.486205 1.564472 4.553007
v 5.495751 1.564472 4.553007
v 5.486205 1.594334 4.454295
v 5.486205 1.564472 4.454295
v 5.495752 1.594334 4.454295
v 5.495752 1.564472 4.454295
v 5.467379 1.556994 4.454295
v 5.467379 1.603700 4.454295
v 5.467379 1.556994 4.442821
v 5.467379 1.603700 4.442821
v 5.514086 1.556994 4.454295
v 5.514086 1.603700 4.454295
v 5.514086 1.556994 4.442821
v 5.514086 1.603700 4.442821
v -5.100432 0.660060 6.954067
v -5.100432 0.630343 6.954067
v -5.083622 0.660060 6.942837
v -5.083622 0.630343 6.942837
v -5.072390 0.660060 6.926026
v -5.072390 0.630343 6.926026
v -5.068447 0.660060 6.906199
v -5.068447 0.630343 6.906199
v -5.072390 0.660060 6.886371
v -5.072390 0.630343 6.886371
v -5.083622 0.660060 6.869563
v -5.083622 0.630343 6.869563
v -5.100432 0.660060 6.858328
v -5.100432 0.630343 6.858328
v -5.140089 0.660060 6.858329
v -5.140089 0.630343 6.858329
v -5.156897 0.660060 6.869561
v -5.156897 0.630343 6.869561
v -5.168128 0.660060 6.886370
v -5.168128 0.630343 6.886370
v -5.172073 0.660060 6.906197
v -5.172073 0.630343 6.906197
v -5.168128 0.660060 6.926025
v -5.168128 0.630343 6.926025
v -5.156897 0.660060 6.942837
v -5.156897 0.630343 6.942837
v -5.140089 0.660060 6.954067
v -5.140089 0.630343 6.954067
v -5.120261 0.660060 6.958012
v -5.120261 0.630343 6.958012
v -5.125032 0.660206 6.854701
v -5.115487 0.660206 6.854701
v -5.125032 0.630343 6.854701
v -5.115487 0.630343 6.854701
v -5.125032 0.660206 6.755989
v -5.125032 0.630343 6.755989
v -5.115486 0.660206 6.755989
v -5.115486 0.630343 6.755989
v -5.143859 0.622866 6.755989
v -5.143859 0.669572 6.755989
v -5.143859 0.622866 6.744514
v -5.143859 0.669572 6.744514
v -5.097152 0.622866 6.755989
v -5.097152 0.669572 6.755989
v -5.097152 0.622866 6.744514
v -5.097152 0.669572 6.744514
v 5.510806 0.660059 4.652373
v 5.510806 0.630343 4.652373
v 5.527616 0.660059 4.641142
v 5.527616 0.630343 4.641142
v 5.538848 0.660059 4.624332
v 5.538848 0.630343 4.624332
v 5.542790 0.660059 4.604505
v 5.542790 0.630343 4.604505
v 5.538848 0.660059 4.584677
v 5.538848 0.630343 4.584677
v 5.527616 0.660059 4.567868
v 5.527616 0.630343 4.567868
v 5.510806 0.660059 4.556634
v 5.510806 0.630343 4.556634
v 5.471149 0.660059 4.556635
v 5.471149 0.630343 4.556635
v 5.454341 0.660059 4.567866
v 5.454341 0.630343 4.567866
v 5.443109 0.660059 4.584675
v 5.443109 0.630343 4.584675
v 5.439165 0.660059 4.604503
v 5.439165 0.630343 4.604503
v 5.443109 0.660059 4.624331
v 5.443109 0.630343 4.624331
v 5.454341 0.660059 4.641142
v 5.454341 0.630343 4.641142
v 5.471149 0.660059 4.652373
v 5.471149 0.630343 4.652373
v 5.490977 0.660059 4.656317
v 5.490977 0.630343 4.656317
v 5.486205 0.660205 4.553007
v 5.495751 0.660205 4.553007
v 5.486205 0.630343 4.553007
v 5.495751 0.630343 4.553007
v 5.486205 0.660205 4.454294
v 5.486205 0.630343 4.454294
v 5.495752 0.660205 4.454294
v 5.495752 0.630343 4.454294
v 5.467379 0.622865 4.454294
v 5.467379 0.669571 4.454294
v 5.467379 0.622865 4.442820
v 5.467379 0.669571 4.442820
v 5.514086 0.622865 4.454294
v 5.514086 0.669571 4.454294
v 5.514086 0.622865 4.442820
v 5.514086 0.669571 4.442820
v -5.187419 2.605155 -6.715755
v -5.172903 2.605078 -6.680704
v -5.187421 2.605000 -6.645655
v -5.222468 2.604969 -6.631138
v -5.257519 2.605000 -6.645655
v -5.272038 2.605078 -6.680704
v -5.257519 2.605155 -6.715755
v -5.222468 2.605189 -6.730273
v -5.187419 2.413427 -6.714439
v -5.172903 2.421952 -6.680704
v -5.187419 2.430479 -6.646968
v -5.222468 2.434011 -6.632996
v -5.257519 2.430479 -6.646968
v -5.272038 2.421952 -6.680704
v -5.257519 2.413427 -6.714439
v -5.222468 2.409894 -6.728413
v -5.187419 2.352240 -6.675313
v -5.172902 2.372303 -6.648338
v -5.187419 2.392369 -6.621366
v -5.222469 2.400679 -6.610191
v -5.257519 2.392369 -6.621367
v -5.272038 2.372303 -6.648338
v -5.257519 2.352240 -6.675313
v -5.222468 2.343928 -6.686485
v -5.187421 2.198977 -6.253846
v -5.172902 2.219646 -6.227446
v -5.187419 2.240314 -6.201047
v -5.222468 2.248877 -6.190111
v -5.257519 2.240314 -6.201048
v -5.272038 2.219646 -6.227446
v -5.257519 2.198977 -6.253846
v -5.222468 2.190414 -6.264782
v -5.187419 2.166327 -6.230048
v -5.172902 2.174978 -6.196354
v -5.187419 2.183630 -6.162657
v -5.222468 2.187215 -6.148702
v -5.257519 2.183630 -6.162659
v -5.272038 2.174978 -6.196352
v -5.257519 2.166327 -6.230048
v -5.222468 2.162743 -6.244006
v -5.187419 0.374400 -6.231309
v -5.172902 0.372112 -6.196351
v -5.187419 0.369823 -6.161395
v -5.222469 0.368876 -6.146916
v -5.257519 0.369823 -6.161395
v -5.272038 0.372112 -6.196352
v -5.257519 0.374400 -6.231309
v -5.222468 0.375348 -6.245790
v -5.187419 0.256414 -6.237286
v -5.172902 0.242442 -6.205892
v -5.187419 0.228471 -6.174497
v -5.222468 0.222683 -6.161494
v -5.257519 0.228471 -6.174497
v -5.272038 0.242442 -6.205892
v -5.257519 0.256414 -6.237286
v -5.222468 0.262201 -6.250290
v -5.187419 0.199885 -6.275349
v -5.172902 0.182134 -6.246428
v -5.187419 0.164383 -6.217508
v -5.222468 0.157030 -6.205528
v -5.257519 0.164383 -6.217508
v -5.272038 0.182134 -6.246429
v -5.257519 0.199885 -6.275349
v -5.222468 0.207239 -6.287330
v -5.187419 0.142485 -6.335945
v -5.172901 0.121965 -6.309985
v -5.187419 0.101444 -6.284025
v -5.222468 0.092943 -6.273272
v -5.257519 0.101444 -6.284025
v -5.272038 0.121965 -6.309985
v -5.257519 0.142485 -6.335945
v -5.222468 0.150987 -6.346699
v 5.556188 2.605155 -6.715755
v 5.541671 2.605078 -6.680704
v 5.556190 2.605000 -6.645655
v 5.591237 2.604969 -6.631138
v 5.626288 2.605000 -6.645655
v 5.640806 2.605078 -6.680704
v 5.626288 2.605155 -6.715755
v 5.591237 2.605189 -6.730273
v 5.556188 2.413427 -6.714439
v 5.541671 2.421952 -6.680704
v 5.556188 2.430479 -6.646968
v 5.591237 2.434011 -6.632996
v 5.626288 2.430479 -6.646968
v 5.640806 2.421952 -6.680704
v 5.626288 2.413427 -6.714439
v 5.591237 2.409894 -6.728413
v 5.556188 2.352240 -6.675313
v 5.541671 2.372303 -6.648338
v 5.556188 2.392369 -6.621366
v 5.591238 2.400679 -6.610191
v 5.626288 2.392369 -6.621367
v 5.640807 2.372303 -6.648338
v 5.626288 2.352240 -6.675313
v 5.591237 2.343928 -6.686485
v 5.556190 2.198977 -6.253846
v 5.541671 2.219646 -6.227446
v 5.556188 2.240314 -6.201047
v 5.591237 2.248877 -6.190111
v 5.626288 2.240314 -6.201048
v 5.640807 2.219646 -6.227446
v 5.626288 2.198977 -6.253846
v 5.591237 2.190414 -6.264782
v 5.556188 2.166327 -6.230048
v 5.541671 2.174978 -6.196354
v 5.556188 2.183630 -6.162657
v 5.591237 2.187215 -6.148702
v 5.626288 2.183630 -6.162659
v 5.640806 2.174978 -6.196352
v 5.626288 2.166327 -6.230048
v 5.591237 2.162743 -6.244006
v 5.556188 0.374400 -6.231309
v 5.541671 0.372112 -6.196351
v 5.556188 0.369823 -6.161395
v 5.591238 0.368876 -6.146916
v 5.626287 0.369823 -6.161395
v 5.640806 0.372112 -6.196352
v 5.626287 0.374400 -6.231309
v 5.591237 0.375348 -6.245790
v 5.556188 0.256414 -6.237286
v 5.541671 0.242442 -6.205892
v 5.556188 0.228471 -6.174497
v 5.591237 0.222683 -6.161494
v 5.626287 0.228471 -6.174497
v 5.640806 0.242442 -6.205892
v 5.626288 0.256414 -6.237286
v 5.591237 0.262201 -6.250290
v 5.556188 0.199885 -6.275349
v 5.541671 0.182134 -6.246428
v 5.556188 0.164383 -6.217508
v 5.591237 0.157030 -6.205528
v 5.626287 0.164383 -6.217508
v 5.640806 0.182134 -6.246429
v 5.626288 0.199885 -6.275349
v 5.591237 0.207239 -6.287330
v 5.556188 0.142485 -6.335945
v 5.541670 0.121965 -6.309985
v 5.556188 0.101444 -6.284025
v 5.591237 0.092943 -6.273272
v 5.626287 0.101444 -6.284025
v 5.640806 0.121965 -6.309985
v 5.626287 0.142485 -6.335945
v 5.591237 0.150987 -6.346699
v -5.203229 2.092951 -6.245173
v -5.203229 2.063235 -6.245173
v -5.186419 2.092951 -6.233942
v -5.186419 2.063235 -6.233942
v -5.175188 2.092951 -6.217132
v -5.175188 2.063235 -6.217132
v -5.171244 2.092951 -6.197304
v -5.171244 2.063235 -6.197304
v -5.175188 2.092951 -6.177477
v -5.175188 2.063235 -6.177477
v -5.186419 2.092951 -6.160667
v -5.186419 2.063235 -6.160667
v -5.203229 2.092951 -6.149434
v -5.203229 2.063235 -6.149434
v -5.242886 2.092951 -6.149435
v -5.242886 2.063235 -6.149435
v -5.259695 2.092951 -6.160666
v -5.259695 2.063235 -6.160666
v -5.270926 2.092951 -6.177475
v -5.270926 2.063235 -6.177475
v -5.274870 2.092951 -6.197302
v -5.274870 2.063235 -6.197302
v -5.270926 2.092951 -6.217131
v -5.270926 2.063235 -6.217131
v -5.259695 2.092951 -6.233942
v -5.259695 2.063235 -6.233942
v -5.242886 2.092951 -6.245173
v -5.242886 2.063235 -6.245173
v -5.223058 2.092951 -6.249117
v -5.223058 2.063235 -6.249117
v -5.227830 2.093096 -6.145807
v -5.218284 2.093096 -6.145807
v -5.227830 2.063235 -6.145807
v -5.218284 2.063235 -6.145807
v -5.227830 2.093096 -6.073014
v -5.227830 2.063235 -6.073014
v -5.218283 2.093096 -6.073014
v -5.218283 2.063235 -6.073014
v -5.246656 2.055757 -6.073015
v -5.246656 2.102463 -6.073015
v -5.246656 2.055757 -6.061541
v -5.246656 2.102463 -6.061541
v -5.199950 2.055757 -6.073015
v -5.199950 2.102463 -6.073015
v -5.199950 2.055757 -6.061541
v -5.199950 2.102463 -6.061541
v -5.203229 0.612351 -6.245173
v -5.203229 0.582635 -6.245173
v -5.186419 0.612351 -6.233943
v -5.186419 0.582635 -6.233943
v -5.175188 0.612351 -6.217133
v -5.175188 0.582635 -6.217133
v -5.171244 0.612351 -6.197304
v -5.171244 0.582635 -6.197304
v -5.175188 0.612351 -6.177477
v -5.175188 0.582635 -6.177477
v -5.186419 0.612351 -6.160668
v -5.186419 0.582635 -6.160668
v -5.203229 0.612351 -6.149434
v -5.203229 0.582635 -6.149434
v -5.242886 0.612351 -6.149435
v -5.242886 0.582635 -6.149435
v -5.259695 0.612351 -6.160666
v -5.259695 0.582635 -6.160666
v -5.270926 0.612351 -6.177475
v -5.270926 0.582635 -6.177475
v -5.274870 0.612351 -6.197303
v -5.274870 0.582635 -6.197303
v -5.270926 0.612351 -6.217131
v -5.270926 0.582635 -6.217131
v -5.259695 0.612351 -6.233943
v -5.259695 0.582635 -6.233943
v -5.242886 0.612351 -6.245173
v -5.242886 0.582635 -6.245173
v -5.223058 0.612351 -6.249118
v -5.223058 0.582635 -6.249118
v -5.227830 0.612496 -6.145807
v -5.218284 0.612496 -6.145807
v -5.227830 0.582635 -6.145807
v -5.218284 0.582635 -6.145807
v -5.227830 0.612496 -6.073015
v -5.227830 0.582635 -6.073015
v -5.218283 0.612496 -6.073015
v -5.218283 0.582635 -6.073015
v -5.246656 0.575157 -6.073016
v -5.246656 0.621864 -6.073016
v -5.246656 0.575157 -6.061542
v -5.246656 0.621864 -6.061542
v -5.199950 0.575157 -6.073016
v -5.199950 0.621864 -6.073016
v -5.199950 0.575157 -6.061542
v -5.199950 0.621864 -6.061542
v 5.571998 2.092951 -6.245173
v 5.571998 2.063235 -6.245173
v 5.555188 2.092951 -6.233942
v 5.555188 2.063235 -6.233942
v 5.543956 2.092951 -6.217132
v 5.543956 2.063235 -6.217132
v 5.540013 2.092951 -6.197304
v 5.540013 2.063235 -6.197304
v 5.543956 2.092951 -6.177477
v 5.543956 2.063235 -6.177477
v 5.555188 2.092951 -6.160667
v 5.555188 2.063235 -6.160667
v 5.571998 2.092951 -6.149434
v 5.571998 2.063235 -6.149434
v 5.611655 2.092951 -6.149435
v 5.611655 2.063235 -6.149435
v 5.628463 2.092951 -6.160666
v 5.628463 2.063235 -6.160666
v 5.639695 2.092951 -6.177475
v 5.639695 2.063235 -6.177475
v 5.643639 2.092951 -6.197302
v 5.643639 2.063235 -6.197302
v 5.639695 2.092951 -6.217131
v 5.639695 2.063235 -6.217131
v 5.628463 2.092951 -6.233942
v 5.628463 2.063235 -6.233942
v 5.611655 2.092951 -6.245173
v 5.611655 2.063235 -6.245173
v 5.591827 2.092951 -6.249117
v 5.591827 2.063235 -6.249117
v 5.596599 2.093096 -6.145807
v 5.587053 2.093096 -6.145807
v 5.596599 2.063235 -6.145807
v 5.587053 2.063235 -6.145807
v 5.596599 2.093096 -6.073014
v 5.596599 2.063235 -6.073014
v 5.587052 2.093096 -6.073014
v 5.587052 2.063235 -6.073014
v 5.615425 2.055757 -6.073015
v 5.615425 2.102463 -6.073015
v 5.615425 2.055757 -6.061541
v 5.615425 2.102463 -6.061541
v 5.568718 2.055757 -6.073015
v 5.568718 2.102463 -6.073015
v 5.568718 2.055757 -6.061541
v 5.568718 2.102463 -6.061541
v 5.571998 0.612351 -6.245173
v 5.571998 0.582635 -6.245173
v 5.555188 0.612351 -6.233943
v 5.555188 0.582635 -6.233943
v 5.543956 0.612351 -6.217133
v 5.543956 0.582635 -6.217133
v 5.540013 0.612351 -6.197304
v 5.540013 0.582635 -6.197304
v 5.543956 0.612351 -6.177477
v 5.543956 0.582635 -6.177477
v 5.555188 0.612351 -6.160668
v 5.555188 0.582635 -6.160668
v 5.571998 0.612351 -6.149434
v 5.571998 0.582635 -6.149434
v 5.611655 0.612351 -6.149435
v 5.611655 0.582635 -6.149435
v 5.628463 0.612351 -6.160666
v 5.628463 0.582635 -6.160666
v 5.639695 0.612351 -6.177475
v 5.639695 0.582635 -6.177475
v 5.643639 0.612351 -6.197303
v 5.643639 0.582635 -6.197303
v 5.639695 0.612351 -6.217131
v 5.639695 0.582635 -6.217131
v 5.628463 0.612351 -6.233943
v 5.628463 0.582635 -6.233943
v 5.611655 0.612351 -6.245173
v 5.611655 0.582635 -6.245173
v 5.591827 0.612351 -6.249118
v 5.591827 0.582635 -6.249118
v 5.596599 0.612496 -6.145807
v 5.587053 0.612496 -6.145807
v 5.596599 0.582635 -6.145807
v 5.587053 0.582635 -6.145807
v 5.596599 0.612496 -6.073015
v 5.596599 0.582635 -6.073015
v 5.587052 0.612496 -6.073015
v 5.587052 0.582635 -6.073015
v 5.615425 0.575157 -6.073016
v 5.615425 0.621864 -6.073016
v 5.615425 0.575157 -6.061542
v 5.615425 0.621864 -6.061542
v 5.568718 0.575157 -6.073016
v 5.568718 0.621864 -6.073016
v 5.568718 0.575157 -6.061542
v 5.568718 0.621864 -6.061542
v 6.199548 4.198839 4.180461
v 6.187302 4.374690 4.283587
v 6.199548 4.374690 4.283587
v 6.187302 4.198839 4.180461
v 6.187302 4.156839 4.269547
v 6.187303 4.389955 4.325977
v 6.199548 4.012088 4.590151
v 6.199548 4.156839 4.269547
v 6.187303 4.057257 4.598488
v 6.199548 4.057257 4.598488
v 6.199548 4.389955 4.325977
v 6.187303 4.012088 4.590151
v 5.365570 4.198839 4.180461
v 5.353324 4.374690 4.283587
v 5.365570 4.374690 4.283587
v 5.353324 4.198839 4.180461
v 5.353324 4.156839 4.269547
v 5.353325 4.389955 4.325977
v 5.365570 4.012088 4.590151
v 5.365570 4.156839 4.269547
v 5.353325 4.057257 4.598488
v 5.365570 4.057257 4.598488
v 5.365570 4.389955 4.325977
v 5.353325 4.012088 4.590151
v 4.531592 4.198839 4.180461
v 4.519346 4.374690 4.283587
v 4.531592 4.374690 4.283587
v 4.519346 4.198839 4.180461
v 4.519346 4.156839 4.269547
v 4.519347 4.389955 4.325977
v 4.531592 4.012088 4.590151
v 4.531592 4.156839 4.269547
v 4.519347 4.057257 4.598488
v 4.531592 4.057257 4.598488
v 4.531592 4.389955 4.325977
v 4.519347 4.012088 4.590151
v 3.697615 4.198839 4.180461
v 3.685368 4.374690 4.283587
v 3.697615 4.374690 4.283587
v 3.685368 4.198839 4.180461
v 3.685368 4.156839 4.269547
v 3.685370 4.389955 4.325977
v 3.697615 4.012088 4.590151
v 3.697615 4.156839 4.269547
v 3.685370 4.057257 4.598488
v 3.697615 4.057257 4.598488
v 3.697615 4.389955 4.325977
v 3.685370 4.012088 4.590151
v 2.863637 4.198839 4.180461
v 2.851391 4.374690 4.283587
v 2.863637 4.374690 4.283587
v 2.851391 4.198839 4.180461
v 2.851391 4.156839 4.269547
v 2.851392 4.389955 4.325977
v 2.863637 4.012088 4.590151
v 2.863637 4.156839 4.269547
v 2.851392 4.057257 4.598488
v 2.863637 4.057257 4.598488
v 2.863637 4.389955 4.325977
v 2.851392 4.012088 4.590151
v 2.029660 4.198839 4.180461
v 2.017413 4.374690 4.283587
v 2.029660 4.374690 4.283587
v 2.017413 4.198839 4.180461
v 2.017413 4.156839 4.269547
v 2.017414 4.389955 4.325977
v 2.029660 4.012088 4.590151
v 2.029660 4.156839 4.269547
v 2.017414 4.057257 4.598488
v 2.029660 4.057257 4.598488
v 2.029660 4.389955 4.325977
v 2.017414 4.012088 4.590151
v 1.195682 4.198839 4.180461
v 1.183435 4.374690 4.283587
v 1.195682 4.374690 4.283587
v 1.183435 4.198839 4.180461
v 1.183435 4.156839 4.269547
v 1.183436 4.389955 4.325977
v 1.195682 4.012088 4.590151
v 1.195682 4.156839 4.269547
v 1.183436 4.057257 4.598488
v 1.195682 4.057257 4.598488
v 1.195682 4.389955 4.325977
v 1.183436 4.012088 4.590151
v 0.361704 4.198839 4.180461
v 0.349458 4.374690 4.283587
v 0.361704 4.374690 4.283587
v 0.349458 4.198839 4.180461
v 0.349458 4.156839 4.269547
v 0.349459 4.389955 4.325977
v 0.361704 4.012088 4.590151
v 0.361704 4.156839 4.269547
v 0.349459 4.057257 4.598488
v 0.361704 4.057257 4.598488
v 0.361704 4.389955 4.325977
v 0.349459 4.012088 4.590151
v -0.472274 4.198839 4.180461
v -0.484520 4.374690 4.283587
v -0.472274 4.374690 4.283587
v -0.484520 4.198839 4.180461
v -0.484520 4.156839 4.269547
v -0.484519 4.389955 4.325977
v -0.472274 4.012088 4.590151
v -0.472274 4.156839 4.269547
v -0.484519 4.057257 4.598488
v -0.472274 4.057257 4.598488
v -0.472274 4.389955 4.325977
v -0.484519 4.012088 4.590151
v 6.395745 5.941857 0.212555
v -6.026976 5.941857 0.212555
v 6.395745 6.008574 0.356016
v -6.026976 6.008574 0.356016
v 6.395745 5.941857 0.499477
v -6.026976 5.941857 0.499477
v 6.399222 3.804442 5.055840
v 6.320721 3.804442 5.055840
v 6.399222 3.719712 5.055840
v -6.030454 3.804442 5.055840
v -5.951953 3.804442 5.055840
v -6.030454 3.719712 5.055840
v 6.399222 3.804443 -4.343810
v 6.399222 6.010607 0.356016
v 6.320721 3.804443 -4.343810
v 6.320721 6.010607 0.356016
v 6.399222 3.719712 -4.343810
v 6.399222 5.925876 0.356016
v -6.030454 3.804443 -4.343810
v -6.030454 6.010607 0.356016
v -5.951953 3.804443 -4.343810
v -5.951953 6.010607 0.356016
v -6.030454 3.719712 -4.343810
v -6.030454 5.925876 0.356016
v -0.601532 3.807749 5.063735
v -0.601532 3.210726 7.381158
v -0.672481 3.807749 5.063735
v -0.672481 3.210726 7.381158
v -0.601532 3.719712 5.063735
v -0.601532 3.122690 7.381159
v -6.032191 3.807749 5.063735
v -6.032191 3.210726 7.381158
v -5.961242 3.807749 5.063735
v -5.961242 3.210726 7.381158
v -6.032191 3.719712 5.063735
v -6.032191 3.122690 7.381159
v 6.395745 3.805546 -4.346721
v -6.026977 3.805546 -4.346721
v 6.395745 3.838638 -4.276567
v -6.026977 3.838638 -4.276567
v 6.395745 3.719712 -4.346721
v -6.026977 3.719712 -4.346721
v -4.815289 5.362658 -1.035386
v -4.815289 5.629747 -0.477556
v -4.172463 5.362658 -1.035386
v -4.172463 5.629747 -0.477556
v -4.236103 5.603306 -0.532781
v -4.236103 5.389100 -0.980161
v -4.751649 5.603306 -0.532781
v -4.751649 5.389100 -0.980161
v -4.236103 5.680823 -0.532781
v -4.236103 5.466617 -0.980161
v -4.751649 5.680823 -0.532781
v -4.751649 5.466617 -0.980161
v -1.350496 4.252923 -3.399154
v -1.345977 4.717290 -2.407084
v -0.826638 4.252923 -3.399154
v -0.831156 4.717290 -2.407084
v -0.876973 4.676323 -2.494606
v -0.876973 4.297929 -3.303000
v -1.300160 4.676323 -2.494606
v -1.300160 4.297929 -3.303000
v -0.876973 4.772285 -2.494606
v -0.876973 4.393891 -3.303000
v -1.300160 4.772285 -2.494606
v -1.300160 4.393891 -3.303000
v 6.395745 2.759444 -6.564803
v -6.026977 2.759444 -6.564803
v 6.395745 2.776823 -6.502335
v -6.026977 2.776823 -6.502335
v 6.395745 2.687267 -6.564803
v -6.026977 2.687267 -6.564803
v 6.395745 3.805546 5.058753
v -0.606749 3.805546 5.058753
v 6.395745 3.840241 4.985197
v -0.606749 3.840241 4.985197
v 6.395745 3.719712 5.058753
v -0.606749 3.719712 5.058753
v -6.026977 3.213181 7.384653
v -0.606749 3.213181 7.384653
v -6.026977 3.236333 7.296155
v -0.606749 3.236333 7.296155
v -6.026977 3.122689 7.384653
v -0.606749 3.122689 7.384653
v -5.417652 3.531698 5.027727
v -5.417652 3.453817 5.027727
v -5.480039 3.531698 5.027727
v -5.417652 3.806087 -3.730788
v -5.417652 5.723269 0.356017
v -5.417652 3.728208 -3.730788
v -5.417652 5.645390 0.356017
v -5.480039 3.806087 -3.730788
v -5.480039 5.723269 0.356017
v 5.782725 3.525581 -3.734495
v -5.413955 3.525581 -3.734495
v 5.782725 3.506143 -3.808455
v -5.413955 3.506143 -3.808455
v 5.782725 3.601859 -3.734495
v -5.413955 3.601859 -3.734495
v 6.403256 3.524806 -3.730787
v 6.403256 2.758580 -6.561447
v 6.323390 3.524806 -3.730787
v 6.323390 2.758580 -6.561447
v 6.403256 3.453490 -3.730787
v 6.403256 2.687264 -6.561447
v 6.395745 3.526788 -3.729664
v 5.782724 3.526788 -3.729664
v 6.395745 3.453490 -3.729664
v 5.782724 3.453490 -3.729664
v 6.395745 3.507971 -3.801257
v 5.782724 3.507971 -3.801257
v -6.034488 3.524806 -3.730787
v -6.034488 2.758580 -6.561447
v -5.954622 3.524806 -3.730787
v -5.954622 2.758580 -6.561447
v -6.034488 3.453490 -3.730787
v -6.034488 2.687264 -6.561447
v -6.026976 3.526788 -3.729664
v -5.413955 3.526788 -3.729664
v -6.026976 3.453490 -3.729664
v -5.413955 3.453490 -3.729664
v -6.026976 3.507971 -3.801257
v -5.413955 3.507971 -3.801257
v 5.786421 3.806085 4.442821
v 5.786421 3.728206 4.442821
v 5.848807 3.806085 4.442821
v 5.786421 3.806087 -3.730789
v 5.786421 5.723269 0.356016
v 5.786421 3.728207 -3.730789
v 5.786421 5.645390 0.356016
v 5.848807 3.806087 -3.730789
v 5.848807 5.723269 0.356016
v -5.460520 0.147642 1.064040
v -5.460520 0.208840 1.064040
v -5.460520 0.147642 -0.352009
v -5.460520 0.208841 -0.352009
v -5.435487 0.147642 1.064040
v -5.435487 0.208840 1.064040
v -5.435487 0.147642 -0.352009
v -5.435487 0.208841 -0.352009
v -5.460520 0.328221 1.064040
v -5.460520 0.389420 1.064040
v -5.460520 0.328221 -0.352009
v -5.460520 0.389420 -0.352009
v -5.435487 0.328221 1.064040
v -5.435487 0.389420 1.064040
v -5.435487 0.328221 -0.352009
v -5.435487 0.389420 -0.352009
v -5.460520 0.519423 1.064040
v -5.460520 0.580622 1.064040
v -5.460520 0.519423 -0.352008
v -5.460520 0.580622 -0.352008
v -5.435487 0.519423 1.064040
v -5.435487 0.580622 1.064040
v -5.435487 0.519423 -0.352008
v -5.435487 0.580622 -0.352008
v -5.460520 0.710516 1.064040
v -5.460520 0.771715 1.064040
v -5.460520 0.710516 -0.352008
v -5.460520 0.771715 -0.352008
v -5.435487 0.710516 1.064040
v -5.435487 0.771715 1.064040
v -5.435487 0.710516 -0.352008
v -5.435487 0.771715 -0.352008
v -5.460520 0.891096 1.064040
v -5.460520 0.952294 1.064040
v -5.460520 0.891096 -0.352008
v -5.460520 0.952295 -0.352008
v -5.435487 0.891096 1.064040
v -5.435487 0.952294 1.064040
v -5.435487 0.891096 -0.352008
v -5.435487 0.952295 -0.352008
v -5.460520 1.082297 1.064040
v -5.460520 1.143496 1.064040
v -5.460520 1.082297 -0.352008
v -5.460520 1.143496 -0.352008
v -5.435487 1.082297 1.064040
v -5.435487 1.143496 1.064040
v -5.435487 1.082297 -0.352008
v -5.435487 1.143496 -0.352008
v -5.460520 1.273390 1.064040
v -5.460520 1.334589 1.064040
v -5.460520 1.273390 -0.352008
v -5.460520 1.334589 -0.352008
v -5.435487 1.273390 1.064040
v -5.435487 1.334589 1.064040
v -5.435487 1.273390 -0.352008
v -5.435487 1.334589 -0.352008
v -5.460520 1.453970 1.064040
v -5.460520 1.515169 1.064040
v -5.460520 1.453970 -0.352008
v -5.460520 1.515169 -0.352008
v -5.435487 1.453970 1.064040
v -5.435487 1.515169 1.064040
v -5.435487 1.453970 -0.352008
v -5.435487 1.515169 -0.352008
v -5.460520 1.645172 1.064040
v -5.460520 1.706370 1.064040
v -5.460520 1.645172 -0.352008
v -5.460520 1.706371 -0.352008
v -5.435487 1.645172 1.064040
v -5.435487 1.706370 1.064040
v -5.435487 1.645172 -0.352008
v -5.435487 1.706371 -0.352008
v -5.460520 1.836264 1.064040
v -5.460520 1.897463 1.064040
v -5.460520 1.836265 -0.352008
v -5.460520 1.897463 -0.352008
v -5.435487 1.836264 1.064040
v -5.435487 1.897463 1.064040
v -5.435487 1.836265 -0.352008
v -5.435487 1.897463 -0.352008
v -5.460520 2.016844 1.064041
v -5.460520 2.078043 1.064041
v -5.460520 2.016845 -0.352008
v -5.460520 2.078043 -0.352008
v -5.435487 2.016844 1.064041
v -5.435487 2.078043 1.064041
v -5.435487 2.016845 -0.352008
v -5.435487 2.078043 -0.352008
v -5.460520 2.208046 1.064041
v -5.460520 2.269245 1.064041
v -5.460520 2.208046 -0.352008
v -5.460520 2.269245 -0.352008
v -5.435487 2.208046 1.064041
v -5.435487 2.269245 1.064041
v -5.435487 2.208046 -0.352008
v -5.435487 2.269245 -0.352008
v -5.460520 2.399139 1.064041
v -5.460520 2.460338 1.064041
v -5.460520 2.399139 -0.352008
v -5.460520 2.460338 -0.352008
v -5.435487 2.399139 1.064041
v -5.435487 2.460338 1.064041
v -5.435487 2.399139 -0.352008
v -5.435487 2.460338 -0.352008
v -5.460520 2.579718 1.064041
v -5.460520 2.640918 1.064041
v -5.460520 2.579719 -0.352008
v -5.460520 2.640918 -0.352008
v -5.435487 2.579718 1.064041
v -5.435487 2.640918 1.064041
v -5.435487 2.579719 -0.352008
v -5.435487 2.640918 -0.352008
v -5.460520 2.770920 1.064041
v -5.460520 2.832119 1.064041
v -5.460520 2.770921 -0.352008
v -5.460520 2.832119 -0.352008
v -5.435487 2.770920 1.064041
v -5.435487 2.832119 1.064041
v -5.435487 2.770921 -0.352008
v -5.435487 2.832119 -0.352008
v -5.460520 2.962013 1.064041
v -5.460520 3.023212 1.064041
v -5.460520 2.962013 -0.352008
v -5.460520 3.023212 -0.352008
v -5.435487 2.962013 1.064041
v -5.435487 3.023212 1.064041
v -5.435487 2.962013 -0.352008
v -5.435487 3.023212 -0.352008
v -5.460520 3.142593 1.064041
v -5.460520 3.203792 1.064041
v -5.460520 3.142593 -0.352008
v -5.460520 3.203792 -0.352008
v -5.435487 3.142593 1.064041
v -5.435487 3.203792 1.064041
v -5.435487 3.142593 -0.352008
v -5.435487 3.203792 -0.352008
v -5.460520 3.333795 1.064041
v -5.460520 3.394994 1.064041
v -5.460520 3.333795 -0.352008
v -5.460520 3.394994 -0.352008
v -5.435487 3.333795 1.064041
v -5.435487 3.394994 1.064041
v -5.435487 3.333795 -0.352008
v -5.435487 3.394994 -0.352008
v -5.460520 3.524887 1.064041
v -5.460520 3.586086 1.064041
v -5.460520 3.524888 -0.352008
v -5.460520 3.586087 -0.352008
v -5.435487 3.524887 1.064041
v -5.435487 3.586086 1.064041
v -5.435487 3.524888 -0.352008
v -5.435487 3.586087 -0.352008
v -5.460520 3.705467 1.064041
v -5.460520 3.766666 1.064041
v -5.460520 3.705467 -0.352008
v -5.460520 3.766666 -0.352008
v -5.435487 3.705467 1.064041
v -5.435487 3.766666 1.064041
v -5.435487 3.705467 -0.352008
v -5.435487 3.766666 -0.352008
v -5.460520 3.896669 1.064041
v -5.460520 3.957868 1.064041
v -5.460520 3.896669 -0.352008
v -5.460520 3.957868 -0.352008
v -5.435487 3.896669 1.064041
v -5.435487 3.957868 1.064041
v -5.435487 3.896669 -0.352008
v -5.435487 3.957868 -0.352008
v -5.460520 4.087762 1.064041
v -5.460520 4.148961 1.064041
v -5.460520 4.087762 -0.352008
v -5.460520 4.148961 -0.352008
v -5.435487 4.087762 1.064041
v -5.435487 4.148961 1.064041
v -5.435487 4.087762 -0.352008
v -5.435487 4.148961 -0.352008
v -5.460520 4.268342 1.064041
v -5.460520 4.329541 1.064041
v -5.460520 4.268342 -0.352008
v -5.460520 4.329541 -0.352008
v -5.435487 4.268342 1.064041
v -5.435487 4.329541 1.064041
v -5.435487 4.268342 -0.352008
v -5.435487 4.329541 -0.352008
v -5.460520 4.459543 1.064041
v -5.460520 4.520743 1.064041
v -5.460520 4.459543 -0.352008
v -5.460520 4.520743 -0.352008
v -5.435487 4.459543 1.064041
v -5.435487 4.520743 1.064041
v -5.435487 4.459543 -0.352008
v -5.435487 4.520743 -0.352008
v -5.460520 4.650636 1.064041
v -5.460520 4.711834 1.064041
v -5.460520 4.650636 -0.352008
v -5.460520 4.711834 -0.352008
v -5.435487 4.650636 1.064041
v -5.435487 4.711834 1.064041
v -5.435487 4.650636 -0.352008
v -5.435487 4.711834 -0.352008
v -5.460520 4.831215 1.064041
v -5.460520 4.892415 1.064041
v -5.460520 4.831215 -0.352008
v -5.460520 4.892415 -0.352008
v -5.435487 4.831215 1.064041
v -5.435487 4.892415 1.064041
v -5.435487 4.831215 -0.352008
v -5.435487 4.892415 -0.352008
v -5.460520 5.022418 1.064041
v -5.460520 5.083617 1.064041
v -5.460520 5.022418 -0.352008
v -5.460520 5.083617 -0.352008
v -5.435487 5.022418 1.064041
v -5.435487 5.083617 1.064041
v -5.435487 5.022418 -0.352008
v -5.435487 5.083617 -0.352008
v -5.460520 5.213511 1.064041
v -5.460520 5.274709 1.064041
v -5.460520 5.213511 -0.352008
v -5.460520 5.274709 -0.352008
v -5.435487 5.213511 1.064041
v -5.435487 5.274709 1.064041
v -5.435487 5.213511 -0.352008
v -5.435487 5.274709 -0.352008
v -5.460520 5.394090 1.064041
v -5.460520 5.455288 1.064041
v -5.460520 5.394090 -0.352008
v -5.460520 5.455288 -0.352008
v -5.435487 5.394090 1.064041
v -5.435487 5.455288 1.064041
v -5.435487 5.394090 -0.352008
v -5.435487 5.455288 -0.352008
v -5.460520 5.585292 1.064041
v -5.460520 5.646491 1.064041
v -5.460520 5.585292 -0.352008
v -5.460520 5.646491 -0.352008
v -5.435487 5.585292 1.064041
v -5.435487 5.646491 1.064041
v -5.435487 5.585292 -0.352008
v -5.435487 5.646491 -0.352008
v -5.435487 0.003557 -0.175800
v -5.435487 0.003557 -0.082045
v -5.435487 5.532746 -0.175799
v -5.435487 5.532746 -0.082044
v -5.413957 0.003557 -0.175800
v -5.413957 0.003557 -0.082045
v -5.413957 5.532746 -0.175799
v -5.413957 5.532746 -0.082044
v -5.435487 0.003557 0.887832
v -5.435487 0.003557 0.794077
v -5.435487 5.532746 0.887833
v -5.435487 5.532746 0.794078
v -5.413957 0.003557 0.887832
v -5.413957 0.003557 0.794077
v -5.413957 5.532746 0.887833
v -5.413957 5.532746 0.794078
v -1.541634 3.086179 -5.852896
v 1.837466 3.086182 -5.852896
v 1.837466 3.071213 -5.867874
v 1.837465 3.086194 -5.882843
v -1.541634 3.086190 -5.882843
v -1.541634 3.096776 -5.878454
v 1.837468 3.096780 -5.878454
v -1.541634 3.075593 -5.857285
v -1.541634 3.075599 -5.878461
v -1.541634 3.071211 -5.867874
v -1.541634 3.096769 -5.857278
v -1.541637 3.101157 -5.867866
v 1.837466 3.075603 -5.878461
v 1.837466 3.075596 -5.857285
v 1.837466 3.101161 -5.867867
v 1.837466 3.096771 -5.857280
v -1.541634 2.999322 -5.852896
v 1.837466 2.999326 -5.852896
v 1.837466 2.984358 -5.867874
v 1.837465 2.999336 -5.882843
v -1.541634 2.999334 -5.882843
v -1.541634 3.009919 -5.878454
v 1.837468 3.009923 -5.878454
v -1.541634 2.988735 -5.857285
v -1.541634 2.988744 -5.878461
v -1.541634 2.984354 -5.867874
v -1.541634 3.009912 -5.857278
v -1.541637 3.014302 -5.867866
v 1.837466 2.988746 -5.878461
v 1.837466 2.988739 -5.857285
v 1.837466 3.014305 -5.867867
v 1.837466 3.009915 -5.857280
v 5.743883 1.266101 -3.738500
v 5.743883 1.266101 -5.741350
v 5.689501 1.266101 -3.738500
v 5.689501 1.266101 -5.741350
v 5.743883 1.245289 -3.738500
v 5.743883 1.245288 -5.741350
v 5.689501 1.245289 -3.738500
v 5.689501 1.245288 -5.741350
v 5.445387 1.266101 -6.040689
v 2.220649 1.266101 -6.040688
v 5.445387 1.266101 -5.986309
v 2.220649 1.266101 -5.986307
v 5.445387 1.245288 -6.040689
v 2.220649 1.245288 -6.040688
v 5.445387 1.245288 -5.986309
v 2.220649 1.245288 -5.986307
v 1.783790 0.498903 -6.105695
v 1.783790 1.238582 -6.105694
v 1.743262 0.498903 -6.105695
v 1.743262 1.238582 -6.105694
v 1.783790 0.498903 -6.146222
v 1.783790 1.220973 -6.146221
v 1.743262 0.498903 -6.146222
v 1.743262 1.220973 -6.146221
v 1.783790 0.319193 -6.523922
v 1.783790 1.075642 -6.523921
v 1.743262 0.319193 -6.523922
v 1.743262 1.075642 -6.523921
v 1.783790 0.319193 -6.564450
v 1.783790 1.059543 -6.564450
v 1.743262 0.319193 -6.564450
v 1.743262 1.059543 -6.564450
v 1.783790 0.157573 -6.956572
v 1.783790 0.903959 -6.956572
v 1.743262 0.157573 -6.956572
v 1.743262 0.903959 -6.956572
v 1.783790 0.157573 -6.997099
v 1.783790 0.903959 -6.997098
v 1.743262 0.157573 -6.997099
v 1.743262 0.903959 -6.997098
v 1.791197 1.258816 -6.093496
v 1.791197 0.897669 -7.029339
v 1.736815 1.258816 -6.093496
v 1.736815 0.897669 -7.029339
v 1.791197 1.238191 -6.085536
v 1.791197 0.877043 -7.021379
v 1.736815 1.238191 -6.085536
v 1.736815 0.877043 -7.021379
v 1.772912 0.669676 -6.144131
v 1.772912 0.334965 -6.993816
v 1.754141 0.669676 -6.144131
v 1.754140 0.334965 -6.993816
v 1.772912 0.632600 -6.129526
v 1.772912 0.297890 -6.979212
v 1.754141 0.632600 -6.129526
v 1.754140 0.297890 -6.979212
v 1.772912 0.808722 -6.144130
v 1.772912 0.474012 -6.993816
v 1.754141 0.808722 -6.144130
v 1.754140 0.474012 -6.993816
v 1.772912 0.771646 -6.129525
v 1.772912 0.436936 -6.979212
v 1.754141 0.771646 -6.129525
v 1.754140 0.436936 -6.979212
v 1.772912 0.958746 -6.144130
v 1.772912 0.624035 -6.993816
v 1.754141 0.958746 -6.144130
v 1.754140 0.624035 -6.993816
v 1.772912 0.921670 -6.129525
v 1.772912 0.586959 -6.979212
v 1.754141 0.921670 -6.129525
v 1.754140 0.586959 -6.979212
v 1.772912 1.108769 -6.144130
v 1.772912 0.774058 -6.993816
v 1.754141 1.108769 -6.144130
v 1.754140 0.774058 -6.993816
v 1.772912 1.071692 -6.129525
v 1.772912 0.736983 -6.979211
v 1.754141 1.071692 -6.129525
v 1.754140 0.736983 -6.979211
v -5.375114 1.266101 -3.738500
v -5.375114 1.266101 -5.741350
v -5.320732 1.266101 -3.738500
v -5.320732 1.266101 -5.741350
v -5.375114 1.245289 -3.738500
v -5.375114 1.245288 -5.741350
v -5.320732 1.245289 -3.738500
v -5.320732 1.245288 -5.741350
v -5.076618 1.266101 -6.040689
v -1.851881 1.266101 -6.040688
v -5.076618 1.266101 -5.986309
v -1.851881 1.266101 -5.986307
v -5.076618 1.245288 -6.040689
v -1.851881 1.245288 -6.040688
v -5.076618 1.245288 -5.986309
v -1.851881 1.245288 -5.986307
v -1.415023 0.498903 -6.105695
v -1.415023 1.238582 -6.105694
v -1.374495 0.498903 -6.105695
v -1.374495 1.238582 -6.105694
v -1.415023 0.498903 -6.146222
v -1.415023 1.220973 -6.146221
v -1.374495 0.498903 -6.146222
v -1.374495 1.220973 -6.146221
v -1.415023 0.319193 -6.523922
v -1.415023 1.075642 -6.523921
v -1.374495 0.319193 -6.523922
v -1.374495 1.075642 -6.523921
v -1.415023 0.319193 -6.564450
v -1.415023 1.059543 -6.564450
v -1.374495 0.319193 -6.564450
v -1.374495 1.059543 -6.564450
v -1.415023 0.157573 -6.956572
v -1.415023 0.903959 -6.956572
v -1.374495 0.157573 -6.956572
v -1.374495 0.903959 -6.956572
v -1.415023 0.157573 -6.997099
v -1.415023 0.903959 -6.997098
v -1.374495 0.157573 -6.997099
v -1.374495 0.903959 -6.997098
v -1.422429 1.258816 -6.093496
v -1.422429 0.897669 -7.029339
v -1.368047 1.258816 -6.093496
v -1.368047 0.897669 -7.029339
v -1.422429 1.238191 -6.085536
v -1.422429 0.877043 -7.021379
v -1.368047 1.238191 -6.085536
v -1.368047 0.877043 -7.021379
v -1.404145 0.669676 -6.144131
v -1.404145 0.334965 -6.993816
v -1.385373 0.669676 -6.144131
v -1.385372 0.334965 -6.993816
v -1.404145 0.632600 -6.129526
v -1.404145 0.297890 -6.979212
v -1.385373 0.632600 -6.129526
v -1.385372 0.297890 -6.979212
v -1.404145 0.808722 -6.144130
v -1.404145 0.474012 -6.993816
v -1.385373 0.808722 -6.144130
v -1.385372 0.474012 -6.993816
v -1.404145 0.771646 -6.129525
v -1.404145 0.436936 -6.979212
v -1.385373 0.771646 -6.129525
v -1.385372 0.436936 -6.979212
v -1.404145 0.958746 -6.144130
v -1.404145 0.624035 -6.993816
v -1.385373 0.958746 -6.144130
v -1.385372 0.624035 -6.993816
v -1.404145 0.921670 -6.129525
v -1.404145 0.586959 -6.979212
v -1.385373 0.921670 -6.129525
v -1.385372 0.586959 -6.979212
v -1.404145 1.108769 -6.144130
v -1.404145 0.774058 -6.993816
v -1.385373 1.108769 -6.144130
v -1.385372 0.774058 -6.993816
v -1.404145 1.071692 -6.129525
v -1.404145 0.736983 -6.979211
v -1.385373 1.071692 -6.129525
v -1.385372 0.736983 -6.979211
v -5.413958 5.509109 -0.464216
v -5.466361 0.003558 -0.464217
v -5.466361 0.003558 -0.352009
v -5.466361 5.509109 -0.352008
v -5.413958 0.003558 -0.352009
v -5.413958 0.003558 -0.464216
v -5.466361 5.509109 -0.464216
v -5.413958 5.509108 -0.352008
v -5.413958 5.509109 1.176250
v -5.466361 0.003557 1.176249
v -5.466361 0.003558 1.064040
v -5.466361 5.509109 1.064042
v -5.413958 0.003558 1.064040
v -5.413958 0.003557 1.176248
v -5.466361 5.509109 1.176250
v -5.413958 5.509108 1.064042
v 5.834218 1.226217 1.026546
v 5.834218 2.666882 1.026546
v 5.779047 1.226217 1.026546
v 5.779046 2.666882 1.026546
v 5.834218 1.072962 1.179801
v 5.834218 2.820137 1.179801
v 5.779047 1.072962 1.179801
v 5.779046 2.820137 1.179801
v 5.834218 1.226217 -0.222132
v 5.779047 1.226217 -0.222132
v 5.834218 1.072962 -0.375387
v 5.779047 1.072962 -0.375387
v 5.834218 2.666882 -0.222132
v 5.779047 2.666882 -0.222132
v 5.834218 2.820137 -0.375387
v 5.779047 2.820137 -0.375387
v 5.672960 2.596707 0.936728
v 5.672960 1.296392 0.936728
v 5.672960 1.296392 0.636586
v 5.672960 2.596707 0.636586
v 5.702147 2.666882 1.026546
v 5.702147 1.226217 1.026546
v 5.702147 2.596707 0.936728
v 5.702147 1.296392 0.936728
v 5.702147 2.666882 0.563736
v 5.702147 2.596707 0.636586
v 5.702147 1.296392 0.636586
v 5.702147 1.226217 0.563736
v 5.694156 1.296392 0.494892
v 5.694155 2.596707 0.494892
v 5.718886 1.296392 0.494892
v 5.718885 2.666882 0.563736
v 5.718886 1.226217 0.563736
v 5.718885 2.596707 0.494892
v 5.694156 1.296392 -0.144332
v 5.694156 2.596707 -0.144332
v 5.718886 1.296392 -0.144332
v 5.718886 2.596707 -0.144332
v 5.718886 2.666882 -0.222132
v 5.718886 1.226217 -0.222132
v 5.432803 0.498903 -5.993176
v 5.432803 1.245290 -5.993176
v 5.392275 0.498903 -5.993176
v 5.392275 1.245290 -5.993176
v 5.432803 0.498903 -6.033703
v 5.432803 1.245290 -6.033703
v 5.392275 0.498903 -6.033703
v 5.392275 1.245290 -6.033703
v 4.642520 0.498903 -5.993176
v 4.642520 1.245290 -5.993176
v 4.601993 0.498903 -5.993176
v 4.601993 1.245290 -5.993176
v 4.642520 0.498903 -6.033703
v 4.642520 1.245290 -6.033703
v 4.601993 0.498903 -6.033703
v 4.601993 1.245290 -6.033703
v 3.852237 0.498903 -5.993176
v 3.852237 1.245290 -5.993176
v 3.811709 0.498903 -5.993176
v 3.811709 1.245290 -5.993176
v 3.852237 0.498903 -6.033703
v 3.852237 1.245290 -6.033703
v 3.811709 0.498903 -6.033703
v 3.811709 1.245290 -6.033703
v 3.061954 0.498903 -5.993176
v 3.061954 1.245290 -5.993176
v 3.021426 0.498903 -5.993176
v 3.021426 1.245290 -5.993176
v 3.061954 0.498903 -6.033703
v 3.061954 1.245290 -6.033703
v 3.021426 0.498903 -6.033703
v 3.021426 1.245290 -6.033703
v 2.271670 0.498903 -5.993176
v 2.271670 1.245290 -5.993176
v 2.231143 0.498903 -5.993176
v 2.231143 1.245290 -5.993176
v 2.271670 0.498903 -6.033703
v 2.271670 1.245290 -6.033703
v 2.231143 0.498903 -6.033703
v 2.231143 1.245290 -6.033703
v -5.064034 0.498903 -5.993176
v -5.064034 1.245290 -5.993176
v -5.023507 0.498903 -5.993176
v -5.023507 1.245290 -5.993176
v -5.064034 0.498903 -6.033703
v -5.064034 1.245290 -6.033703
v -5.023507 0.498903 -6.033703
v -5.023507 1.245290 -6.033703
v -4.273751 0.498903 -5.993176
v -4.273751 1.245290 -5.993176
v -4.233224 0.498903 -5.993176
v -4.233224 1.245290 -5.993176
v -4.273751 0.498903 -6.033703
v -4.273751 1.245290 -6.033703
v -4.233224 0.498903 -6.033703
v -4.233224 1.245290 -6.033703
v -3.483468 0.498903 -5.993176
v -3.483468 1.245290 -5.993176
v -3.442941 0.498903 -5.993176
v -3.442941 1.245290 -5.993176
v -3.483468 0.498903 -6.033703
v -3.483468 1.245290 -6.033703
v -3.442941 0.498903 -6.033703
v -3.442941 1.245290 -6.033703
v -2.693185 0.498903 -5.993176
v -2.693185 1.245290 -5.993176
v -2.652658 0.498903 -5.993176
v -2.652658 1.245290 -5.993176
v -2.693185 0.498903 -6.033703
v -2.693185 1.245290 -6.033703
v -2.652658 0.498903 -6.033703
v -2.652658 1.245290 -6.033703
v -1.902902 0.498903 -5.993176
v -1.902902 1.245290 -5.993176
v -1.862375 0.498903 -5.993176
v -1.862375 1.245290 -5.993176
v -1.902902 0.498903 -6.033703
v -1.902902 1.245290 -6.033703
v -1.862375 0.498903 -6.033703
v -1.862375 1.245290 -6.033703
v 1.816843 2.965873 -5.759973
v 1.804597 3.156353 -5.832608
v 1.816843 3.156353 -5.832608
v 1.804597 2.965873 -5.759973
v 1.804597 2.939179 -5.854775
v 1.804597 3.178416 -5.871892
v 1.816843 2.849420 -6.194897
v 1.816843 2.939179 -5.854775
v 1.804597 2.895345 -6.195652
v 1.816843 2.895345 -6.195652
v 1.816843 3.178416 -5.871892
v 1.804597 2.849420 -6.194897
v 1.150640 2.965873 -5.759973
v 1.138394 3.156353 -5.832608
v 1.150640 3.156353 -5.832608
v 1.138394 2.965873 -5.759973
v 1.138394 2.939179 -5.854775
v 1.138395 3.178416 -5.871892
v 1.150640 2.849420 -6.194897
v 1.150640 2.939179 -5.854775
v 1.138395 2.895344 -6.195652
v 1.150640 2.895344 -6.195652
v 1.150640 3.178416 -5.871892
v 1.138395 2.849420 -6.194897
v 0.484438 2.965873 -5.759973
v 0.472192 3.156353 -5.832608
v 0.484438 3.156353 -5.832608
v 0.472192 2.965873 -5.759973
v 0.472192 2.939179 -5.854775
v 0.472193 3.178416 -5.871892
v 0.484438 2.849420 -6.194897
v 0.484438 2.939179 -5.854775
v 0.472193 2.895344 -6.195652
v 0.484438 2.895344 -6.195652
v 0.484438 3.178416 -5.871892
v 0.472193 2.849420 -6.194897
v -0.181764 2.965873 -5.759973
v -0.194011 3.156353 -5.832608
v -0.181764 3.156353 -5.832608
v -0.194011 2.965873 -5.759973
v -0.194011 2.939178 -5.854775
v -0.194010 3.178416 -5.871892
v -0.181764 2.849420 -6.194897
v -0.181764 2.939178 -5.854775
v -0.194010 2.895344 -6.195652
v -0.181764 2.895344 -6.195652
v -0.181764 3.178416 -5.871892
v -0.194010 2.849420 -6.194897
v -0.847967 2.965873 -5.759973
v -0.860213 3.156353 -5.832608
v -0.847967 3.156353 -5.832608
v -0.860213 2.965873 -5.759973
v -0.860213 2.939178 -5.854775
v -0.860212 3.178416 -5.871892
v -0.847967 2.849420 -6.194897
v -0.847967 2.939178 -5.854775
v -0.860212 2.895344 -6.195652
v -0.847967 2.895344 -6.195652
v -0.847967 3.178416 -5.871892
v -0.860212 2.849420 -6.194897
v -1.514170 2.965873 -5.759973
v -1.526416 3.156353 -5.832608
v -1.514170 3.156353 -5.832608
v -1.526416 2.965873 -5.759973
v -1.526416 2.939178 -5.854775
v -1.526415 3.178416 -5.871892
v -1.514170 2.849420 -6.194897
v -1.514170 2.939178 -5.854775
v -1.526415 2.895344 -6.195652
v -1.514170 2.895344 -6.195652
v -1.514170 3.178416 -5.871892
v -1.526415 2.849420 -6.194897
v -0.969393 5.452160 -2.489625
v -0.969393 5.570037 -2.489625
v -0.969393 5.452160 -2.530879
v -0.969393 5.570037 -2.530879
v -0.928139 5.452160 -2.489625
v -0.928139 5.570037 -2.489625
v -0.928139 5.452160 -2.530879
v -0.928139 5.570037 -2.530879
v -1.207740 5.452160 -2.489625
v -1.207740 5.570037 -2.489625
v -1.207740 5.452160 -2.530879
v -1.207740 5.570037 -2.530879
v -1.248993 5.452160 -2.489625
v -1.248993 5.570037 -2.489625
v -1.248993 5.452160 -2.530879
v -1.248993 5.570037 -2.530879
v -0.969393 5.452159 -3.307985
v -0.969393 5.570036 -3.307985
v -0.969393 5.452159 -3.266731
v -0.969393 5.570036 -3.266731
v -0.928139 5.452159 -3.307985
v -0.928139 5.570036 -3.307985
v -0.928139 5.452159 -3.266731
v -0.928139 5.570036 -3.266731
v -1.207740 5.452159 -3.307985
v -1.207740 5.570036 -3.307985
v -1.207740 5.452159 -3.266731
v -1.207740 5.570036 -3.266731
v -1.248993 5.452159 -3.307985
v -1.248993 5.570036 -3.307985
v -1.248993 5.452159 -3.266731
v -1.248993 5.570036 -3.266731
v -0.508417 4.297172 4.317408
v 6.235131 4.297174 4.317408
v 6.235131 4.284760 4.300251
v 6.235129 4.301918 4.287838
v -0.508417 4.301913 4.287838
v -0.508417 4.311674 4.293844
v 6.235134 4.311677 4.293845
v -0.508417 4.287410 4.311400
v -0.508417 4.290764 4.290492
v -0.508417 4.284758 4.300251
v -0.508417 4.308321 4.314754
v -0.508419 4.314327 4.304992
v 6.235131 4.290768 4.290492
v 6.235131 4.287415 4.311400
v 6.235131 4.314331 4.304992
v 6.235131 4.308323 4.314752
v -0.508417 4.211405 4.303686
v 6.235131 4.211409 4.303686
v 6.235131 4.198996 4.286530
v 6.235129 4.216152 4.274116
v -0.508417 4.216147 4.274117
v -0.508417 4.225908 4.280123
v 6.235134 4.225912 4.280123
v -0.508417 4.201645 4.297678
v -0.508417 4.204998 4.276771
v -0.508417 4.198991 4.286530
v -0.508417 4.222556 4.301032
v -0.508419 4.228561 4.291269
v 6.235131 4.205002 4.276770
v 6.235131 4.201649 4.297678
v 6.235131 4.228566 4.291269
v 6.235131 4.222558 4.301030
vn -1.0000 -0.0000 -0.0000
vn -0.0000 -0.0000 1.0000
vn -0.0000 -0.9408 -0.3391
vn -0.0000 -0.9045 -0.4264
vn -0.0000 -0.9296 -0.3686
vn -0.0000 -0.9686 -0.2487
vn -0.0000 -0.0000 -1.0000
vn 1.0000 -0.0000 -0.0000
vn -0.0000 -0.9653 0.2613
vn -0.0000 0.9686 0.2487
vn -0.0000 0.9300 0.3676
vn -0.0000 0.9410 0.3383
vn -0.0000 0.9653 -0.2613
vn -0.0000 0.9052 0.4249
vn -0.0009 -0.9049 0.4256
vn 0.0008 -0.9049 0.4257
vn -0.0008 -0.9049 0.4257
vn -0.0000 0.9052 -0.4249
vn 0.0008 -0.9049 -0.4257
vn 0.0013 -0.9051 -0.4253
vn -0.0002 -1.0000 -0.0000
vn -0.0000 -1.0000 -0.0000
vn -0.0009 -0.9049 -0.4256
vn -0.0008 -0.9049 -0.4257
vn 0.0009 -0.9049 0.4256
vn 0.0002 -1.0000 -0.0000
vn -0.0000 1.0000 -0.0000
vn 0.3465 0.9380 -0.0000
vn -0.3465 -0.9380 -0.0000
vn -0.9360 0.3521 -0.0000
vn 0.3595 0.9332 -0.0000
vn 0.3594 0.9332 -0.0000
vn -0.3594 -0.9332 -0.0000
vn -0.3595 -0.9332 -0.0000
vn -0.0391 -0.9985 0.0391
vn -0.0391 -0.9985 -0.0391
vn 0.0391 -0.9985 0.0391
vn 0.0391 -0.9985 -0.0391
vn -0.1305 -0.9828 0.1305
vn 0.1305 -0.9828 0.1305
vn 0.1305 -0.9828 -0.1305
vn -0.1305 -0.9828 -0.1305
vn 0.5760 -0.6159 0.5374
vn 0.9823 0.1871 -0.0051
vn 0.9921 0.1252 -0.0058
vn 0.9130 0.1251 -0.3884
vn 0.9130 -0.1251 0.3884
vn 0.9129 -0.1252 -0.3885
vn 0.4224 0.8890 -0.1769
vn 0.4224 0.5036 -0.7537
vn 0.4223 -0.7537 -0.5035
vn 0.4223 -0.8890 0.1769
vn 0.4223 -0.7537 -0.5036
vn 0.4224 0.1769 0.8890
vn 0.4224 0.7537 0.5035
vn 1.0000 0.0009 -0.0002
vn 1.0000 0.0008 0.0005
vn 0.9214 0.3813 -0.0758
vn 0.9129 0.3110 0.2642
vn 0.9129 0.3110 -0.2643
vn 1.0000 0.0005 -0.0008
vn 1.0000 -0.0002 -0.0009
vn 1.0000 -0.0009 0.0002
vn 1.0000 -0.0005 0.0008
vn 0.4224 -0.1769 -0.8890
vn -0.1997 0.9797 -0.0157
vn -0.3822 0.8180 -0.4298
vn 0.0810 0.9950 -0.0593
vn 0.0462 0.2135 0.9758
vn 0.0723 -0.5751 0.8149
vn -0.0000 -0.0001 -1.0000
vn 0.7518 0.5145 0.4125
vn 0.9130 0.1251 0.3884
vn 0.9130 -0.3109 0.2642
vn 0.7530 -0.6454 0.1284
vn 0.9213 -0.3813 0.0759
vn 0.9213 0.3813 0.0758
vn 0.7529 0.6454 -0.1284
vn 0.7530 0.6454 0.1284
vn 0.9129 -0.3110 -0.2643
vn 0.7517 -0.1843 -0.6333
vn 0.7530 -0.6454 -0.1284
vn 0.9214 -0.3812 -0.0758
vn 0.7517 0.1843 -0.6332
vn 0.7518 -0.5144 0.4125
vn 0.1039 0.8429 0.5279
vn 0.1218 0.9761 -0.1798
vn -0.1391 -0.9684 -0.2072
vn 0.1295 -0.9738 0.1870
vn 0.0977 -0.8389 -0.5354
vn 0.4164 0.8604 0.2940
vn 0.5671 0.8236 -0.0123
vn 0.4224 -0.5036 0.7537
vn 0.4224 -0.5035 0.7537
vn 0.0576 0.5730 -0.8176
vn 0.0737 -0.2516 -0.9650
vn 0.0271 -0.1942 -0.9806
vn 1.0000 0.0002 0.0009
vn 1.0000 -0.0008 -0.0005
vn 0.2365 -0.9651 0.1127
vn 0.8358 -0.5489 0.0082
vn -0.5628 -0.8265 0.0138
vn -0.9705 -0.2410 0.0020
vn -0.9809 -0.1943 -0.0010
vn -0.8397 0.5429 -0.0127
vn 0.7517 0.5145 -0.4125
vn 0.7517 -0.5145 -0.4125
vn 0.4224 0.5035 -0.7537
vn 0.1991 -0.9798 0.0187
vn 0.9976 -0.0229 0.0658
vn 0.7051 -0.0044 0.7091
vn 0.6734 -0.2113 0.7085
vn 0.7442 0.1926 -0.6396
vn 1.0000 -0.0016 -0.0006
vn -0.0000 0.2919 -0.9564
vn 0.7054 -0.0083 -0.7088
vn -0.7054 -0.0083 -0.7088
vn -0.7442 0.1926 -0.6396
vn -1.0000 -0.0016 -0.0006
vn -0.9976 -0.0229 0.0658
vn -0.7051 -0.0044 0.7091
vn -0.6734 -0.2113 0.7085
vn -0.0000 -0.0087 1.0000
vn -0.0000 -0.2824 0.9593
vn -0.0000 -0.7672 0.6414
vn 0.6518 -0.5934 0.4723
vn 0.9960 -0.0820 0.0358
vn 0.7243 0.5476 -0.4190
vn -0.0000 0.8011 -0.5986
vn -0.7242 0.5477 -0.4190
vn -0.9960 -0.0820 0.0358
vn -0.6517 -0.5934 0.4723
vn -0.0000 -0.8125 0.5829
vn -0.7211 -0.5576 0.4112
vn 0.9964 0.0773 -0.0334
vn 0.6528 0.5990 -0.4637
vn 0.7212 -0.5576 0.4112
vn -0.6528 0.5990 -0.4637
vn -0.0000 0.7768 -0.6298
vn -0.9964 0.0773 -0.0334
vn -0.0000 -0.3179 0.9481
vn 0.7458 -0.2059 0.6336
vn 0.9973 0.0248 -0.0693
vn 0.6713 0.2176 -0.7085
vn -0.0000 0.2890 -0.9573
vn -0.6712 0.2177 -0.7086
vn -0.9973 0.0248 -0.0693
vn -0.7458 -0.2059 0.6336
vn -0.7087 0.0160 0.7053
vn -0.0000 0.0201 0.9998
vn 1.0000 -0.0018 -0.0075
vn 0.7087 0.0160 0.7053
vn -0.0000 -0.0467 -0.9989
vn -0.7005 -0.0313 -0.7130
vn -1.0000 -0.0018 -0.0075
vn 0.7005 -0.0313 -0.7130
vn 0.6733 -0.2485 -0.6964
vn -0.0000 -0.3420 -0.9397
vn -0.7363 0.2146 0.6417
vn -0.0000 0.3086 0.9512
vn 0.7363 0.2146 0.6417
vn -0.6733 -0.2485 -0.6964
vn 0.9980 -0.0174 -0.0608
vn 0.7095 0.4559 0.5374
vn 0.9996 -0.0216 -0.0190
vn 0.6829 -0.4721 -0.5575
vn -0.0000 -0.6429 -0.7660
vn -0.6829 -0.4721 -0.5575
vn -0.9980 -0.0174 -0.0608
vn -0.9996 -0.0216 -0.0189
vn -0.7094 0.4559 0.5374
vn -0.0000 0.6494 0.7604
vn -0.9993 0.0269 0.0255
vn -0.6718 0.5377 0.5094
vn 0.7069 -0.5137 -0.4862
vn 0.9993 0.0269 0.0255
vn -0.0000 -0.7264 -0.6873
vn -0.7069 -0.5138 -0.4862
vn -0.0000 0.7259 0.6878
vn 0.6719 0.5377 0.5094
vn -0.0000 -0.7845 0.6201
vn -0.0000 -0.7845 0.6202
vn 0.6517 -0.5934 0.4723
vn -0.7243 0.5476 -0.4190
vn -0.7212 -0.5575 0.4112
vn 0.7212 -0.5575 0.4112
vn -0.0000 -0.3180 0.9481
vn 0.6712 0.2176 -0.7086
vn -0.6712 0.2176 -0.7086
vn -0.7087 0.0159 0.7053
vn -0.0000 0.0200 0.9998
vn 0.7087 0.0159 0.7053
vn -0.0000 -0.0468 -0.9989
vn 0.7094 0.4559 0.5374
vn -0.7095 0.4559 0.5374
vn -0.6719 0.5377 0.5094
vn 0.7069 -0.5138 -0.4862
vn -0.7069 -0.5137 -0.4862
vn 0.6718 0.5377 0.5094
vn -0.0000 -0.0695 0.9976
vn -0.0000 -0.1968 0.9804
vn -0.0000 -0.1967 0.9805
vn -0.0000 -0.0695 -0.9976
vn -0.0000 -0.1763 -0.9843
vn -0.0000 -0.9550 -0.2966
vn -0.0000 -0.7651 -0.6439
vn -0.0000 -0.9516 0.3073
vn -0.0000 -0.7347 0.6784
vn -0.0000 -0.4463 -0.8949
vn -0.0000 -0.4338 0.9010
vn 1.0000 -0.0001 -0.0000
vn -0.0000 -0.1968 -0.9804
vn -0.0000 -0.1968 -0.9805
vn -0.0000 -0.1764 0.9843
vn -0.0000 -0.1763 0.9843
vn -0.0000 -0.7651 0.6439
vn -0.0000 -0.9550 0.2966
vn -0.0000 -0.7651 0.6440
vn -0.0000 -0.9516 -0.3073
vn -0.0000 -0.7347 -0.6783
vn -0.0000 -0.4463 0.8949
vn -0.0000 -0.4338 -0.9010
vn -0.0000 -0.1967 -0.9805
vn 1.0000 0.0001 -0.0000
vn -0.0000 0.8186 0.5744
vn -0.0000 0.8186 -0.5744
vn 0.4417 0.8972 -0.0000
vn -0.4417 0.8972 -0.0000
vn -0.0000 0.8590 0.5120
vn 0.4595 0.8882 -0.0000
vn -0.4595 0.8882 -0.0000
vn -0.0000 0.8590 -0.5120
vn 0.9359 -0.3522 -0.0000
vn 0.9359 -0.3521 -0.0000
vn 0.7517 -0.1842 0.6332
vn 0.7518 0.1842 0.6332
vn 0.5374 -0.6158 -0.5762
vn -0.0051 0.1871 -0.9823
vn -0.0058 0.1253 -0.9921
vn 0.3884 0.1251 -0.9129
vn -0.3884 -0.1251 -0.9129
vn -0.3884 0.1252 -0.9129
vn -0.1769 0.8890 -0.4223
vn -0.7537 0.5035 -0.4224
vn 0.1769 -0.8890 -0.4223
vn -0.5035 -0.7537 -0.4223
vn -0.5036 -0.7537 -0.4224
vn 0.5035 0.7537 -0.4224
vn 0.8890 0.1769 -0.4224
vn -0.0002 0.0009 -1.0000
vn 0.0005 0.0008 -1.0000
vn 0.0759 0.3813 -0.9214
vn -0.2642 0.3110 -0.9130
vn -0.0759 0.3813 -0.9214
vn -0.0008 0.0005 -1.0000
vn -0.0009 -0.0002 -1.0000
vn 0.0002 -0.0009 -1.0000
vn 0.0008 -0.0005 -1.0000
vn -0.8890 -0.1769 -0.4224
vn -0.0157 0.9797 0.1998
vn -0.4298 0.8180 0.3822
vn -0.0593 0.9949 -0.0810
vn 0.9758 0.2135 -0.0462
vn 0.8149 -0.5751 -0.0722
vn 0.4126 0.5145 -0.7517
vn 0.2643 0.3109 -0.9129
vn 0.0759 -0.3813 -0.9214
vn 0.4126 -0.5145 -0.7517
vn 0.1283 -0.6454 -0.7530
vn 0.1284 0.6454 -0.7530
vn -0.1284 0.6454 -0.7530
vn -0.4125 -0.5145 -0.7518
vn -0.6332 -0.1842 -0.7517
vn -0.2642 -0.3110 -0.9130
vn 0.3884 -0.1251 -0.9129
vn 0.2643 -0.3110 -0.9129
vn -0.0758 -0.3813 -0.9214
vn -0.1284 -0.6454 -0.7530
vn -0.6332 0.1843 -0.7517
vn 0.6332 -0.1842 -0.7517
vn 0.5279 0.8430 -0.1039
vn -0.1798 0.9761 -0.1218
vn -0.2072 -0.9684 0.1390
vn 0.1871 -0.9738 -0.1295
vn -0.5354 -0.8389 -0.0977
vn 0.2939 0.8603 -0.4164
vn -0.0123 0.8235 -0.5672
vn 0.7537 -0.5035 -0.4223
vn 0.8890 0.1769 -0.4223
vn 0.7537 -0.5036 -0.4223
vn -0.8176 0.5729 -0.0575
vn -0.9650 -0.2515 -0.0738
vn -0.9806 -0.1942 -0.0271
vn 0.0010 0.0002 -1.0000
vn -0.0005 -0.0008 -1.0000
vn 0.1127 -0.9651 -0.2365
vn 0.0082 -0.5490 -0.8358
vn 0.0138 -0.8266 0.5626
vn 0.0020 -0.2409 0.9706
vn -0.0010 -0.1944 0.9809
vn -0.0127 0.5428 0.8397
vn -0.4125 0.5145 -0.7518
vn 0.0009 0.0002 -1.0000
vn 0.0187 -0.9798 -0.1991
vn 0.6332 0.1842 -0.7517
vn -0.0585 -0.9966 -0.0589
vn 0.0596 -0.9965 -0.0578
vn -0.0596 -0.9965 -0.0578
vn 0.0585 -0.9966 -0.0588
vn 0.0595 -0.9966 0.0578
vn -0.0595 -0.9966 0.0578
vn -0.0585 -0.9966 0.0588
vn 0.0891 -0.9920 -0.0896
vn -0.0907 -0.9920 -0.0881
vn -0.0891 -0.9920 -0.0896
vn -0.0891 -0.9920 0.0896
vn 0.0907 -0.9920 0.0881
vn 0.0891 -0.9920 0.0896
vn -0.0907 -0.9920 0.0881
vn 0.0585 -0.9966 -0.0589
vn -0.0585 -0.9966 -0.0588
vn 0.0585 -0.9966 0.0588
vn 0.0907 -0.9920 -0.0881
vn -0.0000 0.5203 -0.8540
vn -0.0000 -0.5203 0.8540
vn -0.0000 0.5203 0.8540
vn -0.0000 -0.5203 -0.8540
vn 1.0000 -0.0000 -0.0001
vn 0.3827 -0.0000 0.9239
vn 0.7071 -0.0000 0.7071
vn 0.9239 -0.0000 0.3827
vn 0.9239 -0.0000 0.3826
vn 0.9239 -0.0000 -0.3827
vn 0.7071 -0.0000 -0.7071
vn 0.4007 -0.0000 -0.9162
vn 0.4012 -0.0000 -0.9160
vn -0.7071 -0.0000 -0.7071
vn -0.4011 -0.0000 -0.9160
vn -0.9239 -0.0000 -0.3827
vn -0.9239 -0.0000 0.3827
vn -0.7071 -0.0000 0.7071
vn -0.3827 -0.0000 0.9239
vn -0.2342 -0.0000 -0.9722
vn -0.4007 -0.0000 -0.9162
vn 0.2342 -0.0000 -0.9722
vn 0.7072 -0.0000 -0.7071
vn -0.9239 -0.0000 0.3826
vn -0.2343 -0.0000 -0.9722
vn 0.3826 -0.0000 0.9239
vn 0.2343 -0.0000 -0.9722
vn 0.9239 -0.0000 -0.3826
vn -0.4006 -0.0000 -0.9162
vn 0.9976 -0.0228 -0.0659
vn 0.7054 -0.0036 -0.7088
vn 1.0000 -0.0013 0.0004
vn 0.7440 0.1930 0.6397
vn 0.7058 -0.0068 0.7084
vn -0.0000 0.2929 0.9561
vn -0.0000 -0.0109 0.9999
vn -0.7057 -0.0068 0.7084
vn -0.7440 0.1930 0.6397
vn -1.0000 -0.0014 0.0004
vn -0.9976 -0.0228 -0.0659
vn -0.7054 -0.0036 -0.7088
vn -0.6732 -0.2107 -0.7088
vn -0.0000 -0.0072 -1.0000
vn -0.0000 -0.2815 -0.9595
vn 0.6733 -0.2107 -0.7087
vn -0.0000 -0.7692 -0.6390
vn 0.6512 -0.5956 -0.4704
vn 0.9959 -0.0835 -0.0358
vn 0.7244 0.5493 0.4165
vn -0.7244 0.5493 0.4165
vn -0.9959 -0.0835 -0.0358
vn -0.6511 -0.5956 -0.4704
vn -0.0000 -0.8150 -0.5795
vn 0.9963 0.0789 0.0333
vn 0.6522 0.6014 0.4616
vn 0.7213 -0.5591 -0.4088
vn -0.6522 0.6014 0.4616
vn -0.0000 0.8037 0.5950
vn -0.0000 0.7790 0.6271
vn -0.7213 -0.5592 -0.4088
vn -0.9963 0.0789 0.0333
vn -0.0000 -0.3179 -0.9481
vn 0.7458 -0.2058 -0.6335
vn 0.9973 0.0248 0.0693
vn 0.6713 0.2177 0.7085
vn -0.6713 0.2177 0.7085
vn -0.9973 0.0248 0.0693
vn -0.7458 -0.2058 -0.6336
vn -0.7087 0.0160 -0.7053
vn -0.0000 0.0202 -0.9998
vn 1.0000 -0.0018 0.0075
vn -0.0000 -0.0466 0.9989
vn -0.7004 -0.0312 0.7130
vn 0.7087 0.0160 -0.7053
vn -1.0000 -0.0018 0.0075
vn 0.7005 -0.0312 0.7130
vn -0.0000 0.2891 0.9573
vn 0.6733 -0.2485 0.6964
vn -0.7363 0.2146 -0.6417
vn -0.0000 0.3086 -0.9512
vn -0.6733 -0.2485 0.6964
vn 0.7363 0.2146 -0.6417
vn 0.9980 -0.0174 0.0608
vn 0.7095 0.4559 -0.5374
vn 0.9996 -0.0216 0.0190
vn 0.6829 -0.4721 0.5575
vn -0.0000 -0.6429 0.7660
vn -0.0000 -0.3420 0.9397
vn -0.9980 -0.0174 0.0608
vn -0.6829 -0.4721 0.5575
vn -0.9996 -0.0216 0.0189
vn -0.7094 0.4559 -0.5374
vn -0.9993 0.0269 -0.0255
vn -0.6718 0.5377 -0.5094
vn 0.7069 -0.5138 0.4862
vn -0.0000 -0.7264 0.6873
vn -0.7069 -0.5138 0.4862
vn -0.0000 0.6494 -0.7604
vn -0.0000 0.7259 -0.6878
vn 0.6719 0.5377 -0.5094
vn 0.9993 0.0269 -0.0255
vn -0.0000 -0.7845 -0.6202
vn -0.0000 -0.7845 -0.6201
vn -0.6733 -0.2107 -0.7088
vn -1.0000 -0.0013 0.0004
vn -0.7058 -0.0068 0.7084
vn 1.0000 -0.0014 0.0004
vn 0.6732 -0.2107 -0.7088
vn -0.0000 -0.2816 -0.9595
vn -0.6512 -0.5956 -0.4704
vn 0.6511 -0.5956 -0.4704
vn 0.7213 -0.5592 -0.4088
vn -0.6522 0.6013 0.4616
vn -0.7458 -0.2058 -0.6335
vn 0.7004 -0.0312 0.7130
vn -0.7005 -0.0312 0.7130
vn -0.7095 0.4559 -0.5374
vn -0.9996 -0.0216 0.0190
vn 0.6718 0.5377 -0.5094
vn -0.6719 0.5377 -0.5094
vn 0.3827 -0.0000 -0.9239
vn 0.3826 -0.0000 -0.9239
vn 0.4006 -0.0000 0.9162
vn 0.4012 -0.0000 0.9160
vn -0.4011 -0.0000 0.9160
vn -0.9239 -0.0000 -0.3826
vn -0.3827 -0.0000 -0.9239
vn -0.4007 -0.0000 0.9162
vn -0.2343 -0.0000 0.9722
vn 0.2343 -0.0000 0.9722
vn 0.4007 -0.0000 0.9162
vn -0.4006 -0.0000 0.9162
vn -0.3826 -0.0000 -0.9239
vn -0.4012 -0.0000 0.9160
vn 0.4011 -0.0000 0.9160
vn -0.2341 -0.0000 0.9722
vn -0.2342 -0.0000 0.9722
vn -0.0000 0.5059 -0.8626
vn -0.0000 0.9409 -0.3388
vn -0.0000 0.6336 0.7736
vn -0.0000 0.6337 0.7736
vn -0.0000 -0.1815 0.9834
vn -0.0000 0.9408 -0.3388
vn -0.0000 0.9067 -0.4217
vn -0.0000 0.9067 0.4217
vn -0.0000 0.9684 0.2495
vn -0.0000 0.9044 -0.4266
vn -0.0000 0.9019 -0.4318
vn -0.0000 0.9019 -0.4319
vn -0.0000 0.9057 -0.4239
vn -0.0000 0.9634 -0.2680
vn -0.0000 0.9044 0.4266
vn -0.0000 0.9674 0.2531
vn -0.0000 -0.9053 -0.4247
vn -0.0000 -0.9053 0.4247
vn -0.0000 0.9672 -0.2542
vn -0.0000 -0.7073 0.7069
vn -0.0000 -0.0003 1.0000
vn 1.0000 -0.0002 0.0001
vn -0.0000 0.7069 0.7073
vn -1.0000 -0.0001 -0.0000
vn -0.0000 -0.7069 -0.7073
vn -0.0000 -1.0000 -0.0003
vn -0.0000 -0.7069 -0.7074
vn -0.0000 0.7073 -0.7069
vn -0.0000 0.0004 -1.0000
vn -0.0000 1.0000 0.0003
vn -0.0000 1.0000 0.0002
vn 1.0000 0.0002 0.0001
vn -1.0000 -0.0003 0.0001
vn -0.0000 -0.0004 1.0000
vn -0.0000 -0.7074 0.7069
vn -0.0000 -0.0002 1.0000
vn -0.0000 -1.0000 -0.0004
vn -0.0000 0.0003 -1.0000
vn -0.0000 0.9329 -0.3600
vn -0.0000 -0.9329 0.3600
vn -0.0000 0.3600 0.9329
vn -0.0000 -0.3600 -0.9329
vn -0.0000 0.9304 -0.3665
vn -0.0000 -0.9304 0.3665
vn -0.0000 0.3563 0.9344
vn -0.0000 0.8719 0.4897
vn -0.0000 0.7528 -0.6582
vn -0.0000 -0.0164 -0.9999
vn -0.0000 -0.8102 0.5862
vn -0.0000 -0.1583 0.9874
vn 1.0000 -0.0004 0.0001
vn 1.0000 0.0002 -0.0000
vn -0.0000 0.5863 0.8101
vn -0.0000 -0.5862 -0.8102
vn -0.0000 -0.9874 -0.1584
vn -0.0000 0.8102 -0.5862
vn -0.0000 0.1584 -0.9874
vn -0.0000 0.1583 -0.9874
vn -0.0000 0.9874 0.1583
vn 1.0000 0.0003 0.0002
vn -1.0000 -0.0002 -0.0000
vn -0.0000 -0.1584 0.9874
vn -0.0000 -0.8101 0.5862
vn -0.0000 -0.5862 -0.8101
vn 0.0204 0.1830 0.9829
vn -0.0000 -0.0134 -0.9999
vn -0.0000 -0.0696 -0.9976
vn -0.0000 -0.0696 0.9976
vn -0.0000 -0.7347 -0.6784
vn 0.9829 0.1831 -0.0205
vn 0.2341 -0.0000 0.9722
vn 0.2342 -0.0000 0.9722
vn -0.0000 0.7074 -0.7069
vn -1.0000 0.0002 -0.0003
vn -1.0000 0.0001 -0.0002
vn -0.0000 0.8101 -0.5862
vt 0.411617 0.514825
vt 0.321236 0.410627
vt 0.411617 0.410627
vt 0.856307 0.087952
vt 0.931027 0.104478
vt 0.810160 0.104478
vt 0.345308 0.531850
vt 0.321236 0.543198
vt 0.728068 0.394853
vt 0.607202 0.377944
vt 0.811207 0.377175
vt 0.711127 0.526596
vt 0.711127 0.553208
vt 0.643227 0.526596
vt 0.926248 0.178691
vt 0.781311 0.204502
vt 0.713410 0.178691
vt 0.503140 0.934899
vt 0.412758 0.917989
vt 0.503140 0.917989
vt 0.000279 0.543198
vt 0.000279 0.410627
vt 0.707791 0.560057
vt 0.488643 0.555589
vt 0.928308 0.555589
vt 0.488645 0.132849
vt 0.671826 0.087951
vt 0.809602 0.132849
vt 0.713410 0.272962
vt 0.797702 0.345607
vt 0.562043 0.349957
vt 0.562043 0.344838
vt 0.813217 0.291497
vt 0.492261 0.274588
vt 0.904740 0.274588
vt 0.091802 0.934899
vt 0.000279 0.917989
vt 0.412175 0.525782
vt 0.899983 0.410629
vt 0.899983 0.525782
vt 0.926248 0.272962
vt 0.902177 0.204501
vt 0.237746 0.713418
vt 0.024908 0.619147
vt 0.237746 0.619147
vt 0.488088 0.875915
vt 0.000280 0.760762
vt 0.488088 0.760762
vt 0.218499 0.978103
vt 0.417706 0.968168
vt 0.422370 0.978103
vt 0.000278 0.904608
vt 0.488085 0.914667
vt 0.000278 0.914667
vt 0.892907 0.308041
vt 0.780383 0.317751
vt 0.777754 0.308041
vt 0.840404 0.972525
vt 0.641197 0.962590
vt 0.845068 0.962590
vt 0.000280 0.967991
vt 0.213118 0.957016
vt 0.213118 0.967991
vt 0.436708 0.962591
vt 0.635915 0.972526
vt 0.432045 0.972526
vt 0.204310 0.969283
vt 0.005103 0.979218
vt 0.000439 0.969283
vt 0.424976 0.993292
vt 0.516517 0.982662
vt 0.519246 0.993293
vt 0.541359 0.308041
vt 0.632900 0.318671
vt 0.538629 0.318671
vt 0.818076 0.762993
vt 0.930600 0.772703
vt 0.815447 0.772703
vt 0.488086 0.945888
vt 0.000279 0.935829
vt 0.488086 0.935829
vt 0.275248 0.409325
vt 0.488086 0.205454
vt 0.488086 0.409325
vt 0.349987 0.637388
vt 0.367646 0.564508
vt 0.367646 0.697079
vt 0.160757 0.618480
vt 0.024908 0.715045
vt 0.299877 0.726020
vt 0.024908 0.726020
vt 0.024350 0.732846
vt 0.488085 0.759459
vt 0.000279 0.759459
vt 0.488082 0.903316
vt 0.000279 0.892341
vt 0.488082 0.892341
vt 0.488087 0.000278
vt 0.000279 0.204149
vt 0.000279 0.000278
vt 0.000278 0.205454
vt 0.000278 0.409325
vt 0.924612 0.308040
vt 0.900540 0.334653
vt 0.900540 0.308040
vt 0.649123 0.208132
vt 0.000278 0.555588
vt 0.024350 0.555588
vt 0.392329 0.553208
vt 0.368257 0.730467
vt 0.368257 0.526596
vt 0.464013 0.732846
vt 0.488085 0.555587
vt 0.924612 0.511911
vt 0.705375 0.259791
vt 0.617582 0.263073
vt 0.617582 0.255632
vt 0.181600 0.994472
vt 0.091218 0.989354
vt 0.181600 0.989354
vt 0.090660 0.994472
vt 0.000279 0.989353
vt 0.090660 0.989353
vt 0.787722 0.387412
vt 0.787722 0.394853
vt 0.799465 0.387412
vt 0.799465 0.382294
vt 0.811207 0.382294
vt 0.550301 0.355075
vt 0.797702 0.362516
vt 0.538558 0.359234
vt 0.000279 0.934899
vt 0.933639 0.952739
vt 0.778469 0.935830
vt 0.933639 0.935830
vt 0.904740 0.291497
vt 0.933706 0.934898
vt 0.778536 0.917989
vt 0.933706 0.917989
vt 0.564018 0.776079
vt 0.574376 0.757799
vt 0.589382 0.776079
vt 0.360320 0.994027
vt 0.230995 0.987123
vt 0.360320 0.987123
vt 0.538309 0.764858
vt 0.520028 0.775215
vt 0.520028 0.749851
vt 0.555739 0.755338
vt 0.555739 0.764858
vt 0.573781 0.749851
vt 0.573781 0.755338
vt 0.519876 0.987122
vt 0.649201 0.993469
vt 0.519876 0.993469
vt 0.517799 0.982585
vt 0.647124 0.986243
vt 0.517799 0.986243
vt 0.583895 0.740369
vt 0.574376 0.740369
vt 0.589382 0.722327
vt 0.856307 0.031381
vt 0.931027 0.000279
vt 0.810160 0.000279
vt 0.890367 0.031381
vt 0.488645 0.689397
vt 0.519090 0.777070
vt 0.488645 0.821968
vt 0.591374 0.720498
vt 0.519090 0.720498
vt 0.637458 0.777070
vt 0.637458 0.720498
vt 0.686491 0.720498
vt 0.807444 0.689397
vt 0.711086 0.720498
vt 0.711086 0.777070
vt 0.686491 0.777070
vt 0.760118 0.720498
vt 0.760118 0.777070
vt 0.807444 0.821968
vt 0.591374 0.777070
vt 0.957092 0.315549
vt 0.945056 0.258978
vt 0.957092 0.258978
vt 0.343574 0.685732
vt 0.318628 0.637388
vt 0.318628 0.568977
vt 0.349987 0.568977
vt 0.277264 0.564508
vt 0.277264 0.668707
vt 0.671826 0.031380
vt 0.488645 0.000279
vt 0.809602 0.000279
vt 0.622793 0.087951
vt 0.488643 0.688159
vt 0.707791 0.628468
vt 0.928308 0.688159
vt 0.770180 0.643261
vt 0.591520 0.643261
vt 0.676432 0.628468
vt 0.560161 0.643261
vt 0.801538 0.643261
vt 0.801538 0.601452
vt 0.770180 0.601452
vt 0.591520 0.601452
vt 0.676432 0.560057
vt 0.560161 0.601452
vt 0.932462 0.413613
vt 0.944498 0.470184
vt 0.932462 0.470184
vt 0.946093 0.728127
vt 0.958129 0.762187
vt 0.946093 0.762187
vt 0.942092 0.072562
vt 0.954128 0.129133
vt 0.942092 0.129133
vt 0.932462 0.364581
vt 0.944498 0.413613
vt 0.942092 0.000278
vt 0.954128 0.072562
vt 0.932462 0.308010
vt 0.944498 0.364581
vt 0.942092 0.201416
vt 0.954128 0.257987
vt 0.942092 0.257987
vt 0.932462 0.258977
vt 0.944498 0.308010
vt 0.954128 0.201416
vt 0.945536 0.527413
vt 0.933500 0.470842
vt 0.945536 0.470842
vt 0.946093 0.671556
vt 0.958129 0.728127
vt 0.945536 0.576446
vt 0.933500 0.527413
vt 0.946093 0.818758
vt 0.958129 0.852819
vt 0.946093 0.852819
vt 0.945536 0.633017
vt 0.933500 0.576446
vt 0.958129 0.818758
vt 0.945536 0.682049
vt 0.933500 0.633017
vt 0.966721 0.100048
vt 0.954686 0.031637
vt 0.966721 0.031637
vt 0.957092 0.470185
vt 0.945056 0.421153
vt 0.957092 0.421153
vt 0.966721 0.199818
vt 0.954686 0.131407
vt 0.966721 0.131407
vt 0.957092 0.364581
vt 0.945056 0.315549
vt 0.954686 0.100048
vt 0.954686 0.000278
vt 0.966721 0.000278
vt 0.945056 0.364581
vt 0.967279 0.189277
vt 0.979315 0.220636
vt 0.967279 0.220636
vt 0.967279 0.147468
vt 0.979315 0.189277
vt 0.967280 0.073446
vt 0.979316 0.104805
vt 0.967280 0.104805
vt 0.958129 0.502201
vt 0.946093 0.470842
vt 0.958129 0.470842
vt 0.967280 0.031637
vt 0.979316 0.073446
vt 0.967279 0.262445
vt 0.979315 0.293804
vt 0.967279 0.293804
vt 0.946093 0.570612
vt 0.946093 0.502201
vt 0.967280 0.000278
vt 0.979316 0.031637
vt 0.979315 0.262445
vt 0.958129 0.601971
vt 0.958129 0.570612
vt 0.979316 0.146614
vt 0.967280 0.146614
vt 0.958129 0.670382
vt 0.946093 0.601971
vt 0.930616 0.470022
vt 0.931762 0.418957
vt 0.931762 0.470022
vt 0.997110 0.489527
vt 0.996139 0.459310
vt 0.997110 0.459310
vt 0.930616 0.337968
vt 0.931762 0.308039
vt 0.931762 0.337968
vt 0.936587 0.000280
vt 0.937245 0.056848
vt 0.936587 0.056848
vt 0.930616 0.389027
vt 0.931762 0.389027
vt 0.872069 0.399768
vt 0.874929 0.345952
vt 0.874929 0.402523
vt 0.460767 0.687985
vt 0.458064 0.634170
vt 0.460767 0.631414
vt 0.997110 0.326996
vt 0.996139 0.378042
vt 0.996139 0.326996
vt 0.996139 0.408249
vt 0.997110 0.408249
vt 0.997110 0.378042
vt 0.427857 0.634170
vt 0.427857 0.685230
vt 0.458064 0.685230
vt 0.424802 0.687985
vt 0.930616 0.418957
vt 0.842139 0.399768
vt 0.842139 0.348708
vt 0.838612 0.345952
vt 0.889065 0.033189
vt 0.857801 0.086035
vt 0.857801 0.033189
vt 0.998639 0.485717
vt 0.997668 0.457407
vt 0.998639 0.457407
vt 0.808002 0.705008
vt 0.810705 0.758823
vt 0.808001 0.761579
vt 0.998639 0.326997
vt 0.997668 0.378044
vt 0.997668 0.326997
vt 0.998639 0.406346
vt 0.998639 0.378044
vt 0.839007 0.758823
vt 0.839007 0.707763
vt 0.810705 0.707763
vt 0.564248 0.255135
vt 0.593801 0.201818
vt 0.593801 0.255135
vt 0.993976 0.439077
vt 0.995581 0.501155
vt 0.993976 0.501155
vt 0.993976 0.351997
vt 0.995580 0.414080
vt 0.993976 0.414080
vt 0.606124 0.392746
vt 0.581125 0.393655
vt 0.581125 0.392746
vt 0.396066 0.634578
vt 0.392886 0.699823
vt 0.392886 0.631412
vt 0.421065 0.634578
vt 0.424245 0.631412
vt 0.421065 0.696657
vt 0.424245 0.699823
vt 0.396066 0.696657
vt 0.606124 0.389441
vt 0.581125 0.390350
vt 0.581125 0.389441
vt 0.606124 0.390350
vt 0.995580 0.439077
vt 0.993976 0.326997
vt 0.995580 0.351997
vt 0.997668 0.406346
vt 0.842062 0.761579
vt 0.982647 0.356739
vt 0.957649 0.294660
vt 0.982647 0.294660
vt 0.903237 0.166002
vt 0.934593 0.112509
vt 0.934593 0.166002
vt 0.833671 0.391673
vt 0.800023 0.393462
vt 0.800023 0.391673
vt 0.833671 0.383866
vt 0.800023 0.384987
vt 0.800023 0.383866
vt 0.800023 0.388664
vt 0.833671 0.387996
vt 0.800023 0.387996
vt 0.833671 0.388664
vt 0.893322 0.233743
vt 0.879044 0.235777
vt 0.879044 0.233743
vt 0.893322 0.224868
vt 0.879044 0.226143
vt 0.879044 0.224868
vt 0.879044 0.230323
vt 0.893322 0.229563
vt 0.879044 0.229563
vt 0.893322 0.230323
vt 0.746010 0.172003
vt 0.768648 0.173792
vt 0.744221 0.173792
vt 0.768648 0.164196
vt 0.745342 0.165317
vt 0.744221 0.164196
vt 0.746010 0.168994
vt 0.768648 0.172003
vt 0.768648 0.168326
vt 0.745342 0.168326
vt 0.768648 0.168994
vt 0.699948 0.252288
vt 0.689936 0.254077
vt 0.689936 0.252288
vt 0.689936 0.244481
vt 0.700616 0.245602
vt 0.689936 0.245602
vt 0.689936 0.249279
vt 0.689936 0.248611
vt 0.700616 0.248611
vt 0.699948 0.249279
vt 0.592014 0.190959
vt 0.556667 0.192748
vt 0.554878 0.190959
vt 0.556667 0.183152
vt 0.592014 0.184273
vt 0.555546 0.184273
vt 0.554878 0.187950
vt 0.592014 0.187282
vt 0.555546 0.187282
vt 0.592014 0.187950
vt 0.860479 0.326998
vt 0.895121 0.328787
vt 0.860479 0.328787
vt 0.895121 0.319191
vt 0.860479 0.320313
vt 0.860479 0.319191
vt 0.860479 0.323989
vt 0.896910 0.326998
vt 0.896242 0.323321
vt 0.860479 0.323321
vt 0.896910 0.323989
vt 0.845786 0.964381
vt 0.974051 0.962592
vt 0.975840 0.964381
vt 0.845787 0.971068
vt 0.974051 0.972188
vt 0.845787 0.972189
vt 0.845786 0.967390
vt 0.975172 0.968058
vt 0.845786 0.968059
vt 0.433825 0.961813
vt 0.214341 0.962478
vt 0.213676 0.961814
vt 0.945469 0.758949
vt 0.905340 0.760738
vt 0.903551 0.758949
vt 0.945469 0.752263
vt 0.905340 0.751142
vt 0.945469 0.751142
vt 0.945469 0.755940
vt 0.904219 0.755272
vt 0.945469 0.755272
vt 0.903551 0.755940
vt 0.360845 0.705682
vt 0.240093 0.703892
vt 0.360845 0.703892
vt 0.240092 0.713487
vt 0.360845 0.712367
vt 0.360845 0.713489
vt 0.360845 0.708691
vt 0.238304 0.705681
vt 0.238970 0.709357
vt 0.360845 0.709358
vt 0.238304 0.708690
vt 0.315271 0.546666
vt 0.365624 0.548455
vt 0.315271 0.548455
vt 0.315271 0.555141
vt 0.365624 0.556262
vt 0.315271 0.556262
vt 0.315271 0.551464
vt 0.365624 0.552132
vt 0.315271 0.552132
vt 0.365624 0.551464
vt 0.689378 0.254078
vt 0.616504 0.252289
vt 0.689378 0.252289
vt 0.689378 0.245603
vt 0.616504 0.244482
vt 0.689378 0.244482
vt 0.689378 0.249280
vt 0.616504 0.248612
vt 0.689378 0.248612
vt 0.616504 0.249280
vt 0.941545 0.805719
vt 0.809790 0.803930
vt 0.941545 0.803930
vt 0.809790 0.813526
vt 0.941545 0.812405
vt 0.941545 0.813526
vt 0.941545 0.808728
vt 0.808001 0.805719
vt 0.808669 0.809396
vt 0.941545 0.809396
vt 0.808001 0.808728
vt 0.538558 0.380080
vt 0.604056 0.378291
vt 0.605845 0.380080
vt 0.538558 0.386766
vt 0.604056 0.387887
vt 0.538558 0.387887
vt 0.538558 0.383089
vt 0.605177 0.383757
vt 0.538558 0.383757
vt 0.605845 0.383089
vt 0.633617 0.925796
vt 0.505485 0.927585
vt 0.503696 0.925796
vt 0.633617 0.919110
vt 0.505485 0.917989
vt 0.633617 0.917989
vt 0.633617 0.922787
vt 0.504364 0.922119
vt 0.633617 0.922119
vt 0.503696 0.922787
vt 0.531740 0.155948
vt 0.490433 0.154159
vt 0.531740 0.154159
vt 0.490434 0.163755
vt 0.531740 0.162634
vt 0.531740 0.163755
vt 0.531740 0.158957
vt 0.488644 0.155948
vt 0.489312 0.159625
vt 0.531740 0.159625
vt 0.488644 0.158957
vt 0.433938 0.962481
vt 0.214341 0.965489
vt 0.433825 0.958804
vt 0.213677 0.958804
vt 0.215463 0.966610
vt 0.433938 0.965490
vt 0.434127 0.966612
vt 0.215466 0.957015
vt 0.975840 0.967390
vt 0.892309 0.341937
vt 0.568819 0.335135
vt 0.892309 0.335135
vt 0.568819 0.341935
vt 0.566259 0.335135
vt 0.859921 0.329698
vt 0.538558 0.322896
vt 0.859921 0.322896
vt 0.857361 0.320307
vt 0.538558 0.320307
vt 0.857361 0.332287
vt 0.538558 0.329698
vt 0.889718 0.332573
vt 0.889717 0.344499
vt 0.568819 0.344498
vt 0.769657 0.310741
vt 0.646731 0.303939
vt 0.769657 0.303939
vt 0.648788 0.301350
vt 0.648788 0.313330
vt 0.769657 0.313330
vt 0.772245 0.303939
vt 0.808002 0.794576
vt 0.936269 0.801379
vt 0.808002 0.801379
vt 0.936269 0.794576
vt 0.938327 0.801379
vt 0.936269 0.792518
vt 0.808002 0.792518
vt 0.808002 0.803437
vt 0.932942 0.551066
vt 0.714271 0.553122
vt 0.711684 0.551065
vt 0.714271 0.542206
vt 0.932942 0.544262
vt 0.711684 0.544262
vt 0.251693 0.685449
vt 0.244005 0.580119
vt 0.251693 0.580119
vt 0.274757 0.685449
vt 0.267069 0.580119
vt 0.274757 0.580119
vt 0.267069 0.685449
vt 0.259381 0.580119
vt 0.259381 0.685449
vt 0.458285 0.726183
vt 0.397724 0.729387
vt 0.397724 0.726183
vt 0.458278 0.730613
vt 0.397717 0.730612
vt 0.458278 0.721754
vt 0.397717 0.724957
vt 0.397717 0.721754
vt 0.458278 0.724958
vt 0.396498 0.729387
vt 0.309214 0.560391
vt 0.366365 0.559285
vt 0.366365 0.560391
vt 0.309214 0.556898
vt 0.366365 0.556898
vt 0.309214 0.563883
vt 0.366365 0.562778
vt 0.366365 0.563884
vt 0.309214 0.562778
vt 0.367625 0.542929
vt 0.329524 0.545064
vt 0.329524 0.542929
vt 0.367625 0.545064
vt 0.329524 0.545882
vt 0.367625 0.539976
vt 0.329524 0.542112
vt 0.329524 0.539976
vt 0.367625 0.542112
vt 0.442864 0.614763
vt 0.439681 0.556146
vt 0.442864 0.556146
vt 0.452412 0.556146
vt 0.449229 0.613435
vt 0.449229 0.556146
vt 0.446047 0.556146
vt 0.446047 0.613435
vt 0.339135 0.573917
vt 0.335952 0.632535
vt 0.335952 0.573917
vt 0.348683 0.632535
vt 0.345500 0.573917
vt 0.348683 0.573917
vt 0.345500 0.632535
vt 0.342317 0.573917
vt 0.342317 0.632535
vt 0.324161 0.572282
vt 0.320978 0.633175
vt 0.320978 0.572282
vt 0.333709 0.572282
vt 0.330527 0.632038
vt 0.330527 0.572282
vt 0.327344 0.572282
vt 0.327344 0.632038
vt 0.960192 0.523821
vt 0.965526 0.503732
vt 0.965526 0.523821
vt 0.960192 0.584089
vt 0.965526 0.564000
vt 0.965526 0.584089
vt 0.960192 0.564000
vt 0.965526 0.543910
vt 0.960192 0.543910
vt 0.699802 0.568803
vt 0.682069 0.566446
vt 0.702159 0.566446
vt 0.702159 0.586536
vt 0.699802 0.584179
vt 0.794112 0.632798
vt 0.776903 0.634623
vt 0.778727 0.632798
vt 0.794112 0.617413
vt 0.776903 0.615589
vt 0.795937 0.615589
vt 0.684426 0.584179
vt 0.684426 0.568803
vt 0.795937 0.634623
vt 0.682069 0.586536
vt 0.778727 0.617413
vt 0.698936 0.626373
vt 0.698386 0.606654
vt 0.698936 0.606104
vt 0.678667 0.606104
vt 0.679218 0.625822
vt 0.678667 0.626373
vt 0.960436 0.746747
vt 0.965485 0.727731
vt 0.965485 0.746747
vt 0.960436 0.765764
vt 0.965485 0.765764
vt 0.960435 0.784780
vt 0.965485 0.784781
vt 0.960436 0.727731
vt 0.965485 0.708714
vt 0.698386 0.625822
vt 0.679218 0.606654
vt 0.991251 0.000279
vt 0.993417 0.056852
vt 0.991251 0.056852
vt 0.816178 0.167686
vt 0.810160 0.105097
vt 0.816178 0.111115
vt 0.987968 0.068892
vt 0.985801 0.000279
vt 0.987968 0.000279
vt 0.991251 0.257986
vt 0.993418 0.185705
vt 0.993418 0.257986
vt 0.985801 0.306930
vt 0.987968 0.222218
vt 0.987968 0.306930
vt 0.888461 0.111115
vt 0.991251 0.185705
vt 0.993417 0.129134
vt 0.985801 0.222218
vt 0.987968 0.153610
vt 0.894880 0.173704
vt 0.894880 0.105097
vt 0.985801 0.068892
vt 0.810160 0.173704
vt 0.888461 0.167686
vt 0.986511 0.489303
vt 0.984345 0.432731
vt 0.986511 0.432731
vt 0.901456 0.167684
vt 0.895438 0.105095
vt 0.901456 0.111113
vt 0.993418 0.327585
vt 0.991251 0.258977
vt 0.993418 0.258977
vt 0.986511 0.308040
vt 0.984345 0.342100
vt 0.984345 0.308040
vt 0.991251 0.488384
vt 0.993418 0.442289
vt 0.993418 0.488384
vt 0.935516 0.111113
vt 0.986511 0.342100
vt 0.984345 0.398671
vt 0.991251 0.442289
vt 0.993418 0.373681
vt 0.941534 0.173702
vt 0.941534 0.105095
vt 0.991251 0.327585
vt 0.895438 0.173702
vt 0.935516 0.167684
vt 0.990692 0.460744
vt 0.988526 0.392335
vt 0.990692 0.392335
vt 0.398906 0.624810
vt 0.392888 0.554472
vt 0.398906 0.556399
vt 0.927892 0.427783
vt 0.930058 0.504142
vt 0.927891 0.504142
vt 0.990692 0.292565
vt 0.988526 0.360974
vt 0.988526 0.292565
vt 0.930058 0.308041
vt 0.927892 0.384388
vt 0.927892 0.308041
vt 0.436283 0.554472
vt 0.430265 0.624810
vt 0.430265 0.556399
vt 0.930058 0.427783
vt 0.392888 0.630828
vt 0.436283 0.630828
vt 0.990692 0.261207
vt 0.988526 0.261207
vt 0.406872 0.621665
vt 0.408798 0.568111
vt 0.408938 0.622315
vt 0.451582 0.671141
vt 0.434669 0.649969
vt 0.451590 0.649980
vt 0.579216 0.614752
vt 0.570868 0.606979
vt 0.582313 0.607985
vt 0.568546 0.623717
vt 0.569340 0.634660
vt 0.561340 0.626367
vt 0.590102 0.628314
vt 0.583064 0.619094
vt 0.590102 0.616380
vt 0.577283 0.618565
vt 0.578963 0.620412
vt 0.444804 0.677960
vt 0.438343 0.676613
vt 0.447890 0.676637
vt 0.573426 0.614171
vt 0.572837 0.619855
vt 0.568816 0.617741
vt 0.574458 0.624167
vt 0.578391 0.628560
vt 0.572598 0.627948
vt 0.413055 0.568125
vt 0.415510 0.614717
vt 0.413335 0.617405
vt 0.445987 0.708085
vt 0.463500 0.705196
vt 0.463500 0.709139
vt 0.407231 0.566599
vt 0.408653 0.562986
vt 0.435646 0.680412
vt 0.434665 0.671128
vt 0.438358 0.644473
vt 0.440508 0.638551
vt 0.441456 0.643204
vt 0.441422 0.677926
vt 0.445769 0.682631
vt 0.440453 0.682569
vt 0.447916 0.644485
vt 0.456033 0.648964
vt 0.445818 0.638574
vt 0.444820 0.643197
vt 0.456033 0.672175
vt 0.435648 0.640666
vt 0.463455 0.701279
vt 0.449125 0.698861
vt 0.463166 0.697398
vt 0.450098 0.715504
vt 0.463377 0.713079
vt 0.462873 0.716990
vt 0.411082 0.620551
vt 0.410954 0.568129
vt 0.582814 0.624802
vt 0.580779 0.635769
vt 0.462487 0.693565
vt 0.450707 0.692691
vt 0.461624 0.689771
vt 0.576993 0.624445
vt 0.574755 0.618312
vt 0.572703 0.622292
vt 0.448000 0.711546
vt 0.404683 0.618986
vt 0.406620 0.568084
vt 0.402396 0.568080
vt 0.400240 0.614120
vt 0.400240 0.568120
vt 0.415178 0.568096
vt 0.417571 0.614046
vt 0.450599 0.680453
vt 0.450637 0.640704
vt 0.561294 0.614305
vt 0.446876 0.702735
vt 0.578883 0.622873
vt 0.412376 0.564516
vt 0.412436 0.566639
vt 0.450958 0.718601
vt 0.410809 0.563003
vt 0.450746 0.695199
vt 0.404497 0.568066
vt 0.402403 0.615860
vt 0.941348 0.782492
vt 0.945025 0.782901
vt 0.941474 0.783237
vt 0.941163 0.781618
vt 0.944894 0.781931
vt 0.941011 0.780609
vt 0.944739 0.780958
vt 0.944844 0.786802
vt 0.941127 0.787285
vt 0.941244 0.786270
vt 0.944965 0.785823
vt 0.941398 0.785389
vt 0.945060 0.784848
vt 0.941498 0.784640
vt 0.945101 0.783873
vt 0.941523 0.783938
vt 0.940311 0.783959
vt 0.940233 0.783238
vt 0.940054 0.782517
vt 0.939877 0.781669
vt 0.939818 0.780656
vt 0.939955 0.786262
vt 0.940104 0.785408
vt 0.940258 0.784682
vt 0.924405 0.784210
vt 0.924435 0.785637
vt 0.924407 0.781565
vt 0.924462 0.780491
vt 0.924399 0.782785
vt 0.924556 0.787938
vt 0.939930 0.787279
vt 0.924754 0.788969
vt 0.924632 0.779462
vt 0.924473 0.786860
vt 0.922754 0.784230
vt 0.922694 0.782644
vt 0.922620 0.781228
vt 0.922645 0.779922
vt 0.922789 0.778604
vt 0.922740 0.788550
vt 0.922687 0.787240
vt 0.922730 0.785819
vt 0.823702 0.786806
vt 0.823712 0.785131
vt 0.823679 0.781815
vt 0.823701 0.783461
vt 0.823685 0.791734
vt 0.823679 0.790108
vt 0.823684 0.788468
vt 0.823665 0.780200
vt 0.823656 0.778604
vt 0.817979 0.780087
vt 0.817831 0.778665
vt 0.818223 0.786977
vt 0.818338 0.785082
vt 0.818295 0.783203
vt 0.817798 0.790192
vt 0.818149 0.781551
vt 0.815202 0.783368
vt 0.815251 0.781886
vt 0.815225 0.780511
vt 0.815061 0.779175
vt 0.814640 0.791055
vt 0.814893 0.789628
vt 0.818016 0.788671
vt 0.815011 0.788176
vt 0.815072 0.786635
vt 0.815137 0.784990
vt 0.811718 0.787421
vt 0.811830 0.786129
vt 0.812063 0.781064
vt 0.812088 0.782301
vt 0.811891 0.779775
vt 0.811233 0.790146
vt 0.811526 0.788754
vt 0.811931 0.784817
vt 0.812023 0.783528
vt 0.808275 0.788206
vt 0.809435 0.787383
vt 0.807982 0.789598
vt 0.808727 0.790742
vt 0.810781 0.787610
vt 0.810073 0.790969
vt 0.805298 0.977643
vt 0.808760 0.978049
vt 0.805414 0.978348
vt 0.805129 0.976815
vt 0.808644 0.977135
vt 0.804993 0.975860
vt 0.808504 0.976217
vt 0.808580 0.981722
vt 0.805077 0.982176
vt 0.805187 0.981216
vt 0.808695 0.980800
vt 0.805335 0.980384
vt 0.808786 0.979882
vt 0.805431 0.979675
vt 0.808825 0.978964
vt 0.805457 0.979011
vt 0.804313 0.979027
vt 0.804241 0.978344
vt 0.804074 0.977660
vt 0.803910 0.976854
vt 0.803863 0.975891
vt 0.803967 0.981209
vt 0.804110 0.980399
vt 0.804259 0.979712
vt 0.789112 0.979212
vt 0.789143 0.980602
vt 0.789139 0.976633
vt 0.789211 0.975585
vt 0.789115 0.977823
vt 0.789283 0.982845
vt 0.803945 0.982175
vt 0.789489 0.983844
vt 0.789396 0.974585
vt 0.789190 0.981794
vt 0.787500 0.979227
vt 0.787449 0.977671
vt 0.787389 0.976277
vt 0.787427 0.974987
vt 0.787584 0.973682
vt 0.787502 0.983476
vt 0.787441 0.982183
vt 0.787477 0.980786
vt 0.662705 0.981810
vt 0.662716 0.980152
vt 0.662680 0.976868
vt 0.662705 0.978499
vt 0.662670 0.986686
vt 0.662672 0.985077
vt 0.662683 0.983455
vt 0.662662 0.975266
vt 0.662649 0.973682
vt 0.657036 0.975188
vt 0.656878 0.973783
vt 0.657307 0.981974
vt 0.657418 0.980111
vt 0.657367 0.978261
vt 0.656884 0.985129
vt 0.657214 0.976631
vt 0.654328 0.978442
vt 0.654363 0.976984
vt 0.654324 0.975631
vt 0.654148 0.974317
vt 0.653796 0.985957
vt 0.654046 0.984568
vt 0.657102 0.983637
vt 0.654163 0.983151
vt 0.654219 0.981645
vt 0.654275 0.980034
vt 0.650956 0.982427
vt 0.651054 0.981170
vt 0.651223 0.976210
vt 0.651263 0.977425
vt 0.651038 0.974945
vt 0.650491 0.985070
vt 0.650777 0.983720
vt 0.651139 0.979889
vt 0.651214 0.978628
vt 0.647623 0.983185
vt 0.648749 0.982387
vt 0.647337 0.984535
vt 0.650055 0.982609
vt 0.649365 0.985868
vt 0.648059 0.985646
vt 0.485336 0.890765
vt 0.000278 0.889617
vt 0.485336 0.889611
vt 0.000279 0.876731
vt 0.485337 0.877903
vt 0.000279 0.877885
vt 0.485337 0.881942
vt 0.000278 0.880520
vt 0.485337 0.880563
vt 0.485336 0.885705
vt 0.000278 0.883789
vt 0.485336 0.883824
vt 0.485336 0.887027
vt 0.000278 0.885676
vt 0.000279 0.879085
vt 0.485337 0.879122
vt 0.485336 0.888395
vt 0.000278 0.887006
vt 0.000278 0.888387
vt 0.000278 0.881901
vt 0.494932 0.951230
vt 0.494681 0.953099
vt 0.494681 0.949361
vt 0.494056 0.948193
vt 0.494056 0.954332
vt 0.491748 0.955530
vt 0.490594 0.946981
vt 0.491748 0.947061
vt 0.492902 0.947452
vt 0.492902 0.955192
vt 0.004616 0.946981
vt 0.490594 0.955610
vt 0.004616 0.955607
vt 0.000280 0.951229
vt 0.000531 0.949360
vt 0.000531 0.953097
vt 0.001156 0.948193
vt 0.001156 0.954330
vt 0.002309 0.947452
vt 0.002309 0.955189
vt 0.003463 0.955527
vt 0.003463 0.947062
vt 0.711683 0.527753
vt 0.923286 0.526597
vt 0.923286 0.527755
vt 0.923286 0.539458
vt 0.711683 0.540616
vt 0.711683 0.539459
vt 0.711683 0.536819
vt 0.923286 0.535435
vt 0.923286 0.536817
vt 0.711683 0.533551
vt 0.923286 0.531667
vt 0.923286 0.533551
vt 0.711683 0.531666
vt 0.923286 0.530344
vt 0.711683 0.538256
vt 0.923286 0.538256
vt 0.711683 0.528971
vt 0.923286 0.528973
vt 0.711683 0.535437
vt 0.712506 0.268932
vt 0.712255 0.270800
vt 0.712255 0.267063
vt 0.711631 0.271968
vt 0.711631 0.265830
vt 0.709324 0.264633
vt 0.708170 0.273180
vt 0.708170 0.264553
vt 0.710477 0.272708
vt 0.710477 0.264971
vt 0.496573 0.264552
vt 0.496573 0.273180
vt 0.492237 0.268932
vt 0.492488 0.267063
vt 0.492488 0.270800
vt 0.493112 0.271967
vt 0.493112 0.265830
vt 0.494266 0.272708
vt 0.495419 0.264633
vt 0.494266 0.264971
vt 0.495420 0.273099
vt 0.538559 0.363836
vt 0.811147 0.362690
vt 0.811147 0.363847
vt 0.811147 0.375540
vt 0.538559 0.376702
vt 0.538559 0.375545
vt 0.538559 0.372904
vt 0.811147 0.371519
vt 0.811147 0.372899
vt 0.538559 0.369636
vt 0.811147 0.367754
vt 0.811147 0.369637
vt 0.538559 0.367750
vt 0.811147 0.366433
vt 0.538559 0.374344
vt 0.811147 0.374338
vt 0.538559 0.365054
vt 0.811147 0.365063
vt 0.538559 0.371521
vt 0.494116 0.956804
vt 0.494367 0.954936
vt 0.494367 0.958673
vt 0.494991 0.953768
vt 0.494991 0.959906
vt 0.497298 0.961103
vt 0.498452 0.952556
vt 0.498452 0.961183
vt 0.496145 0.953027
vt 0.496145 0.960765
vt 0.770961 0.952556
vt 0.770961 0.961183
vt 0.775298 0.956804
vt 0.775047 0.958673
vt 0.775047 0.954936
vt 0.774422 0.953768
vt 0.774422 0.959906
vt 0.773269 0.953027
vt 0.772115 0.961103
vt 0.773269 0.960765
vt 0.772115 0.952637
vt 0.665686 0.244014
vt 0.634938 0.215773
vt 0.665686 0.201380
vt 0.618841 0.244014
vt 0.634938 0.244014
vt 0.681782 0.244014
vt 0.712531 0.215773
vt 0.712531 0.244014
vt 0.681782 0.201380
vt 0.871528 0.142617
vt 0.880738 0.111786
vt 0.880738 0.142617
vt 0.876123 0.205091
vt 0.877897 0.240023
vt 0.876123 0.243411
vt 0.993977 0.269050
vt 0.998381 0.288604
vt 0.993977 0.288604
vt 0.993977 0.212144
vt 0.998381 0.231698
vt 0.993977 0.231698
vt 0.998381 0.325957
vt 0.993977 0.325957
vt 0.998381 0.269050
vt 0.896183 0.243411
vt 0.896183 0.205091
vt 0.877897 0.208479
vt 0.894410 0.240023
vt 0.955246 0.233908
vt 0.966140 0.221198
vt 0.966140 0.246618
vt 0.520251 0.300706
vt 0.568695 0.302066
vt 0.520251 0.302066
vt 0.494891 0.300706
vt 0.494891 0.302065
vt 0.769543 0.152930
vt 0.809336 0.173762
vt 0.769543 0.173762
vt 0.594057 0.300706
vt 0.642504 0.302065
vt 0.594057 0.302066
vt 0.911238 0.288521
vt 0.923613 0.274084
vt 0.923613 0.302958
vt 0.744912 0.765409
vt 0.759079 0.725769
vt 0.759079 0.774328
vt 0.670758 0.726788
vt 0.684925 0.766429
vt 0.670758 0.775347
vt 0.568695 0.300706
vt 0.870036 0.212733
vt 0.875208 0.242805
vt 0.870036 0.235525
vt 0.855654 0.205453
vt 0.875208 0.205453
vt 0.860826 0.212733
vt 0.855654 0.242805
vt 0.860826 0.235525
vt 0.839526 0.142617
vt 0.848736 0.111786
vt 0.848736 0.142617
vt 0.871528 0.111786
vt 0.816735 0.142617
vt 0.839526 0.111786
vt 0.798879 0.243123
vt 0.781868 0.213599
vt 0.798879 0.205454
vt 0.835494 0.243123
vt 0.855097 0.213599
vt 0.855097 0.243123
vt 0.818483 0.243123
vt 0.835494 0.213599
vt 0.818483 0.205454
vt 0.849605 0.166815
vt 0.859551 0.144123
vt 0.859551 0.166815
vt 0.867660 0.397438
vt 0.869957 0.376888
vt 0.869956 0.399431
vt 0.936031 0.068572
vt 0.931584 0.044758
vt 0.936031 0.044758
vt 0.936031 0.024093
vt 0.931584 0.000279
vt 0.936031 0.000279
vt 0.931584 0.024093
vt 0.936031 0.089238
vt 0.931584 0.068572
vt 0.846276 0.378881
vt 0.843979 0.376888
vt 0.846276 0.397438
vt 0.843979 0.399431
vt 0.868177 0.375612
vt 0.857217 0.362667
vt 0.868177 0.349722
vt 0.904286 0.302361
vt 0.874268 0.300799
vt 0.904286 0.300799
vt 0.809657 0.302361
vt 0.775064 0.300799
vt 0.809657 0.300799
vt 0.846208 0.375267
vt 0.846208 0.350067
vt 0.860774 0.166836
vt 0.887520 0.143627
vt 0.887520 0.166836
vt 0.874268 0.302361
vt 0.839675 0.300799
vt 0.839675 0.302361
vt 0.648623 0.762614
vt 0.642447 0.747308
vt 0.648623 0.752668
vt 0.660085 0.762614
vt 0.642447 0.767973
vt 0.666261 0.747308
vt 0.666261 0.767973
vt 0.660085 0.752668
vt 0.828197 0.166815
vt 0.838143 0.144123
vt 0.838143 0.166815
vt 0.816736 0.166815
vt 0.828197 0.144123
vt 0.849605 0.144123
vt 0.971799 0.450615
vt 0.957650 0.361002
vt 0.971799 0.358219
vt 0.664632 0.313858
vt 0.650482 0.316179
vt 0.650482 0.313858
vt 0.647699 0.316179
vt 0.957650 0.358219
vt 0.757029 0.313858
vt 0.664632 0.316179
vt 0.995035 0.506937
vt 0.999264 0.606332
vt 0.999264 0.503850
vt 0.983569 0.503850
vt 0.983569 0.506937
vt 0.931908 0.917136
vt 0.777114 0.917136
vt 0.931908 0.823206
vt 0.464685 0.994928
vt 0.619011 0.997469
vt 0.464685 0.997469
vt 0.024906 0.616113
vt 0.118837 0.613572
vt 0.118837 0.616113
vt 0.897632 0.407282
vt 0.803702 0.409823
vt 0.803702 0.407282
vt 0.488645 0.823206
vt 0.642975 0.917136
vt 0.488645 0.917136
vt 0.309325 0.994928
vt 0.464127 0.997469
vt 0.309325 0.997469
vt 0.488644 0.407283
vt 0.500829 0.409825
vt 0.488644 0.409825
vt 0.500829 0.407283
vt 0.634953 0.409826
vt 0.642975 0.929323
vt 0.647144 0.409826
vt 0.634954 0.407283
vt 0.647144 0.407283
vt 0.491702 0.303569
vt 0.488642 0.213258
vt 0.488642 0.307188
vt 0.928643 0.303569
vt 0.931904 0.213258
vt 0.928643 0.213258
vt 0.777111 0.307188
vt 0.773909 0.303569
vt 0.773909 0.317037
vt 0.646173 0.317037
vt 0.777111 0.319375
vt 0.642971 0.307188
vt 0.642971 0.319375
vt 0.492260 0.167325
vt 0.554321 0.255118
vt 0.492260 0.255118
vt 0.713331 0.407283
vt 0.651272 0.409824
vt 0.651272 0.407283
vt 0.803143 0.407283
vt 0.713331 0.409824
vt 0.989893 0.903384
vt 0.932465 0.900001
vt 0.932465 0.903384
vt 0.989893 0.986427
vt 0.994527 0.900001
vt 0.808002 0.703425
vt 0.808002 0.689397
vt 0.812347 0.689397
vt 0.873227 0.177736
vt 0.738914 0.175347
vt 0.873227 0.175346
vt 0.724888 0.177736
vt 0.738914 0.177736
vt 0.887255 0.175346
vt 0.887255 0.177736
vt 0.720543 0.177736
vt 0.724888 0.175347
vt 0.890564 0.175346
vt 0.890564 0.177736
vt 0.938998 0.689397
vt 0.942307 0.689397
vt 0.942307 0.703425
vt 0.812436 0.774493
vt 0.945397 0.777182
vt 0.942012 0.774493
vt 0.807989 0.762831
vt 0.812436 0.762831
vt 0.945397 0.762831
vt 0.942012 0.762831
vt 0.707964 0.255632
vt 0.707964 0.259791
vt 0.459511 0.726183
vt 0.458285 0.729387
vt 0.430221 0.648937
vt 0.430222 0.672152
vt 0.649257 0.409824
vt 0.554321 0.165310
vt 0.492260 0.165310
vt 0.957649 0.356739
vt 0.988526 0.460744
vt 0.990692 0.360974
vt 0.525530 0.307749
vt 0.538001 0.395553
vt 0.538001 0.307749
vt 0.513322 0.307749
vt 0.525530 0.395553
vt 0.500851 0.307749
vt 0.513322 0.395553
vt 0.488643 0.307749
vt 0.500851 0.395553
vt 0.982666 0.591988
vt 0.977331 0.621900
vt 0.982666 0.621900
vt 0.982666 0.562708
vt 0.977331 0.591988
vt 0.982666 0.532797
vt 0.977331 0.562708
vt 0.982666 0.503517
vt 0.977331 0.532797
vt 0.706871 0.562211
vt 0.679444 0.564643
vt 0.704387 0.564643
vt 0.772529 0.637727
vt 0.798460 0.636216
vt 0.774008 0.636216
vt 0.676959 0.591491
vt 0.704387 0.589059
vt 0.679444 0.589059
vt 0.799939 0.637727
vt 0.798460 0.611236
vt 0.774008 0.611236
vt 0.706871 0.591491
vt 0.772529 0.609726
vt 0.669069 0.772989
vt 0.640637 0.771996
vt 0.639664 0.772989
vt 0.639664 0.742950
vt 0.668096 0.743943
vt 0.669069 0.742950
vt 0.969312 0.614254
vt 0.974296 0.586896
vt 0.969312 0.586896
vt 0.969312 0.558948
vt 0.974296 0.558948
vt 0.974296 0.531590
vt 0.969312 0.531590
vt 0.974296 0.503642
vt 0.969312 0.503642
vt 0.640637 0.743943
vt 0.676959 0.562211
vt 0.799939 0.609726
vt 0.668096 0.771996
vt 0.895602 0.711716
vt 0.902406 0.731157
vt 0.895602 0.731157
vt 0.875191 0.711716
vt 0.881995 0.731157
vt 0.875191 0.731157
vt 0.881995 0.711716
vt 0.888799 0.731157
vt 0.888799 0.711716
vt 0.860637 0.746166
vt 0.868164 0.715550
vt 0.868164 0.750721
vt 0.847239 0.715550
vt 0.850175 0.750721
vt 0.847239 0.750721
vt 0.850175 0.715550
vt 0.857702 0.746166
vt 0.857702 0.714994
vt 0.798873 0.258989
vt 0.900275 0.267095
vt 0.781867 0.267095
vt 0.900275 0.247681
vt 0.798873 0.255788
vt 0.781867 0.247682
vt 0.781867 0.244481
vt 0.900275 0.244481
vt 0.883269 0.258989
vt 0.883269 0.255788
vt 0.713216 0.726135
vt 0.720804 0.771699
vt 0.713216 0.771699
vt 0.720804 0.726135
vt 0.728392 0.771699
vt 0.728392 0.726135
vt 0.735979 0.771699
vt 0.735979 0.726135
vt 0.743567 0.771699
vt 0.887788 0.748571
vt 0.900989 0.761772
vt 0.887788 0.761772
vt 0.900989 0.732158
vt 0.887788 0.745359
vt 0.887788 0.732158
vt 0.900989 0.748571
vt 0.914191 0.745359
vt 0.927392 0.748571
vt 0.914191 0.748571
vt 0.900989 0.745359
vt 0.874587 0.745359
vt 0.874587 0.748571
vt 0.860637 0.714994
vt 0.400948 0.643861
vt 0.398561 0.687824
vt 0.398561 0.643861
vt 0.408109 0.687824
vt 0.405722 0.643861
vt 0.408109 0.643861
vt 0.405722 0.687824
vt 0.403335 0.643861
vt 0.403335 0.687824
vt 0.057064 0.609249
vt 0.114216 0.608144
vt 0.114216 0.609249
vt 0.057064 0.608144
vt 0.114216 0.605757
vt 0.057064 0.612742
vt 0.114216 0.611637
vt 0.114216 0.612742
vt 0.057064 0.611637
vt 0.056996 0.601337
vt 0.114148 0.600231
vt 0.114148 0.601337
vt 0.056996 0.600231
vt 0.114148 0.597844
vt 0.056996 0.604830
vt 0.114148 0.603724
vt 0.114148 0.604830
vt 0.056996 0.603724
vt 0.522561 0.725409
vt 0.579713 0.724303
vt 0.579713 0.725409
vt 0.522561 0.724303
vt 0.579713 0.721916
vt 0.522561 0.728902
vt 0.579713 0.727796
vt 0.579713 0.728902
vt 0.522561 0.727796
vt 0.882203 0.379340
vt 0.880612 0.350031
vt 0.882203 0.350031
vt 0.886978 0.379340
vt 0.885386 0.350031
vt 0.886978 0.350031
vt 0.885386 0.379340
vt 0.883795 0.350031
vt 0.883795 0.379340
vt 0.963985 0.587882
vt 0.965090 0.705756
vt 0.963985 0.705756
vt 0.965091 0.587882
vt 0.967478 0.705756
vt 0.960492 0.587882
vt 0.961598 0.705756
vt 0.960492 0.705756
vt 0.961598 0.587882
vt 0.972223 0.617411
vt 0.973328 0.735286
vt 0.972222 0.735286
vt 0.973328 0.617411
vt 0.975715 0.735286
vt 0.968729 0.617411
vt 0.969835 0.735286
vt 0.968730 0.735286
vt 0.988017 0.781095
vt 0.989122 0.898970
vt 0.988017 0.898970
vt 0.989123 0.781095
vt 0.991509 0.898970
vt 0.984524 0.781095
vt 0.985630 0.898970
vt 0.984524 0.898970
vt 0.985630 0.781095
vt 0.969835 0.617411
vt 0.987567 0.510852
vt 0.988673 0.700771
vt 0.987567 0.700770
vt 0.988673 0.510852
vt 0.991060 0.700770
vt 0.984075 0.510852
vt 0.985180 0.700770
vt 0.984073 0.700770
vt 0.985180 0.510852
vt 0.995649 0.607235
vt 0.996755 0.797154
vt 0.995648 0.797154
vt 0.996754 0.607235
vt 0.999142 0.797154
vt 0.992156 0.607235
vt 0.993261 0.797154
vt 0.992154 0.797154
vt 0.993262 0.607235
vt 0.980085 0.622854
vt 0.981192 0.812772
vt 0.980085 0.812772
vt 0.981191 0.622854
vt 0.983579 0.812772
vt 0.976593 0.622854
vt 0.977698 0.812772
vt 0.976591 0.812772
vt 0.977698 0.622854
vt 0.993974 0.049311
vt 0.996141 0.105883
vt 0.993974 0.105883
vt 0.560897 0.256892
vt 0.554879 0.194303
vt 0.560897 0.200321
vt 0.988527 0.129954
vt 0.990693 0.198560
vt 0.988527 0.198560
vt 0.996141 0.000278
vt 0.996141 0.049311
vt 0.988527 0.259628
vt 0.615947 0.194303
vt 0.993974 0.211485
vt 0.996141 0.154913
vt 0.996141 0.211485
vt 0.990693 0.000278
vt 0.988527 0.068885
vt 0.988527 0.000278
vt 0.615947 0.262910
vt 0.609929 0.200321
vt 0.990693 0.129954
vt 0.554879 0.262910
vt 0.462471 0.554473
vt 0.461325 0.605525
vt 0.461326 0.554473
vt 0.893659 0.345954
vt 0.890132 0.399769
vt 0.890132 0.348710
vt 0.097208 0.997969
vt 0.122304 0.996998
vt 0.122304 0.997968
vt 0.462471 0.668372
vt 0.461325 0.680160
vt 0.461325 0.668372
vt 0.938461 0.056858
vt 0.937804 0.000278
vt 0.938461 0.000278
vt 0.608651 0.201421
vt 0.596168 0.255502
vt 0.596168 0.201421
vt 0.462471 0.617312
vt 0.461325 0.617312
vt 0.875486 0.345954
vt 0.878347 0.399769
vt 0.875486 0.402525
vt 0.842619 0.705008
vt 0.845322 0.758823
vt 0.842619 0.761579
vt 0.249536 0.997969
vt 0.198465 0.996998
vt 0.249536 0.996998
vt 0.173364 0.996998
vt 0.173364 0.997969
vt 0.198465 0.997969
vt 0.870423 0.758823
vt 0.870423 0.707763
vt 0.845322 0.707763
vt 0.873478 0.761579
vt 0.462471 0.605525
vt 0.878347 0.348710
vt 0.893659 0.402525
vt 0.983789 0.451885
vt 0.958688 0.502945
vt 0.958688 0.451885
vt 0.609929 0.256892
vt 0.873478 0.705008
vt 0.929838 0.580080
vt 0.928867 0.554473
vt 0.928867 0.580080
vt 0.056266 0.571198
vt 0.053563 0.610252
vt 0.056266 0.613007
vt 0.929838 0.641978
vt 0.928868 0.678268
vt 0.929838 0.678268
vt 0.929838 0.616378
vt 0.928867 0.616378
vt 0.928867 0.641978
vt 0.027962 0.573954
vt 0.024907 0.571198
vt 0.027962 0.610252
vt 0.024907 0.613007
vt 0.659097 0.040009
vt 0.631732 0.078808
vt 0.659097 0.078808
vt 0.053563 0.573954
vt 0.996698 0.073446
vt 0.998865 0.115256
vt 0.998865 0.073446
vt 0.666747 0.086461
vt 0.660729 0.038634
vt 0.660729 0.080443
vt 0.927335 0.502520
vt 0.925169 0.448676
vt 0.925169 0.502520
vt 0.996698 0.146614
vt 0.996698 0.115256
vt 0.925169 0.351436
vt 0.927335 0.308040
vt 0.925169 0.308040
vt 0.623352 0.086461
vt 0.996698 0.042088
vt 0.998865 0.000279
vt 0.996698 0.000279
vt 0.925169 0.405282
vt 0.927335 0.351436
vt 0.629370 0.038634
vt 0.623352 0.032616
vt 0.927335 0.448676
vt 0.666747 0.032616
vt 0.629370 0.080443
vt 0.913230 0.710764
vt 0.909260 0.704930
vt 0.913230 0.704930
vt 0.917199 0.710764
vt 0.917200 0.704930
vt 0.921168 0.710764
vt 0.921168 0.704930
vt 0.925138 0.710764
vt 0.925138 0.704930
vt 0.929106 0.710764
vt 0.929106 0.704930
vt 0.933076 0.710764
vt 0.933076 0.704930
vt 0.937046 0.710764
vt 0.937046 0.704929
vt 0.885445 0.710764
vt 0.881476 0.704929
vt 0.885445 0.704930
vt 0.889414 0.710764
vt 0.889414 0.704929
vt 0.893383 0.710764
vt 0.893383 0.704930
vt 0.897352 0.710764
vt 0.897352 0.704930
vt 0.901322 0.710764
vt 0.901322 0.704930
vt 0.905291 0.710764
vt 0.905291 0.704929
vt 0.909260 0.710764
vt 0.878435 0.704930
vt 0.881476 0.710764
vt 0.878435 0.710793
vt 0.940086 0.704930
vt 0.940086 0.710793
vt 0.908973 0.724431
vt 0.938045 0.727242
vt 0.908973 0.727242
vt 0.938045 0.715636
vt 0.908973 0.715636
vt 0.938045 0.736037
vt 0.908973 0.738848
vt 0.908973 0.736037
vt 0.817492 0.738306
vt 0.831248 0.734927
vt 0.831248 0.738306
vt 0.817492 0.755441
vt 0.831248 0.752062
vt 0.831248 0.755441
vt 0.817492 0.752062
vt 0.834628 0.752062
vt 0.834628 0.738306
vt 0.814112 0.738306
vt 0.814112 0.752062
vt 0.349547 0.693423
vt 0.353885 0.693798
vt 0.353774 0.692858
vt 0.349378 0.692574
vt 0.353646 0.691914
vt 0.349252 0.691593
vt 0.353511 0.690969
vt 0.349389 0.698095
vt 0.353772 0.697579
vt 0.349474 0.697108
vt 0.353857 0.696630
vt 0.349607 0.696252
vt 0.353927 0.695685
vt 0.349694 0.695521
vt 0.353959 0.694740
vt 0.349714 0.694834
vt 0.349665 0.694149
vt 0.348533 0.694859
vt 0.348455 0.694156
vt 0.348282 0.693449
vt 0.348120 0.692612
vt 0.348212 0.697122
vt 0.348340 0.696278
vt 0.348484 0.695565
vt 0.336399 0.695086
vt 0.336411 0.692417
vt 0.336478 0.691334
vt 0.336395 0.693649
vt 0.336590 0.698849
vt 0.348219 0.698122
vt 0.348086 0.691616
vt 0.336667 0.690304
vt 0.336438 0.696525
vt 0.336491 0.697762
vt 0.334739 0.695110
vt 0.334679 0.693505
vt 0.334608 0.692073
vt 0.334638 0.690755
vt 0.334750 0.699479
vt 0.336812 0.699880
vt 0.334687 0.698156
vt 0.334722 0.696718
vt 0.254313 0.697642
vt 0.254322 0.695951
vt 0.254293 0.692609
vt 0.254313 0.702612
vt 0.254299 0.700972
vt 0.254312 0.694267
vt 0.254298 0.699318
vt 0.254283 0.690985
vt 0.254280 0.689381
vt 0.334788 0.689427
vt 0.248548 0.690835
vt 0.248761 0.697817
vt 0.248882 0.695894
vt 0.248335 0.701089
vt 0.248845 0.693990
vt 0.248708 0.692316
vt 0.245704 0.694137
vt 0.245767 0.692631
vt 0.245754 0.691237
vt 0.245603 0.689881
vt 0.248410 0.689397
vt 0.245110 0.701986
vt 0.248158 0.702612
vt 0.248552 0.699540
vt 0.245365 0.700523
vt 0.245486 0.699038
vt 0.245551 0.697464
vt 0.242111 0.698252
vt 0.242237 0.696927
vt 0.242535 0.691761
vt 0.242377 0.690450
vt 0.241605 0.701055
vt 0.241906 0.699623
vt 0.245626 0.695787
vt 0.242354 0.695583
vt 0.242463 0.694268
vt 0.242545 0.693019
vt 0.238562 0.699063
vt 0.238261 0.700494
vt 0.239753 0.698215
vt 0.239029 0.701670
vt 0.241138 0.698447
vt 0.240414 0.701903
vt 0.551296 0.731575
vt 0.555265 0.737410
vt 0.555265 0.731575
vt 0.559234 0.737410
vt 0.559235 0.731575
vt 0.563204 0.737410
vt 0.563204 0.731575
vt 0.567173 0.737410
vt 0.567173 0.731575
vt 0.571142 0.737410
vt 0.571142 0.731575
vt 0.575112 0.737410
vt 0.575112 0.731575
vt 0.579081 0.737410
vt 0.579081 0.731575
vt 0.523511 0.731575
vt 0.527480 0.737410
vt 0.527480 0.731575
vt 0.531450 0.737410
vt 0.531450 0.731575
vt 0.535419 0.737410
vt 0.535419 0.731575
vt 0.539388 0.737410
vt 0.539388 0.731575
vt 0.543358 0.737410
vt 0.543358 0.731575
vt 0.547326 0.737410
vt 0.547326 0.731575
vt 0.551296 0.737410
vt 0.523511 0.737410
vt 0.520471 0.731575
vt 0.520471 0.737439
vt 0.582121 0.731575
vt 0.052675 0.594212
vt 0.029562 0.591181
vt 0.029562 0.594212
vt 0.029562 0.603694
vt 0.052675 0.603694
vt 0.052675 0.578668
vt 0.029562 0.581699
vt 0.052675 0.581699
vt 0.052675 0.591181
vt 0.831726 0.711960
vt 0.817971 0.715339
vt 0.831726 0.715339
vt 0.831726 0.729095
vt 0.817971 0.732474
vt 0.831726 0.732474
vt 0.817971 0.729095
vt 0.835105 0.729095
vt 0.835105 0.715339
vt 0.814592 0.715339
vt 0.814592 0.729095
vt 0.582121 0.737438
vt 0.455377 0.576336
vt 0.454174 0.556324
vt 0.455377 0.556324
vt 0.454175 0.576336
vt 0.455377 0.580759
vt 0.454175 0.580759
vt 0.454175 0.622979
vt 0.455377 0.622979
vt 0.455377 0.627488
vt 0.454175 0.627488
vt 0.981719 0.925150
vt 0.974120 0.905112
vt 0.983787 0.905244
vt 0.979706 0.934325
vt 0.946296 0.929621
vt 0.980827 0.929957
vt 0.938557 0.949606
vt 0.936628 0.929686
vt 0.940678 0.909581
vt 0.978551 0.928237
vt 0.492296 0.292430
vt 0.908963 0.299703
vt 0.492261 0.299703
vt 0.421669 0.985891
vt 0.232691 0.982592
vt 0.421677 0.982592
vt 0.420139 0.979316
vt 0.231153 0.979316
vt 0.785104 0.993226
vt 0.879073 0.996012
vt 0.785104 0.996012
vt 0.785966 0.999360
vt 0.879935 0.999360
vt 0.536357 0.406457
vt 0.835764 0.401231
vt 0.536318 0.401231
vt 0.835725 0.396005
vt 0.833096 0.357575
vt 0.805378 0.361765
vt 0.835102 0.361765
vt 0.803364 0.348777
vt 0.832660 0.353182
vt 0.832660 0.348777
vt 0.709218 0.197562
vt 0.682559 0.193553
vt 0.682559 0.197562
vt 0.905209 0.516919
vt 0.927004 0.520213
vt 0.928582 0.516919
vt 0.712508 0.200728
vt 0.799747 0.345298
vt 0.803372 0.357575
vt 0.836766 0.353762
vt 0.799703 0.353762
vt 0.902324 0.513920
vt 0.442849 0.716103
vt 0.402724 0.711842
vt 0.400790 0.715930
vt 0.398557 0.706973
vt 0.438682 0.702713
vt 0.396623 0.702886
vt 0.835460 0.367748
vt 0.815520 0.363226
vt 0.815520 0.367748
vt 0.618495 0.209174
vt 0.638435 0.213696
vt 0.638435 0.209174
vt 0.440615 0.706800
vt 0.394012 0.709151
vt 0.445628 0.709151
vt 0.447393 0.718281
vt 0.616336 0.204621
vt 0.813148 0.372750
vt 0.837832 0.372750
vt 0.777918 0.935040
vt 0.503746 0.930255
vt 0.503687 0.935040
vt 0.777862 0.939825
vt 0.650266 0.977711
vt 0.422897 0.973743
vt 0.422873 0.977711
vt 0.650246 0.981680
vt 0.984568 0.957314
vt 0.775851 0.953670
vt 0.775849 0.957314
vt 0.984565 0.960957
vt 0.810659 0.983455
vt 0.983565 0.980432
vt 0.809241 0.980432
vt 0.984967 0.986498
vt 0.984983 0.983455
vt 0.674690 0.989969
vt 0.836571 0.992794
vt 0.837771 0.989969
vt 0.837762 0.987122
vt 0.770275 0.941404
vt 0.495446 0.946201
vt 0.770311 0.946201
vt 0.495482 0.950998
vt 0.897021 0.270600
vt 0.781868 0.273736
vt 0.781868 0.270600
vt 0.782600 0.267897
vt 0.897753 0.267897
vt 0.489332 0.146805
vt 0.517645 0.150224
vt 0.489332 0.150224
vt 0.517645 0.153609
vt 0.489332 0.153609
vt 0.809140 0.976511
vt 0.985102 0.973742
vt 0.986401 0.976511
vt 0.986401 0.978960
vt 0.807841 0.973742
vt 0.940285 0.814330
vt 0.936681 0.897736
vt 0.936681 0.814330
vt 0.945365 0.897736
vt 0.941760 0.814330
vt 0.945365 0.814330
vt 0.935206 0.897736
vt 0.940285 0.897736
vt 0.941760 0.897736
vt 0.977906 0.815715
vt 0.974301 0.899122
vt 0.974301 0.815715
vt 0.979381 0.899122
vt 0.982985 0.815715
vt 0.982985 0.899122
vt 0.972827 0.899122
vt 0.977906 0.899122
vt 0.979380 0.815715
vt 0.965083 0.815715
vt 0.961478 0.899122
vt 0.961478 0.815715
vt 0.966557 0.899122
vt 0.970162 0.815715
vt 0.970162 0.899122
vt 0.960004 0.899122
vt 0.965083 0.899122
vt 0.966557 0.815715
vt 0.984399 0.000279
vt 0.980717 0.217410
vt 0.980717 0.000279
vt 0.979872 0.217410
vt 0.984399 0.217410
vt 0.985244 0.000279
vt 0.985244 0.217410
vt 0.780019 0.998430
vt 0.622924 0.997901
vt 0.622924 0.998434
vt 0.780019 0.997367
vt 0.780936 0.996451
vt 0.780399 0.996451
vt 0.781315 0.996830
vt 0.780399 0.997747
vt 0.780936 0.997747
vt 0.780019 0.997899
vt 0.622924 0.997369
vt 0.622547 0.995926
vt 0.622014 0.997212
vt 0.622547 0.997212
vt 0.780019 0.995236
vt 0.622924 0.994705
vt 0.622924 0.995237
vt 0.622924 0.996303
vt 0.780019 0.995767
vt 0.622924 0.995770
vt 0.780019 0.996830
vt 0.622924 0.996836
vt 0.621638 0.996303
vt 0.621638 0.996836
vt 0.781315 0.997367
vt 0.780019 0.998962
vt 0.622924 0.998967
vt 0.881175 0.994570
vt 0.999152 0.991367
vt 0.999152 0.994571
vt 0.881175 0.991367
vt 0.999152 0.990143
vt 0.881175 0.999000
vt 0.999152 0.995796
vt 0.999152 0.998999
vt 0.881175 0.995796
vt 0.934629 0.819470
vt 0.808002 0.817334
vt 0.934629 0.817334
vt 0.934629 0.816517
vt 0.934629 0.822422
vt 0.808002 0.820287
vt 0.934629 0.820287
vt 0.980856 0.358096
vt 0.983243 0.401664
vt 0.980856 0.401664
vt 0.973695 0.401664
vt 0.976082 0.359133
vt 0.976082 0.401664
vt 0.978469 0.401664
vt 0.978469 0.359133
vt 0.420791 0.603092
vt 0.418404 0.558536
vt 0.420791 0.558536
vt 0.427952 0.558536
vt 0.425565 0.602144
vt 0.425565 0.558536
vt 0.423178 0.558536
vt 0.423178 0.602144
vt 0.976082 0.449375
vt 0.973695 0.405412
vt 0.976082 0.405412
vt 0.983243 0.449375
vt 0.980856 0.405412
vt 0.983243 0.405412
vt 0.980856 0.449375
vt 0.978469 0.405412
vt 0.978469 0.449375
vt 0.362939 0.720936
vt 0.303854 0.724138
vt 0.303854 0.720935
vt 0.362939 0.725441
vt 0.303854 0.725441
vt 0.362939 0.716430
vt 0.303854 0.719633
vt 0.303854 0.716430
vt 0.362939 0.719633
vt 0.302552 0.724138
vt 0.364241 0.720936
vt 0.362939 0.724139
vt 0.239415 0.613369
vt 0.185623 0.614475
vt 0.185623 0.613369
vt 0.239415 0.614475
vt 0.185623 0.616822
vt 0.239415 0.609916
vt 0.185623 0.611022
vt 0.185623 0.609916
vt 0.239415 0.616822
vt 0.239415 0.611022
vt 0.808002 0.819470
vt 0.808002 0.822423
vt 0.973695 0.358096
vt 0.427952 0.603092
vt 0.014251 0.981377
vt 0.230436 0.979318
vt 0.230436 0.981377
vt 0.230436 0.985783
vt 0.014251 0.987840
vt 0.014251 0.985783
vt 0.941703 0.952715
vt 0.939588 0.905206
vt 0.291074 0.730448
vt 0.025962 0.730013
vt 0.025962 0.730463
vt 0.291074 0.729552
vt 0.291839 0.728786
vt 0.291391 0.728786
vt 0.292157 0.729103
vt 0.291391 0.729869
vt 0.291840 0.729869
vt 0.291074 0.730000
vt 0.025962 0.729562
vt 0.025643 0.729430
vt 0.025193 0.728342
vt 0.025193 0.729430
vt 0.291074 0.727758
vt 0.025962 0.727309
vt 0.025962 0.727760
vt 0.025962 0.728661
vt 0.291074 0.728206
vt 0.025962 0.728211
vt 0.291074 0.729103
vt 0.025962 0.729112
vt 0.024874 0.728661
vt 0.024874 0.729111
vt 0.292157 0.729552
vt 0.291074 0.730897
vt 0.025962 0.730914
vt 0.025643 0.728343
vt 0.890367 0.087952
vt 0.607202 0.394853
vt 0.412758 0.934899
vt 0.781311 0.272962
vt 0.492261 0.291497
vt 0.412175 0.410629
vt 0.902177 0.272962
vt 0.024908 0.713418
vt 0.000280 0.875915
vt 0.213836 0.968168
vt 0.488085 0.904608
vt 0.895536 0.317751
vt 0.636534 0.972525
vt 0.000280 0.957016
vt 0.640579 0.962591
vt 0.208973 0.979217
vt 0.422246 0.982662
vt 0.635629 0.308041
vt 0.933228 0.762993
vt 0.000279 0.945888
vt 0.299877 0.715045
vt 0.000279 0.903316
vt 0.488087 0.204149
vt 0.392329 0.730467
vt 0.464013 0.555587
vt 0.900541 0.511911
vt 0.705375 0.263073
vt 0.091218 0.994472
vt 0.000279 0.994472
vt 0.550301 0.349957
vt 0.538558 0.355075
vt 0.778469 0.952739
vt 0.778536 0.934898
vt 0.564018 0.757799
vt 0.230995 0.994027
vt 0.538309 0.775215
vt 0.649201 0.987122
vt 0.647124 0.982585
vt 0.583895 0.722327
vt 0.622793 0.031380
vt 0.954128 0.000278
vt 0.944498 0.258977
vt 0.958129 0.671556
vt 0.933500 0.682049
vt 0.945056 0.470185
vt 0.954686 0.199818
vt 0.979315 0.147468
vt 0.979316 0.000278
vt 0.946093 0.670382
vt 0.996139 0.489527
vt 0.930616 0.308039
vt 0.937245 0.000280
vt 0.872069 0.348708
vt 0.424802 0.631414
vt 0.838612 0.402523
vt 0.889065 0.086035
vt 0.997667 0.485717
vt 0.842062 0.705008
vt 0.564248 0.201818
vt 0.606124 0.393655
vt 0.995581 0.326997
vt 0.903237 0.112509
vt 0.833671 0.393462
vt 0.833671 0.384987
vt 0.893322 0.235777
vt 0.893322 0.226143
vt 0.768648 0.165317
vt 0.701737 0.254077
vt 0.701737 0.244481
vt 0.592014 0.192748
vt 0.592014 0.183152
vt 0.896242 0.320312
vt 0.845786 0.962592
vt 0.975172 0.971067
vt 0.945469 0.760738
vt 0.904219 0.752263
vt 0.238970 0.712366
vt 0.365624 0.546666
vt 0.365624 0.555141
vt 0.616504 0.254078
vt 0.616504 0.245603
vt 0.808669 0.812405
vt 0.538558 0.378291
vt 0.605177 0.386765
vt 0.633617 0.927585
vt 0.504364 0.919110
vt 0.489312 0.162634
vt 0.434127 0.957015
vt 0.566259 0.341935
vt 0.538558 0.332286
vt 0.568819 0.332575
vt 0.646731 0.310741
vt 0.769657 0.301350
vt 0.772245 0.310741
vt 0.938327 0.794576
vt 0.936269 0.803436
vt 0.932942 0.553124
vt 0.932942 0.542206
vt 0.244005 0.685449
vt 0.396498 0.726183
vt 0.309214 0.559285
vt 0.367625 0.545882
vt 0.439681 0.614763
vt 0.452412 0.614763
vt 0.339135 0.632535
vt 0.324161 0.633175
vt 0.333709 0.633175
vt 0.960192 0.503732
vt 0.960435 0.708714
vt 0.993418 0.000279
vt 0.991251 0.129134
vt 0.985801 0.153610
vt 0.984345 0.489303
vt 0.986511 0.398671
vt 0.991251 0.373681
vt 0.930058 0.384388
vt 0.445479 0.705629
vt 0.407171 0.564476
vt 0.417356 0.568049
vt 0.462037 0.720818
vt 0.944571 0.779982
vt 0.944711 0.787785
vt 0.922912 0.789869
vt 0.817616 0.791687
vt 0.808353 0.975295
vt 0.808455 0.982648
vt 0.787680 0.984781
vt 0.656696 0.986594
vt 0.000278 0.890790
vt 0.485337 0.876731
vt 0.711683 0.526596
vt 0.923286 0.540615
vt 0.711683 0.530342
vt 0.709324 0.273099
vt 0.538559 0.362679
vt 0.811147 0.376697
vt 0.538559 0.366426
vt 0.497298 0.952637
vt 0.618841 0.215773
vt 0.998381 0.212144
vt 0.894410 0.208479
vt 0.809336 0.152930
vt 0.642504 0.300706
vt 0.744912 0.734687
vt 0.684925 0.735707
vt 0.816735 0.111786
vt 0.781868 0.243123
vt 0.867660 0.378881
vt 0.931584 0.089238
vt 0.775064 0.302361
vt 0.860774 0.143627
vt 0.816736 0.144123
vt 0.957650 0.450615
vt 0.647699 0.313858
vt 0.757029 0.316179
vt 0.995035 0.606332
vt 0.619011 0.994928
vt 0.024906 0.613572
vt 0.897632 0.409823
vt 0.464127 0.994928
vt 0.777114 0.929323
vt 0.491702 0.213258
vt 0.931904 0.307188
vt 0.646173 0.303569
vt 0.803143 0.409824
vt 0.994527 0.989809
vt 0.720543 0.175347
vt 0.807989 0.777182
vt 0.459511 0.729387
vt 0.647890 0.407283
vt 0.488643 0.395553
vt 0.977331 0.503517
vt 0.974296 0.614254
vt 0.902406 0.711716
vt 0.743567 0.726135
vt 0.927392 0.745359
vt 0.400948 0.687824
vt 0.057064 0.605757
vt 0.056996 0.597844
vt 0.522561 0.721916
vt 0.880612 0.379340
vt 0.967478 0.587882
vt 0.975715 0.617411
vt 0.991510 0.781095
vt 0.991060 0.510852
vt 0.999141 0.607235
vt 0.983578 0.622854
vt 0.993974 0.000278
vt 0.990693 0.259628
vt 0.993974 0.154913
vt 0.990693 0.068885
vt 0.097208 0.996998
vt 0.462471 0.680160
vt 0.937804 0.056858
vt 0.608651 0.255502
vt 0.983789 0.502945
vt 0.929838 0.554473
vt 0.631732 0.040009
vt 0.998865 0.146614
vt 0.998865 0.042088
vt 0.927335 0.405282
vt 0.938045 0.724430
vt 0.938045 0.738849
vt 0.817492 0.734927
vt 0.353678 0.698531
vt 0.334933 0.700810
vt 0.029562 0.578667
vt 0.817971 0.711960
vt 0.908997 0.292430
vt 0.232683 0.985891
vt 0.879073 0.993226
vt 0.835804 0.406457
vt 0.536279 0.396005
vt 0.803364 0.353182
vt 0.709218 0.193553
vt 0.903631 0.520213
vt 0.679269 0.200728
vt 0.836277 0.345298
vt 0.931467 0.513920
vt 0.444782 0.712016
vt 0.835460 0.363226
vt 0.618495 0.213696
vt 0.395778 0.718281
vt 0.640594 0.204621
vt 0.777976 0.930255
vt 0.503632 0.939825
vt 0.650289 0.973743
vt 0.422853 0.981680
vt 0.984570 0.953670
vt 0.775846 0.960957
vt 0.810643 0.986498
vt 0.673490 0.992794
vt 0.674681 0.987122
vt 0.495411 0.941404
vt 0.770346 0.950998
vt 0.897021 0.273737
vt 0.517645 0.146805
vt 0.809140 0.978961
vt 0.935206 0.814330
vt 0.972827 0.815715
vt 0.960004 0.815715
vt 0.979872 0.000279
vt 0.622015 0.995926
vt 0.780019 0.994705
vt 0.780019 0.996299
vt 0.881175 0.990141
vt 0.808002 0.816517
vt 0.983243 0.358096
vt 0.418404 0.603092
vt 0.973695 0.449375
vt 0.302552 0.720935
vt 0.364241 0.724139
vt 0.014251 0.979319
vt 0.230435 0.987841
vt 0.291074 0.727309
vt 0.291074 0.728655
s 1
usemtl Cottage_FREE.002
f 42/1/1 6/2/1 5/3/1
f 94/4/2 43/5/2 42/6/2
f 6/2/1 45/7/1 3/8/1
f 46/9/2 1/10/2 52/11/2
f 44/12/3 4/13/4 26/14/5
f 28/15/6 43/16/6 29/17/6
f 5/18/1 2/19/1 1/20/1
f 6/2/1 41/21/1 60/22/1
f 105/23/7 11/24/7 60/25/7
f 8/26/8 103/27/8 10/28/8
f 43/16/6 26/29/5 29/17/6
f 7/30/2 55/31/2 54/32/2
f 11/33/8 7/34/8 9/35/8
f 2/19/1 60/36/1 61/37/1
f 31/38/9 33/39/9 32/40/9
f 37/41/6 42/42/6 28/15/6
f 20/43/10 18/44/11 13/45/12
f 25/46/13 23/47/13 24/48/13
f 14/49/8 40/50/8 15/51/8
f 33/52/2 22/53/2 25/54/2
f 24/55/1 33/56/1 25/57/1
f 36/58/1 13/59/1 19/60/1
f 20/61/2 29/62/2 21/63/2
f 40/64/8 16/65/8 15/66/8
f 17/67/1 36/68/1 19/69/1
f 21/70/8 26/71/8 18/72/8
f 20/73/1 37/74/1 28/75/1
f 30/76/8 23/77/8 22/78/8
f 31/79/7 24/80/7 23/81/7
f 18/82/11 19/83/14 13/84/12
f 99/85/8 47/86/8 4/87/8
f 35/88/1 41/21/1 3/8/1
f 26/89/2 14/90/2 18/91/2
f 10/92/15 27/93/16 34/94/17
f 34/95/7 17/96/7 16/97/7
f 17/98/18 15/99/18 16/100/18
f 15/101/14 18/82/11 14/102/14
f 37/103/19 3/104/20 45/105/4
f 38/106/8 8/26/8 10/28/8
f 10/92/15 40/107/21 38/108/22
f 8/109/23 40/110/21 39/111/24
f 41/112/25 36/113/26 27/93/16
f 36/114/26 3/104/20 37/103/19
f 8/109/23 26/14/5 4/13/4
f 59/115/8 56/116/8 58/117/8
f 51/118/8 48/119/8 50/120/8
f 55/121/8 52/122/8 54/123/8
f 46/9/2 58/124/2 56/125/2
f 49/126/2 58/124/2 48/127/2
f 53/128/2 48/127/2 52/11/2
f 46/9/2 48/127/2 58/124/2
f 51/129/2 55/31/2 12/130/2
f 926/131/2 51/129/2 12/130/2
f 61/37/1 60/36/1 62/132/1
f 62/133/7 65/134/7 61/135/7
f 9/35/8 63/136/8 11/33/8
f 68/137/7 9/138/7 67/139/7
f 64/140/1 73/141/1 65/142/1
f 66/143/7 69/144/7 73/145/7
f 69/146/8 68/147/8 67/148/8
f 69/146/8 75/149/8 72/150/8
f 75/149/8 79/151/8 77/152/8
f 75/153/7 71/154/7 72/155/7
f 79/156/7 76/157/7 77/158/7
f 74/159/1 73/141/1 71/160/1
f 74/159/1 78/161/1 65/142/1
f 42/6/2 92/162/2 94/4/2
f 46/163/2 92/162/2 5/164/2
f 43/5/2 93/165/2 46/163/2
f 47/166/2 90/167/2 4/168/2
f 89/169/2 88/170/2 47/166/2
f 86/171/2 89/169/2 84/172/2
f 85/173/2 12/174/2 80/175/2
f 84/172/2 47/166/2 85/173/2
f 47/166/2 84/172/2 89/169/2
f 85/173/2 82/176/2 87/177/2
f 80/175/2 12/174/2 81/178/2
f 83/179/2 12/174/2 8/180/2
f 87/177/2 8/180/2 4/168/2
f 83/179/2 8/180/2 82/176/2
f 4/168/2 91/181/2 86/171/2
f 90/167/2 91/181/2 4/168/2
f 86/171/2 87/177/2 4/168/2
f 100/182/7 138/183/7 102/184/7
f 44/185/8 98/186/8 99/85/8
f 44/185/8 99/85/8 4/87/8
f 96/187/8 47/86/8 97/188/8
f 46/189/8 98/186/8 43/190/8
f 101/191/8 12/192/8 11/193/8
f 12/192/8 102/194/8 8/26/8
f 103/27/8 11/193/8 10/28/8
f 10/195/7 107/196/7 41/197/7
f 114/198/7 41/197/7 107/196/7
f 10/195/7 111/199/7 106/200/7
f 111/199/7 10/195/7 110/201/7
f 115/202/7 41/197/7 114/198/7
f 41/197/7 113/203/7 60/25/7
f 105/23/7 113/203/7 112/204/7
f 107/196/7 112/204/7 114/198/7
f 109/205/7 11/24/7 104/206/7
f 106/200/7 109/205/7 104/206/7
f 10/195/7 108/207/7 110/201/7
f 80/208/8 118/209/8 82/210/8
f 94/211/22 131/212/22 95/213/22
f 88/214/8 126/215/8 90/216/8
f 81/217/27 116/218/27 80/208/27
f 89/219/27 124/220/27 88/214/27
f 83/221/1 117/222/1 81/217/1
f 91/223/1 125/224/1 89/225/1
f 82/226/22 119/227/22 83/221/22
f 90/216/22 127/228/22 91/223/22
f 84/229/8 122/230/8 86/231/8
f 92/232/8 130/233/8 94/211/8
f 85/234/27 120/235/27 84/229/27
f 93/236/27 128/237/27 92/238/27
f 87/239/1 121/240/1 85/234/1
f 95/213/1 129/241/1 93/236/1
f 86/242/22 123/243/22 87/239/22
f 99/244/2 133/245/2 97/246/2
f 102/247/22 139/248/22 103/249/22
f 96/250/7 134/251/7 98/252/7
f 101/253/27 136/254/27 100/182/27
f 98/252/22 135/255/22 99/244/22
f 97/246/27 132/256/27 96/257/27
f 103/249/2 137/258/2 101/253/2
f 110/259/22 147/260/22 111/261/22
f 108/262/1 146/263/1 110/259/1
f 114/264/22 151/265/22 115/266/22
f 105/267/27 140/268/27 104/269/27
f 112/270/1 150/271/1 114/264/1
f 109/272/27 144/273/27 108/274/27
f 105/267/8 143/275/8 141/276/8
f 113/277/27 148/278/27 112/270/27
f 111/261/8 145/279/8 109/272/8
f 106/280/22 143/275/22 107/281/22
f 115/266/8 149/282/8 113/283/8
f 104/284/1 142/285/1 106/280/1
f 158/286/8 153/287/8 152/288/8
f 169/289/22 171/290/22 173/291/22
f 161/292/22 152/293/22 155/294/22
f 163/295/1 167/296/1 160/297/1
f 162/298/1 155/294/1 154/299/1
f 161/300/2 163/301/2 160/302/2
f 168/303/2 169/304/2 167/305/2
f 169/306/8 164/307/8 165/308/8
f 170/309/1 173/291/1 171/290/1
f 172/310/27 164/307/27 166/311/27
f 173/312/2 167/305/2 169/304/2
f 168/303/2 172/313/2 166/314/2
f 175/315/2 173/312/2 172/313/2
f 162/298/27 153/287/27 159/316/27
f 160/302/2 158/317/2 161/300/2
f 163/301/2 159/318/2 157/319/2
f 170/320/2 165/321/2 164/322/2
f 181/323/22 183/324/22 185/325/22
f 180/326/2 181/327/2 179/328/2
f 181/329/8 176/330/8 177/331/8
f 184/332/27 176/330/27 178/333/27
f 185/334/2 179/328/2 181/327/2
f 180/326/2 184/335/2 178/336/2
f 182/337/2 177/338/2 176/339/2
f 193/340/7 195/341/7 192/342/7
f 207/343/2 198/344/2 194/345/2
f 203/346/22 206/347/22 204/348/22
f 195/349/8 200/350/8 199/351/8
f 197/352/8 199/351/8 201/353/8
f 198/354/8 201/353/8 202/355/8
f 196/356/8 202/355/8 200/350/8
f 191/357/27 188/358/27 190/359/27
f 189/360/8 204/348/8 188/358/8
f 194/345/22 196/361/22 193/340/22
f 192/362/27 197/363/27 207/343/27
f 182/364/1 185/325/1 183/324/1
f 184/335/2 186/365/2 185/334/2
f 192/366/8 194/367/8 193/368/8
f 158/317/2 157/319/2 159/318/2
f 154/369/2 152/370/2 153/371/2
f 212/372/27 210/373/27 209/374/27
f 211/375/22 216/376/22 208/377/22
f 214/378/2 212/372/2 209/374/2
f 216/376/2 219/379/2 218/380/2
f 214/378/22 219/379/22 215/381/22
f 224/382/27 222/383/27 221/384/27
f 223/385/22 228/386/22 220/387/22
f 226/388/2 224/382/2 221/384/2
f 228/386/2 231/389/2 230/390/2
f 226/388/22 231/389/22 227/391/22
f 244/392/27 235/393/27 232/394/27
f 233/395/22 237/396/22 243/397/22
f 246/398/2 234/399/2 244/392/2
f 237/396/2 239/400/2 249/401/2
f 246/398/22 239/400/22 236/402/22
f 244/403/27 242/404/27 241/405/27
f 240/406/22 237/407/22 247/408/22
f 245/409/8 244/403/8 241/405/8
f 248/410/8 237/407/8 249/411/8
f 246/412/22 248/410/22 249/411/22
f 254/413/27 264/414/27 252/415/27
f 263/416/22 251/417/22 257/418/22
f 255/419/8 254/413/8 252/415/8
f 257/418/8 259/420/8 258/421/8
f 256/422/22 258/421/22 259/420/22
f 261/423/27 264/424/27 262/425/27
f 263/426/22 266/427/22 260/428/22
f 265/429/2 252/430/2 261/423/2
f 266/427/2 258/431/2 267/432/2
f 265/429/22 258/431/22 255/433/22
f 361/434/27 268/435/27 283/436/27
f 359/437/22 288/438/22 363/439/22
f 283/436/1 358/440/1 361/434/1
f 284/441/1 359/437/1 362/442/1
f 352/443/22 274/444/22 271/445/22
f 276/446/27 279/447/27 270/448/27
f 281/449/22 278/450/22 275/451/22
f 270/448/2 280/452/2 276/446/2
f 274/453/2 281/449/2 282/454/2
f 274/453/22 280/452/22 271/455/22
f 286/456/27 268/457/27 287/458/27
f 288/459/22 290/460/22 285/461/22
f 289/462/7 283/463/7 286/456/7
f 290/460/7 284/464/7 291/465/7
f 289/462/22 284/464/22 272/466/22
f 294/467/27 296/468/27 293/469/27
f 300/470/22 295/471/22 292/472/22
f 296/468/7 298/473/7 293/469/7
f 303/474/7 300/470/7 302/475/7
f 303/474/22 298/473/22 299/476/22
f 306/477/27 308/478/27 305/479/27
f 312/480/22 307/481/22 304/482/22
f 308/478/7 310/483/7 305/479/7
f 315/484/7 312/480/7 314/485/7
f 315/484/22 310/483/22 311/486/22
f 318/487/27 316/488/27 324/489/27
f 330/490/22 321/491/22 323/492/22
f 319/493/8 325/494/8 318/487/8
f 321/491/8 326/495/8 322/496/8
f 319/493/22 326/495/22 320/497/22
f 328/498/27 316/499/27 325/500/27
f 332/501/22 330/502/22 327/503/22
f 325/500/7 331/504/7 328/498/7
f 326/505/7 332/501/7 333/506/7
f 326/505/22 331/504/22 320/507/22
f 336/508/27 334/509/27 343/510/27
f 339/511/22 348/512/22 341/513/22
f 343/510/8 337/514/8 336/508/8
f 344/515/8 339/511/8 340/516/8
f 344/515/22 337/514/22 338/517/22
f 346/518/27 334/519/27 347/520/27
f 348/521/22 350/522/22 345/523/22
f 349/524/2 343/525/2 346/518/2
f 350/522/2 344/526/2 351/527/2
f 349/524/22 344/526/22 338/528/22
f 356/529/1 273/530/1 274/444/1
f 355/531/1 271/445/1 270/532/1
f 278/533/22 353/534/22 357/535/22
f 279/536/27 355/531/27 270/532/27
f 284/441/22 358/440/22 272/537/22
f 368/538/8 373/539/8 369/540/8
f 372/541/7 375/542/7 373/539/7
f 369/543/2 364/544/2 368/545/2
f 370/546/22 364/544/22 366/547/22
f 371/548/27 365/549/27 369/543/27
f 373/539/27 371/550/27 369/540/27
f 372/541/22 370/551/22 374/552/22
f 381/553/2 376/554/2 380/555/2
f 378/556/22 380/555/22 376/554/22
f 379/557/27 381/553/27 383/558/27
f 382/559/8 381/553/8 380/555/8
f 392/560/1 384/561/1 395/562/1
f 385/563/7 386/564/7 384/561/7
f 387/565/27 392/560/27 393/566/27
f 384/561/22 394/567/22 395/562/22
f 389/568/22 378/569/22 376/570/22
f 379/571/27 388/572/27 377/573/27
f 377/573/1 389/568/1 376/570/1
f 397/574/1 398/575/1 396/576/1
f 399/577/7 402/578/7 398/579/7
f 403/580/8 400/581/8 402/578/8
f 401/582/2 396/576/2 400/581/2
f 405/583/28 406/584/28 404/585/28
f 406/584/7 411/586/7 410/587/7
f 411/588/29 408/589/29 410/590/29
f 409/591/2 404/585/2 408/589/2
f 410/592/30 404/585/30 406/584/30
f 413/593/31 414/594/32 412/595/32
f 414/594/7 419/596/7 418/597/7
f 419/598/33 416/599/34 418/600/34
f 417/601/2 412/595/2 416/599/2
f 421/602/27 422/603/27 420/604/27
f 423/605/7 426/606/7 422/603/7
f 427/607/22 424/608/22 426/609/22
f 425/610/2 420/604/2 424/608/2
f 429/611/1 430/612/1 428/613/1
f 430/614/7 435/615/7 434/616/7
f 435/615/8 432/617/8 434/616/8
f 433/618/2 428/613/2 432/617/2
f 436/619/1 439/620/1 438/621/1
f 439/622/7 442/623/7 438/624/7
f 443/625/8 440/626/8 442/623/8
f 441/627/2 436/619/2 440/626/2
f 444/628/1 447/629/1 446/630/1
f 446/631/7 451/632/7 450/633/7
f 451/632/8 448/634/8 450/633/8
f 449/635/2 444/628/2 448/634/2
f 462/636/1 467/637/1 466/638/1
f 463/639/7 468/640/7 467/641/7
f 464/642/8 469/643/8 468/640/8
f 465/644/2 466/638/2 469/643/2
f 453/645/27 463/646/27 462/647/27
f 453/645/27 465/648/27 457/649/27
f 452/650/35 460/651/36 454/652/36
f 456/653/37 471/654/38 473/655/37
f 459/656/27 463/646/27 455/657/27
f 456/653/37 461/658/35 452/650/35
f 457/649/27 464/659/27 459/656/27
f 454/652/36 471/654/38 458/660/38
f 466/661/39 474/662/40 469/663/40
f 468/664/41 470/665/42 467/666/42
f 474/667/2 461/668/2 473/669/2
f 472/670/8 473/669/8 471/671/8
f 470/672/7 471/671/7 460/673/7
f 475/674/1 460/675/1 461/668/1
f 467/666/42 475/676/39 466/661/39
f 468/664/41 474/662/40 472/677/41
f 476/678/8 479/679/8 477/680/8
f 477/681/2 480/682/2 476/683/2
f 481/684/1 482/685/1 480/686/1
f 476/687/27 485/688/27 478/689/27
f 482/690/22 486/691/22 480/692/22
f 480/682/2 484/693/2 476/683/2
f 484/694/1 489/695/1 485/688/1
f 487/696/8 490/697/8 486/691/8
f 490/698/2 484/693/2 486/699/2
f 490/697/27 483/700/27 481/684/27
f 489/695/22 477/680/22 479/679/22
f 481/701/2 488/702/2 490/698/2
f 492/703/8 495/704/8 493/705/8
f 493/706/2 496/707/2 492/708/2
f 497/709/1 498/710/1 496/711/1
f 492/712/27 501/713/27 494/714/27
f 498/715/22 502/716/22 496/717/22
f 496/707/2 500/718/2 492/708/2
f 500/719/1 505/720/1 501/713/1
f 503/721/8 506/722/8 502/716/8
f 506/723/2 500/718/2 502/724/2
f 506/722/27 499/725/27 497/709/27
f 505/720/22 493/705/22 495/704/22
f 497/726/2 504/727/2 506/723/2
f 508/728/7 511/729/7 509/730/7
f 509/731/8 512/732/8 508/733/8
f 513/734/2 514/735/2 512/736/2
f 516/737/2 521/738/2 517/739/2
f 519/740/7 522/741/7 518/742/7
f 518/743/8 520/744/8 516/745/8
f 522/741/27 515/746/27 513/734/27
f 521/738/22 509/730/22 511/729/22
f 513/747/8 520/744/8 522/748/8
f 508/749/27 517/739/27 510/750/27
f 518/743/8 508/733/8 512/732/8
f 555/751/43 548/752/44 553/753/45
f 588/754/46 585/755/47 566/756/48
f 543/757/49 542/758/50 524/759/49
f 531/760/51 532/761/52 537/762/53
f 528/763/54 533/764/55 525/765/55
f 536/766/56 533/764/57 550/767/57
f 570/768/58 573/769/59 568/770/60
f 540/771/61 551/772/62 534/773/62
f 546/774/63 527/775/64 529/776/63
f 537/762/53 534/773/65 531/760/51
f 563/777/66 556/778/67 557/779/68
f 555/780/43 552/781/69 554/782/70
f 549/783/71 547/784/71 548/752/71
f 574/785/72 575/786/73 573/769/59
f 584/787/74 580/788/75 581/789/76
f 572/790/77 569/791/78 571/792/79
f 578/793/80 576/794/81 566/756/48
f 571/792/79 573/769/59 572/790/77
f 578/793/80 585/755/47 584/787/74
f 581/789/76 579/795/82 587/796/83
f 586/797/84 566/756/48 576/794/81
f 585/755/47 583/798/85 584/787/74
f 584/787/74 587/796/83 578/793/80
f 550/799/86 557/800/68 536/801/87
f 544/802/88 546/803/89 535/804/90
f 561/805/91 548/752/44 559/806/92
f 526/807/54 530/808/93 527/775/94
f 539/809/95 538/810/96 551/811/97
f 554/812/64 526/807/98 527/775/64
f 533/764/55 524/759/49 525/765/55
f 543/757/56 539/813/61 540/771/61
f 534/773/62 535/814/99 531/760/99
f 554/782/70 545/815/100 555/780/43
f 545/816/100 549/817/101 555/751/43
f 547/818/102 538/819/103 562/820/104
f 559/806/92 557/779/68 561/805/91
f 558/821/105 538/822/103 556/778/67
f 569/791/78 568/770/60 567/823/106
f 573/769/59 588/754/46 568/770/60
f 568/770/60 586/797/84 567/823/106
f 578/793/80 579/795/82 577/824/107
f 540/771/108 541/825/65 542/758/50
f 530/808/93 529/776/52 527/775/94
f 552/781/69 561/826/91 550/799/86
f 552/827/98 533/764/57 526/807/98
f 559/806/71 558/828/71 563/829/7
f 535/804/90 538/830/96 544/802/88
f 562/831/71 548/752/71 547/784/71
f 536/801/87 556/832/67 539/809/95
f 560/833/109 544/834/88 547/818/102
f 598/835/110 589/836/111 597/837/112
f 599/838/113 590/839/114 598/835/110
f 600/840/115 591/841/116 599/838/113
f 593/842/117 600/843/115 601/844/118
f 594/845/119 601/844/118 602/846/120
f 595/847/121 602/846/120 603/848/122
f 596/849/123 603/848/122 604/850/124
f 597/837/112 596/849/123 604/850/124
f 597/837/112 612/851/125 605/852/126
f 598/835/110 605/852/126 606/853/127
f 599/838/113 606/853/127 607/854/128
f 600/840/115 607/854/128 608/855/129
f 600/843/115 609/856/130 601/844/118
f 601/844/118 610/857/131 602/846/120
f 602/846/120 611/858/132 603/848/122
f 603/848/122 612/851/125 604/850/124
f 620/859/133 611/858/132 619/860/134
f 607/854/128 614/861/135 615/862/136
f 606/853/127 613/863/137 614/861/135
f 617/864/138 608/865/129 616/866/139
f 608/855/129 615/862/136 616/867/139
f 619/860/134 610/857/131 618/868/140
f 618/868/140 609/856/130 617/864/138
f 605/852/126 620/859/133 613/863/137
f 613/863/137 628/869/141 621/870/142
f 614/861/135 621/870/142 622/871/143
f 615/862/136 622/871/143 623/872/144
f 616/867/139 623/872/144 624/873/145
f 616/866/139 625/874/146 617/864/138
f 617/864/138 626/875/147 618/868/140
f 618/868/140 627/876/148 619/860/134
f 619/860/134 628/869/141 620/859/133
f 628/869/141 635/877/149 636/878/150
f 630/879/151 621/870/142 629/880/152
f 625/874/146 632/881/153 633/882/154
f 629/880/152 628/869/141 636/878/150
f 627/876/148 634/883/155 635/877/149
f 631/884/156 622/871/143 630/879/151
f 632/885/153 623/872/144 631/884/156
f 626/875/147 633/882/154 634/883/155
f 632/885/153 639/886/157 640/887/158
f 634/883/155 643/888/159 635/877/149
f 629/880/152 644/889/160 637/890/161
f 632/881/153 641/891/162 633/882/154
f 630/879/151 637/890/161 638/892/163
f 631/884/156 638/892/163 639/886/157
f 635/877/149 644/889/160 636/878/150
f 644/889/160 645/893/164 637/890/161
f 637/890/161 646/894/165 638/892/163
f 638/892/163 647/895/166 639/886/157
f 639/886/157 648/896/167 640/887/158
f 641/891/162 648/897/167 649/898/168
f 642/899/169 649/898/168 650/900/170
f 643/888/159 650/900/170 651/901/171
f 644/889/160 651/901/171 652/902/172
f 633/882/154 642/899/169 634/883/155
f 651/901/171 658/903/173 659/904/174
f 655/905/175 646/894/165 654/906/176
f 656/907/177 647/895/166 655/905/175
f 649/898/168 656/908/177 657/909/178
f 650/900/170 657/909/178 658/903/173
f 652/902/172 659/904/174 660/910/179
f 653/911/180 652/902/172 660/910/179
f 654/906/176 645/893/164 653/911/180
f 660/912/181 659/913/181 653/914/181
f 654/915/181 659/913/181 658/916/181
f 654/915/181 657/909/181 655/917/181
f 656/908/182 655/917/181 657/909/181
f 670/918/110 661/919/111 669/920/112
f 671/921/113 662/922/114 670/918/110
f 672/923/115 663/924/116 671/921/113
f 665/925/117 672/926/115 673/927/118
f 666/928/119 673/927/118 674/929/120
f 667/930/121 674/929/120 675/931/122
f 668/932/123 675/931/122 676/933/124
f 669/920/112 668/932/123 676/933/124
f 669/920/112 684/934/125 677/935/183
f 670/918/110 677/935/183 678/936/127
f 671/921/113 678/936/127 679/937/128
f 672/923/115 679/937/128 680/938/129
f 672/926/115 681/939/184 673/927/118
f 673/927/118 682/940/131 674/929/120
f 674/929/120 683/941/132 675/931/122
f 675/931/122 684/934/125 676/933/124
f 692/942/133 683/941/132 691/943/185
f 679/937/128 686/944/135 687/945/136
f 678/936/127 685/946/186 686/944/135
f 689/947/138 680/948/129 688/949/139
f 680/938/129 687/945/136 688/950/139
f 691/943/185 682/940/131 690/951/140
f 690/951/140 681/939/184 689/947/138
f 677/935/183 692/942/133 685/946/186
f 685/946/186 700/952/187 693/953/142
f 686/944/135 693/953/142 694/954/143
f 687/945/136 694/954/143 695/955/188
f 688/950/139 695/955/188 696/956/145
f 688/949/139 697/957/189 689/947/138
f 689/947/138 698/958/147 690/951/140
f 690/951/140 699/959/148 691/943/185
f 691/943/185 700/952/187 692/942/133
f 700/952/187 707/960/190 708/961/191
f 702/962/151 693/953/142 701/963/192
f 697/957/189 704/964/193 705/965/154
f 701/963/192 700/952/187 708/961/191
f 699/959/148 706/966/155 707/960/190
f 703/967/156 694/954/143 702/962/151
f 704/968/193 695/955/188 703/967/156
f 698/958/147 705/965/154 706/966/155
f 704/968/193 711/969/157 712/970/158
f 706/966/155 715/971/159 707/960/190
f 701/963/192 716/972/160 709/973/161
f 704/964/193 713/974/162 705/965/154
f 702/962/151 709/973/161 710/975/163
f 703/967/156 710/975/163 711/969/157
f 707/960/190 716/972/160 708/961/191
f 716/972/160 717/976/194 709/973/161
f 709/973/161 718/977/165 710/975/163
f 710/975/163 719/978/166 711/969/157
f 711/969/157 720/979/167 712/970/158
f 713/974/162 720/980/167 721/981/168
f 714/982/169 721/981/168 722/983/170
f 715/971/159 722/983/170 723/984/195
f 716/972/160 723/984/195 724/985/172
f 705/965/154 714/982/169 706/966/155
f 723/984/195 730/986/173 731/987/196
f 727/988/197 718/977/165 726/989/176
f 728/990/177 719/978/166 727/988/197
f 721/981/168 728/991/177 729/992/198
f 722/983/170 729/992/198 730/986/173
f 724/985/172 731/987/196 732/993/179
f 725/994/199 724/985/172 732/993/179
f 726/989/176 717/976/194 725/994/199
f 732/995/181 731/996/181 725/997/181
f 730/998/181 725/997/181 731/996/181
f 730/998/181 727/999/181 726/1000/181
f 728/991/181 727/999/181 729/992/181
f 746/1001/200 754/1002/201 749/1003/202
f 735/1004/203 748/1005/204 753/1006/204
f 736/1007/205 733/1008/206 743/1009/206
f 737/1010/207 742/1011/22 741/1012/22
f 744/1013/208 738/1014/207 737/1010/207
f 739/1015/209 743/1009/206 733/1008/206
f 753/1006/204 747/1016/209 739/1015/209
f 750/1017/210 734/1018/208 744/1013/208
f 749/1003/202 740/1019/210 750/1017/210
f 741/1012/22 751/1020/205 736/1007/205
f 741/1021/8 736/1022/211 737/1023/8
f 744/1024/211 736/1022/211 743/1025/8
f 748/1026/8 746/1027/8 749/1028/8
f 743/1025/8 750/1029/8 744/1024/211
f 748/1026/8 750/1029/8 747/1030/8
f 752/1031/27 745/1032/27 735/1033/27
f 742/1034/1 738/1035/1 751/1036/1
f 734/1037/1 751/1036/1 738/1035/1
f 733/1038/1 740/1039/1 739/1040/1
f 740/1039/1 753/1041/1 739/1040/1
f 735/1033/1 754/1042/1 752/1031/1
f 776/1043/212 768/1044/203 771/1045/213
f 770/1046/214 757/1047/200 775/1048/215
f 755/1049/216 758/1050/217 765/1051/218
f 764/1052/22 759/1053/219 763/1054/22
f 760/1055/219 766/1056/220 759/1053/219
f 765/1051/218 761/1057/221 755/1049/216
f 769/1058/221 775/1048/215 761/1057/221
f 766/1056/220 762/1059/222 772/1060/222
f 762/1059/222 771/1045/213 772/1060/222
f 773/1061/217 763/1054/22 758/1050/217
f 763/1062/8 759/1063/8 758/1064/8
f 758/1064/8 766/1065/8 765/1066/8
f 770/1067/8 768/1068/8 767/1069/8
f 772/1070/8 765/1066/8 766/1065/8
f 772/1070/8 770/1067/8 769/1071/8
f 757/1072/27 768/1068/27 774/1073/27
f 764/1074/1 773/1075/1 760/1076/1
f 773/1075/1 756/1077/1 760/1076/1
f 755/1078/1 762/1079/1 756/1077/1
f 775/1080/1 762/1079/1 761/1081/1
f 757/1072/1 776/1082/1 775/1080/1
f 798/1083/212 790/1084/203 793/1085/223
f 792/1086/215 779/1087/200 797/1088/215
f 777/1089/216 780/1090/217 787/1091/216
f 786/1092/22 781/1093/219 785/1094/22
f 782/1095/219 788/1096/220 781/1093/219
f 787/1091/216 783/1097/221 777/1089/216
f 791/1098/221 797/1088/215 783/1097/221
f 788/1096/220 784/1099/222 794/1100/222
f 784/1099/222 793/1085/223 794/1100/222
f 795/1101/217 785/1094/22 780/1090/217
f 785/1102/8 781/1103/224 780/1104/8
f 780/1104/8 788/1105/8 787/1106/8
f 792/1107/8 790/1108/8 789/1109/8
f 794/1110/8 787/1106/8 788/1105/8
f 794/1110/8 792/1107/8 791/1111/8
f 789/1109/27 796/1112/27 779/1113/27
f 786/1114/1 795/1115/1 782/1116/1
f 795/1115/1 778/1117/1 782/1116/1
f 777/1118/1 784/1119/1 778/1117/1
f 797/1120/1 784/1119/1 783/1121/1
f 779/1113/1 798/1122/1 797/1120/1
f 799/1123/8 802/1124/8 800/1125/8
f 805/1126/2 802/1124/2 801/1127/2
f 803/1128/1 806/1129/1 805/1130/1
f 799/1123/7 804/1131/7 803/1128/7
f 809/1132/2 830/1133/2 807/1134/2
f 811/1135/22 799/1136/22 812/1137/22
f 826/1138/7 814/1139/7 828/1140/7
f 827/1141/2 811/1142/2 825/1143/2
f 828/1140/1 813/1144/1 827/1145/1
f 825/1143/8 812/1146/8 826/1138/8
f 799/1136/22 814/1147/22 812/1137/22
f 813/1148/22 801/1149/22 811/1135/22
f 803/1150/22 813/1148/22 814/1147/22
f 824/1151/225 817/1152/225 822/1153/225
f 818/1154/8 815/1155/8 822/1156/8
f 820/1157/2 822/1156/2 817/1158/2
f 819/1159/22 820/1160/22 821/1161/22
f 821/1162/1 817/1163/1 816/1164/1
f 823/1165/226 815/1166/226 816/1167/226
f 823/1168/227 822/1169/227 815/1170/227
f 817/1171/228 823/1172/228 816/1173/228
f 819/1174/7 816/1164/7 815/1155/7
f 808/1175/27 826/1176/27 807/1177/27
f 808/1175/27 827/1178/27 825/1179/27
f 810/1180/27 828/1181/27 827/1178/27
f 807/1177/27 828/1181/27 809/1182/27
f 808/1183/7 831/1184/7 810/1185/7
f 810/1185/8 832/1186/8 809/1132/8
f 807/1187/1 829/1188/1 808/1183/1
f 833/1189/8 836/1190/8 834/1191/8
f 839/1192/2 836/1193/2 835/1194/2
f 837/1195/1 840/1196/1 839/1192/1
f 833/1189/7 838/1197/7 837/1195/7
f 844/1198/8 865/1199/8 843/1200/8
f 835/1201/22 846/1202/22 845/1203/22
f 859/1204/7 848/1205/7 861/1206/7
f 860/1207/2 845/1208/2 858/1209/2
f 861/1206/1 847/1210/1 860/1207/1
f 858/1211/8 846/1212/8 859/1204/8
f 846/1202/22 837/1213/22 848/1214/22
f 839/1215/22 845/1203/22 847/1216/22
f 848/1214/22 839/1215/22 847/1216/22
f 856/1217/229 857/1218/229 851/1219/229
f 852/1220/8 849/1221/8 856/1222/8
f 854/1223/2 856/1224/2 851/1225/2
f 856/1217/230 849/1226/230 857/1218/230
f 850/1227/231 851/1219/231 857/1218/231
f 849/1226/232 850/1227/232 857/1218/232
f 853/1228/22 854/1229/22 855/1230/22
f 853/1231/7 850/1232/7 849/1221/7
f 855/1233/1 851/1225/1 850/1232/1
f 842/1234/27 859/1235/27 841/1236/27
f 844/1237/27 858/1238/27 842/1234/27
f 844/1237/27 861/1239/27 860/1240/27
f 843/1241/27 859/1235/27 861/1239/27
f 841/1242/1 862/1243/1 842/1244/1
f 843/1245/2 863/1246/2 841/1242/2
f 842/1244/7 864/1247/7 844/1198/7
f 870/1248/27 868/1249/27 871/1250/27
f 875/1251/2 873/1252/2 876/1253/2
f 868/1254/1 876/1253/1 873/1252/1
f 871/1250/27 868/1249/27 873/1255/27
f 874/1256/8 871/1257/8 875/1251/8
f 866/1258/22 874/1259/22 875/1260/22
f 866/1258/22 876/1261/22 869/1262/22
f 885/1263/27 884/1264/27 887/1265/27
f 883/1266/7 881/1267/7 879/1268/7
f 878/1269/1 883/1270/1 879/1271/1
f 880/1272/8 887/1273/8 877/1274/8
f 884/1264/27 882/1275/27 887/1265/27
f 882/1275/27 888/1276/27 883/1277/27
f 884/1278/7 880/1279/7 890/1280/7
f 890/1281/8 886/1282/8 884/1283/8
f 897/1284/7 889/1285/7 886/1282/7
f 884/1264/27 889/1286/27 888/1276/27
f 888/1287/1 899/1288/1 881/1289/1
f 895/1290/22 878/1291/22 879/1292/22
f 896/1293/22 877/1294/22 893/1295/22
f 890/1296/22 896/1293/22 898/1297/22
f 892/1298/22 890/1296/22 898/1297/22
f 891/1299/22 897/1300/22 892/1298/22
f 881/1301/22 895/1290/22 879/1292/22
f 891/1299/22 881/1301/22 899/1302/22
f 582/1303/27 907/1304/27 906/1305/27
f 908/1306/2 905/1307/2 909/1308/2
f 910/1309/8 904/1310/8 908/1306/8
f 902/1311/22 909/1312/22 901/1313/22
f 903/1314/22 908/1315/22 902/1311/22
f 912/1316/27 914/1317/27 921/1318/27
f 923/1319/7 912/1320/7 913/1321/7
f 917/1322/1 912/1320/1 922/1323/1
f 923/1319/8 911/1324/8 918/1325/8
f 924/1326/2 914/1327/2 917/1322/2
f 918/1325/2 919/1328/2 920/1329/2
f 919/1330/27 911/1331/27 913/1332/27
f 921/1318/27 913/1332/27 912/1316/27
f 915/1333/22 923/1334/22 916/1335/22
f 917/1336/22 915/1333/22 924/1337/22
f 916/1335/22 918/1338/22 920/1339/22
f 59/115/8 925/1340/8 926/1341/8
f 409/1342/233 407/1343/234 405/583/233
f 546/774/63 531/760/99 535/814/99
f 564/1344/235 575/786/73 565/1345/236
f 582/1346/1 909/1308/1 905/1307/1
f 904/1347/27 582/1303/27 905/1348/27
f 931/1248/27 929/1249/27 932/1250/27
f 936/1251/2 934/1252/2 937/1253/2
f 929/1254/1 937/1253/1 934/1252/1
f 932/1250/27 929/1249/27 934/1255/27
f 935/1256/8 932/1257/8 936/1251/8
f 927/1258/22 935/1259/22 936/1260/22
f 927/1258/22 937/1261/22 930/1262/22
f 939/1316/27 941/1317/27 948/1318/27
f 950/1319/7 939/1320/7 940/1321/7
f 949/1323/1 941/1327/1 939/1320/1
f 950/1319/8 938/1324/8 945/1325/8
f 951/1326/2 941/1327/2 944/1322/2
f 945/1325/2 946/1328/2 947/1329/2
f 946/1330/27 938/1331/27 940/1332/27
f 948/1318/27 940/1332/27 939/1316/27
f 942/1333/22 950/1334/22 943/1335/22
f 944/1336/22 942/1333/22 951/1337/22
f 943/1335/22 945/1338/22 947/1339/22
f 957/340/1 959/341/1 956/342/1
f 971/343/8 962/344/8 958/345/8
f 967/346/22 970/347/22 968/348/22
f 960/356/7 963/351/7 959/349/7
f 959/349/7 965/353/7 961/352/7
f 961/352/7 966/355/7 962/354/7
f 962/354/7 964/350/7 960/356/7
f 955/357/27 952/358/27 954/359/27
f 953/360/7 968/348/7 952/358/7
f 958/345/22 960/361/22 957/340/22
f 956/362/27 961/363/27 971/343/27
f 971/1349/7 957/368/7 956/366/7
f 973/730/1 974/1350/1 975/729/1
f 973/731/7 976/732/7 972/733/7
f 977/734/8 978/735/8 976/736/8
f 981/739/8 984/1351/8 985/738/8
f 983/740/1 986/741/1 982/742/1
f 982/743/7 984/744/7 980/745/7
f 986/741/27 979/746/27 977/734/27
f 985/738/22 973/730/22 975/729/22
f 977/747/7 984/744/7 986/748/7
f 972/749/27 981/739/27 974/750/27
f 976/732/7 980/745/7 972/733/7
f 1019/751/237 1012/752/238 1017/753/239
f 1039/786/240 1030/756/241 1051/754/242
f 1007/757/243 1006/758/244 988/759/243
f 993/776/245 1001/762/246 995/760/247
f 989/765/248 990/807/249 997/764/248
f 1000/766/250 997/764/251 1014/767/251
f 1036/790/252 1032/770/253 1034/768/254
f 1003/813/255 998/773/256 1004/771/255
f 1010/774/257 991/775/258 993/776/257
f 995/760/247 1005/825/259 998/773/259
f 1027/777/260 1020/778/261 1021/779/262
f 1019/780/237 1016/781/263 1018/782/264
f 1013/783/1 1011/784/1 1012/752/1
f 1038/785/265 1039/786/240 1037/769/266
f 1045/789/267 1046/798/268 1044/788/269
f 1035/792/270 1034/768/254 1033/791/271
f 1030/756/241 1041/824/272 1040/794/273
f 1038/785/265 1036/790/252 1035/792/270
f 1042/793/274 1048/755/275 1047/787/276
f 1050/796/277 1044/788/269 1043/795/278
f 1049/797/279 1030/756/241 1040/794/273
f 1047/787/276 1028/1344/280 1046/798/268
f 1047/787/276 1050/796/277 1042/793/274
f 1014/799/281 1021/800/262 1000/801/282
f 1008/802/283 1010/803/284 999/804/285
f 1025/805/286 1012/752/238 1023/806/287
f 991/775/288 992/763/289 994/808/290
f 1003/809/291 1002/810/292 1015/811/293
f 1018/812/258 990/807/294 991/775/258
f 997/764/248 988/759/243 989/765/248
f 1007/757/250 1003/813/255 1004/771/255
f 998/773/256 999/814/295 995/760/295
f 1018/782/264 1009/815/296 1019/780/237
f 1009/816/296 1013/817/297 1019/751/237
f 1011/818/298 1002/819/299 1026/820/300
f 1023/806/287 1021/779/262 1025/805/286
f 1022/821/301 1002/822/299 1020/778/261
f 1033/791/271 1032/770/253 1031/823/302
f 1032/770/253 1039/786/240 1051/754/242
f 1031/823/302 1051/754/242 1049/797/279
f 1042/793/274 1043/795/278 1041/824/272
f 1004/771/244 1005/825/259 1006/758/244
f 994/808/290 993/776/245 991/775/288
f 1016/781/263 1025/826/286 1014/799/281
f 1016/827/303 997/764/251 990/807/294
f 1023/806/1 1022/828/1 1027/829/1
f 999/804/285 1002/830/292 1008/802/283
f 1026/831/1 1012/752/1 1011/784/1
f 1000/801/282 1020/832/261 1003/809/291
f 1024/833/304 1008/834/283 1011/818/298
f 999/814/295 993/776/257 995/760/295
f 1029/1345/305 1048/755/275 1039/786/240
f 1053/593/32 1054/594/32 1052/595/32
f 1054/594/7 1059/596/7 1058/597/7
f 1058/600/33 1057/601/34 1056/599/33
f 1057/601/2 1052/595/2 1056/599/2
f 1061/593/32 1062/594/32 1060/595/32
f 1062/594/7 1067/596/7 1066/597/7
f 1067/598/33 1064/599/33 1066/600/33
f 1065/601/2 1060/595/2 1064/599/2
f 1069/593/31 1070/594/32 1068/595/32
f 1070/594/7 1075/596/7 1074/597/7
f 1075/598/33 1072/599/33 1074/600/33
f 1073/601/2 1068/595/2 1072/599/2
f 1077/593/32 1078/594/31 1076/595/31
f 1078/594/7 1083/596/7 1082/597/7
f 1083/598/34 1080/599/33 1082/600/33
f 1081/601/2 1076/595/2 1080/599/2
f 1086/1352/8 1085/1353/8 1084/1354/8
f 1090/1355/7 1087/1356/7 1086/1352/7
f 1088/1357/1 1091/1358/1 1090/1355/1
f 1084/1359/2 1089/1360/2 1088/1357/2
f 1109/1361/8 1102/1362/8 1108/1363/8
f 1110/1364/7 1103/1365/7 1109/1361/7
f 1111/1366/1 1105/1367/1 1110/1364/1
f 1108/1368/2 1107/1369/2 1111/1366/2
f 1105/1370/27 1097/1371/27 1099/1372/27
f 1104/1373/306 1094/1374/307 1098/1375/308
f 1102/1376/27 1095/1377/27 1093/1378/27
f 1097/1371/27 1102/1376/27 1093/1378/27
f 1100/1379/309 1092/1380/310 1094/1374/307
f 1096/1381/311 1104/1373/306 1098/1375/308
f 1103/1382/27 1099/1372/27 1095/1377/27
f 1092/1380/310 1106/1383/312 1096/1381/311
f 1109/1384/313 1113/1385/314 1110/1386/315
f 1113/1385/314 1111/1387/316 1110/1386/315
f 1115/1388/317 1109/1384/313 1108/1389/318
f 1101/1390/2 1114/1391/2 1106/1392/2
f 1104/1393/1 1114/1391/1 1113/1394/1
f 1104/1393/7 1112/1395/7 1100/1396/7
f 1100/1396/8 1115/1397/8 1101/1398/8
f 1114/1399/319 1108/1389/318 1111/1387/316
f 1117/1353/1 1118/1352/1 1116/1354/1
f 1119/1356/7 1122/1355/7 1118/1352/7
f 1123/1358/8 1120/1357/8 1122/1355/8
f 1121/1360/2 1116/1359/2 1120/1357/2
f 1134/1362/1 1141/1361/1 1140/1363/1
f 1135/1365/7 1142/1364/7 1141/1361/7
f 1137/1367/8 1143/1366/8 1142/1364/8
f 1139/1369/2 1140/1368/2 1143/1366/2
f 1129/1371/27 1137/1370/27 1131/1372/27
f 1126/1374/308 1136/1373/320 1130/1375/307
f 1127/1377/27 1134/1376/27 1125/1378/27
f 1125/1378/27 1139/1400/27 1129/1371/27
f 1124/1380/311 1132/1379/321 1126/1374/308
f 1128/1381/310 1136/1373/320 1138/1383/322
f 1127/1377/27 1137/1370/27 1135/1382/27
f 1124/1380/311 1138/1383/322 1133/1401/312
f 1141/1384/315 1145/1385/323 1144/1402/314
f 1143/1387/318 1145/1385/323 1142/1386/313
f 1140/1389/316 1144/1402/314 1147/1388/319
f 1146/1391/2 1133/1390/2 1138/1392/2
f 1136/1393/8 1146/1391/8 1138/1392/8
f 1144/1395/7 1136/1393/7 1132/1396/7
f 1147/1397/1 1132/1396/1 1133/1398/1
f 1140/1389/316 1146/1399/317 1143/1387/318
f 1150/1352/8 1149/1353/8 1148/1354/8
f 1154/1355/7 1151/1356/7 1150/1352/7
f 1152/1357/1 1155/1358/1 1154/1355/1
f 1148/1359/2 1153/1360/2 1152/1357/2
f 1173/1361/8 1166/1362/8 1172/1363/8
f 1174/1364/7 1167/1365/7 1173/1361/7
f 1175/1366/1 1169/1367/1 1174/1364/1
f 1172/1368/2 1171/1369/2 1175/1366/2
f 1169/1370/27 1161/1371/27 1163/1372/27
f 1168/1373/306 1158/1374/307 1162/1375/308
f 1166/1376/27 1159/1377/27 1157/1378/27
f 1161/1371/27 1166/1376/27 1157/1378/27
f 1164/1379/309 1156/1380/310 1158/1374/307
f 1160/1381/311 1168/1373/306 1162/1375/308
f 1167/1382/27 1163/1372/27 1159/1377/27
f 1156/1380/310 1170/1383/312 1160/1381/311
f 1173/1384/313 1177/1385/314 1174/1386/315
f 1177/1385/314 1175/1387/316 1174/1386/315
f 1179/1388/317 1173/1384/313 1172/1389/318
f 1165/1390/2 1178/1391/2 1170/1392/2
f 1168/1393/1 1178/1391/1 1177/1394/1
f 1168/1393/7 1176/1395/7 1164/1396/7
f 1164/1396/8 1179/1397/8 1165/1398/8
f 1178/1399/319 1172/1389/318 1175/1387/316
f 1181/1353/1 1182/1352/1 1180/1354/1
f 1183/1356/7 1186/1355/7 1182/1352/7
f 1187/1358/8 1184/1357/8 1186/1355/8
f 1185/1360/2 1180/1359/2 1184/1357/2
f 1198/1362/1 1205/1361/1 1204/1363/1
f 1199/1365/7 1206/1364/7 1205/1361/7
f 1201/1367/8 1207/1366/8 1206/1364/8
f 1203/1369/2 1204/1368/2 1207/1366/2
f 1193/1371/27 1201/1370/27 1195/1372/27
f 1190/1374/308 1200/1373/320 1194/1375/307
f 1191/1377/27 1198/1376/27 1189/1378/27
f 1189/1378/27 1203/1400/27 1193/1371/27
f 1188/1380/311 1196/1379/321 1190/1374/308
f 1192/1381/310 1200/1373/320 1202/1383/322
f 1191/1377/27 1201/1370/27 1199/1382/27
f 1192/1381/310 1197/1401/312 1188/1380/311
f 1206/1386/313 1208/1402/314 1205/1384/315
f 1207/1387/318 1209/1385/323 1206/1386/313
f 1205/1384/315 1211/1388/319 1204/1389/316
f 1210/1391/2 1197/1390/2 1202/1392/2
f 1200/1393/8 1210/1391/8 1202/1392/8
f 1208/1395/7 1200/1393/7 1196/1396/7
f 1211/1397/1 1196/1396/1 1197/1398/1
f 1207/1387/318 1211/1388/319 1210/1399/317
f 1213/1403/1 1214/1404/1 1212/1405/1
f 1215/1406/7 1218/1407/7 1214/1408/7
f 1219/1409/8 1216/1410/8 1218/1407/8
f 1217/1411/2 1212/1405/2 1216/1410/2
f 1222/1404/8 1221/1403/8 1220/1405/8
f 1226/1407/7 1223/1406/7 1222/1408/7
f 1224/1410/1 1227/1409/1 1226/1407/1
f 1220/1405/2 1225/1411/2 1224/1410/2
f 1230/1404/1 1229/1403/1 1228/1405/1
f 1234/1407/2 1231/1406/2 1230/1408/2
f 1232/1410/8 1235/1409/8 1234/1407/8
f 1228/1405/7 1233/1411/7 1232/1410/7
f 1237/1403/8 1238/1404/8 1236/1405/8
f 1239/1406/2 1242/1407/2 1238/1408/2
f 1243/1409/1 1240/1410/1 1242/1407/1
f 1241/1411/7 1236/1405/7 1240/1410/7
f 1244/1412/1 1247/1413/1 1246/1414/1
f 1247/1415/324 1250/1416/324 1246/1417/324
f 1251/1418/8 1248/1419/8 1250/1416/8
f 1249/1420/325 1244/1412/325 1248/1419/325
f 1253/1421/1 1254/1422/1 1252/1423/1
f 1258/1424/8 1257/1425/8 1256/1426/8
f 1258/1424/22 1252/1427/22 1254/1428/22
f 1255/1429/27 1257/1425/27 1259/1430/27
f 1261/1431/1 1262/1432/1 1260/1433/1
f 1263/1434/7 1266/1435/7 1262/1432/7
f 1267/1436/8 1264/1437/8 1266/1435/8
f 1265/1438/2 1260/1439/2 1264/1437/2
f 1271/1440/22 1268/1441/22 1269/1442/22
f 1273/1443/27 1274/1444/27 1272/1445/27
f 1274/1444/8 1270/1446/8 1271/1440/8
f 1273/1447/1 1269/1448/1 1268/1449/1
f 1275/1450/2 1268/1449/2 1270/1446/2
f 1272/1451/7 1271/1440/7 1269/1452/7
f 1276/1412/1 1279/1413/1 1277/1453/1
f 1282/1416/326 1279/1415/326 1278/1417/326
f 1280/1419/8 1283/1418/8 1282/1416/8
f 1276/1412/327 1281/1420/327 1280/1419/327
f 1284/1412/8 1287/1413/8 1285/1453/8
f 1290/1416/324 1287/1415/324 1286/1417/324
f 1288/1419/1 1291/1418/1 1290/1416/1
f 1284/1412/325 1289/1420/325 1288/1419/325
f 1294/1422/8 1293/1421/8 1292/1423/8
f 1298/1424/1 1297/1425/1 1299/1430/1
f 1292/1427/22 1298/1424/22 1294/1428/22
f 1297/1425/27 1295/1429/27 1299/1430/27
f 1302/1432/8 1301/1431/8 1300/1433/8
f 1306/1435/7 1303/1434/7 1302/1432/7
f 1304/1437/1 1307/1436/1 1306/1435/1
f 1300/1439/2 1305/1438/2 1304/1437/2
f 1308/1441/22 1311/1440/22 1309/1442/22
f 1314/1444/27 1313/1443/27 1312/1445/27
f 1310/1446/1 1314/1444/1 1311/1440/1
f 1309/1448/8 1313/1447/8 1308/1449/8
f 1308/1449/2 1315/1450/2 1310/1446/2
f 1311/1440/7 1312/1451/7 1309/1452/7
f 1316/1412/8 1319/1413/8 1318/1414/8
f 1319/1415/326 1322/1416/326 1318/1417/326
f 1323/1418/1 1320/1419/1 1322/1416/1
f 1321/1420/327 1316/1412/327 1320/1419/327
f 1324/1454/1 1327/1455/1 1326/1456/1
f 1327/1457/7 1330/1458/7 1326/1459/7
f 1331/1460/8 1328/1461/8 1330/1458/8
f 1329/1462/2 1324/1454/2 1328/1461/2
f 1332/1454/1 1335/1455/1 1334/1456/1
f 1335/1457/7 1338/1458/7 1334/1459/7
f 1339/1460/8 1336/1461/8 1338/1458/8
f 1337/1462/2 1332/1454/2 1336/1461/2
f 1340/1454/1 1343/1455/1 1342/1456/1
f 1343/1457/7 1346/1458/7 1342/1459/7
f 1347/1460/8 1344/1461/8 1346/1458/8
f 1345/1462/2 1340/1454/2 1344/1461/2
f 1349/1463/27 1350/1464/27 1348/1465/27
f 1351/1466/7 1354/1467/7 1350/1464/7
f 1355/1468/22 1352/1469/22 1354/1470/22
f 1353/1471/2 1348/1465/2 1352/1469/2
f 1357/1472/27 1358/1473/27 1356/1474/27
f 1359/1475/7 1362/1476/7 1358/1473/7
f 1363/1477/22 1360/1478/22 1362/1479/22
f 1361/1480/2 1356/1474/2 1360/1478/2
f 1365/1481/27 1366/1482/27 1364/1483/27
f 1367/1484/7 1370/1485/7 1366/1482/7
f 1371/1486/22 1368/1487/22 1370/1488/22
f 1369/1489/2 1364/1483/2 1368/1487/2
f 1373/1463/27 1374/1464/27 1372/1465/27
f 1375/1466/7 1378/1467/7 1374/1464/7
f 1379/1468/22 1376/1469/22 1378/1470/22
f 1377/1471/2 1372/1465/2 1376/1469/2
f 1381/1472/27 1382/1473/27 1380/1474/27
f 1383/1475/7 1386/1476/7 1382/1473/7
f 1387/1477/22 1384/1478/22 1386/1479/22
f 1385/1480/2 1380/1474/2 1384/1478/2
f 1389/1481/27 1390/1482/27 1388/1483/27
f 1391/1484/7 1394/1485/7 1390/1482/7
f 1395/1486/22 1392/1487/22 1394/1488/22
f 1393/1489/2 1388/1483/2 1392/1487/2
f 1397/1490/2 1398/1491/2 1396/1492/2
f 1399/1493/1 1402/1494/1 1398/1495/1
f 1403/1496/7 1400/1497/7 1402/1494/7
f 1401/1498/8 1396/1492/8 1400/1497/8
f 1405/1490/2 1406/1491/2 1404/1492/2
f 1406/1495/1 1411/1496/1 1410/1494/1
f 1411/1496/7 1408/1497/7 1410/1494/7
f 1409/1498/8 1404/1492/8 1408/1497/8
f 1413/1490/2 1414/1491/2 1412/1492/2
f 1414/1495/1 1419/1496/1 1418/1494/1
f 1419/1496/7 1416/1497/7 1418/1494/7
f 1417/1498/8 1412/1492/8 1416/1497/8
f 1421/1490/2 1422/1491/2 1420/1492/2
f 1422/1495/1 1427/1496/1 1426/1494/1
f 1427/1496/7 1424/1497/7 1426/1494/7
f 1425/1498/8 1420/1492/8 1424/1497/8
f 1430/1491/2 1429/1490/2 1428/1492/2
f 1434/1494/8 1431/1493/8 1430/1495/8
f 1432/1497/7 1435/1496/7 1434/1494/7
f 1428/1492/1 1433/1498/1 1432/1497/1
f 1438/1491/2 1437/1490/2 1436/1492/2
f 1438/1495/8 1443/1496/8 1439/1493/8
f 1440/1497/7 1443/1496/7 1442/1494/7
f 1436/1492/1 1441/1498/1 1440/1497/1
f 1446/1491/2 1445/1490/2 1444/1492/2
f 1446/1495/8 1451/1496/8 1447/1493/8
f 1448/1497/7 1451/1496/7 1450/1494/7
f 1444/1492/1 1449/1498/1 1448/1497/1
f 1454/1491/2 1453/1490/2 1452/1492/2
f 1454/1495/8 1459/1496/8 1455/1493/8
f 1456/1497/7 1459/1496/7 1458/1494/7
f 1452/1492/1 1457/1498/1 1456/1497/1
f 1461/1499/27 1462/1500/27 1460/1501/27
f 1463/1502/1 1466/1503/1 1462/1500/1
f 1467/1504/22 1464/1505/22 1466/1506/22
f 1465/1507/8 1460/1501/8 1464/1505/8
f 1469/1508/27 1470/1509/27 1468/1510/27
f 1471/1511/1 1474/1512/1 1470/1509/1
f 1475/1513/22 1472/1514/22 1474/1515/22
f 1472/1514/8 1469/1508/8 1468/1510/8
f 1477/1516/27 1478/1517/27 1476/1518/27
f 1479/1519/1 1482/1520/1 1478/1517/1
f 1483/1521/22 1480/1522/22 1482/1523/22
f 1481/1524/8 1476/1518/8 1480/1522/8
f 1486/1500/27 1485/1499/27 1484/1501/27
f 1490/1503/8 1487/1502/8 1486/1500/8
f 1488/1505/22 1491/1504/22 1490/1506/22
f 1484/1501/1 1489/1507/1 1488/1505/1
f 1494/1509/27 1493/1508/27 1492/1510/27
f 1498/1512/8 1495/1511/8 1494/1509/8
f 1496/1514/22 1499/1513/22 1498/1515/22
f 1496/1514/1 1493/1508/1 1497/1525/1
f 1502/1517/27 1501/1516/27 1500/1518/27
f 1506/1520/8 1503/1519/8 1502/1517/8
f 1504/1522/22 1507/1521/22 1506/1523/22
f 1500/1518/1 1505/1524/1 1504/1522/1
f 1509/1499/27 1510/1500/27 1508/1501/27
f 1511/1502/1 1514/1503/1 1510/1500/1
f 1515/1504/22 1512/1505/22 1514/1506/22
f 1513/1507/8 1508/1501/8 1512/1505/8
f 1517/1508/27 1518/1509/27 1516/1510/27
f 1519/1511/1 1522/1512/1 1518/1509/1
f 1523/1513/22 1520/1514/22 1522/1515/22
f 1521/1525/8 1516/1510/8 1520/1514/8
f 1525/1516/27 1526/1517/27 1524/1518/27
f 1527/1519/1 1530/1520/1 1526/1517/1
f 1531/1521/22 1528/1522/22 1530/1523/22
f 1529/1524/8 1524/1518/8 1528/1522/8
f 1534/1500/27 1533/1499/27 1532/1501/27
f 1538/1503/8 1535/1502/8 1534/1500/8
f 1536/1505/22 1539/1504/22 1538/1506/22
f 1532/1501/1 1537/1507/1 1536/1505/1
f 1542/1509/27 1541/1508/27 1540/1510/27
f 1546/1512/8 1543/1511/8 1542/1509/8
f 1544/1514/22 1547/1513/22 1546/1515/22
f 1540/1510/1 1545/1525/1 1544/1514/1
f 1550/1517/27 1549/1516/27 1548/1518/27
f 1554/1520/8 1551/1519/8 1550/1517/8
f 1552/1522/22 1555/1521/22 1554/1523/22
f 1548/1518/1 1553/1524/1 1552/1522/1
f 1557/1526/27 1558/1527/27 1556/1528/27
f 1559/1529/2 1562/1530/2 1558/1527/2
f 1563/1531/22 1560/1532/22 1562/1533/22
f 1561/1534/7 1556/1528/7 1560/1532/7
f 1565/1535/27 1566/1536/27 1564/1537/27
f 1567/1538/2 1570/1539/2 1566/1536/2
f 1571/1540/22 1568/1541/22 1570/1542/22
f 1569/1543/7 1564/1537/7 1568/1541/7
f 1573/1544/27 1574/1545/27 1572/1546/27
f 1575/1547/2 1578/1548/2 1574/1545/2
f 1579/1549/22 1576/1550/22 1578/1551/22
f 1577/1552/7 1572/1546/7 1576/1550/7
f 1582/1527/27 1581/1526/27 1580/1528/27
f 1586/1530/2 1583/1529/2 1582/1527/2
f 1586/1533/22 1585/1534/22 1587/1531/22
f 1580/1528/7 1585/1534/7 1584/1532/7
f 1590/1536/27 1589/1535/27 1588/1537/27
f 1594/1539/2 1591/1538/2 1590/1536/2
f 1594/1542/22 1593/1543/22 1595/1540/22
f 1588/1537/7 1593/1543/7 1592/1541/7
f 1598/1545/27 1597/1544/27 1596/1546/27
f 1602/1548/2 1599/1547/2 1598/1545/2
f 1600/1550/22 1603/1549/22 1602/1551/22
f 1596/1546/7 1601/1552/7 1600/1550/7
f 1605/1526/27 1606/1527/27 1604/1528/27
f 1607/1529/2 1610/1530/2 1606/1527/2
f 1611/1531/22 1608/1532/22 1610/1533/22
f 1609/1534/7 1604/1528/7 1608/1532/7
f 1613/1535/27 1614/1536/27 1612/1537/27
f 1615/1538/2 1618/1539/2 1614/1536/2
f 1619/1540/22 1616/1541/22 1618/1542/22
f 1617/1543/7 1612/1537/7 1616/1541/7
f 1621/1544/27 1622/1545/27 1620/1546/27
f 1623/1547/2 1626/1548/2 1622/1545/2
f 1627/1549/22 1624/1550/22 1626/1551/22
f 1625/1552/7 1620/1546/7 1624/1550/7
f 1630/1527/27 1629/1526/27 1628/1528/27
f 1634/1530/2 1631/1529/2 1630/1527/2
f 1632/1532/22 1635/1531/22 1634/1533/22
f 1628/1528/7 1633/1534/7 1632/1532/7
f 1638/1536/27 1637/1535/27 1636/1537/27
f 1642/1539/2 1639/1538/2 1638/1536/2
f 1640/1541/22 1643/1540/22 1642/1542/22
f 1636/1537/7 1641/1543/7 1640/1541/7
f 1646/1545/27 1645/1544/27 1644/1546/27
f 1650/1548/2 1647/1547/2 1646/1545/2
f 1648/1550/22 1651/1549/22 1650/1551/22
f 1644/1546/7 1649/1552/7 1648/1550/7
f 1652/1553/8 1655/1554/8 1653/1555/8
f 1653/1556/2 1656/1557/2 1652/1558/2
f 1657/1559/1 1658/1560/1 1656/1561/1
f 1652/1553/27 1661/1562/27 1654/1563/27
f 1658/1560/22 1662/1564/22 1656/1561/22
f 1662/1565/2 1652/1558/2 1656/1557/2
f 1660/1566/1 1665/1567/1 1661/1568/1
f 1663/1569/8 1666/1570/8 1662/1571/8
f 1666/1572/2 1660/1573/2 1662/1565/2
f 1666/1570/27 1659/1574/27 1657/1559/27
f 1665/1567/22 1653/1555/22 1655/1554/22
f 1653/1556/2 1666/1572/2 1657/1575/2
f 1674/1576/8 1669/1577/8 1668/1578/8
f 1672/1579/2 1675/1580/2 1674/1581/2
f 1685/1582/22 1687/1583/22 1689/1584/22
f 1677/1585/22 1668/1586/22 1671/1587/22
f 1679/1588/1 1683/1589/1 1676/1590/1
f 1670/1591/2 1668/1592/2 1669/1593/2
f 1678/1594/1 1671/1587/1 1670/1595/1
f 1676/1596/2 1678/1597/2 1679/1598/2
f 1684/1599/2 1685/1600/2 1683/1601/2
f 1685/1602/8 1680/1603/8 1681/1604/8
f 1686/1605/1 1689/1584/1 1687/1583/1
f 1688/1606/27 1680/1603/27 1682/1607/27
f 1689/1608/2 1683/1601/2 1685/1600/2
f 1684/1599/2 1688/1609/2 1682/1610/2
f 1688/1609/2 1690/1611/2 1689/1608/2
f 1678/1594/27 1669/1577/27 1675/1612/27
f 1676/1596/2 1674/1581/2 1677/1613/2
f 1679/1598/2 1675/1580/2 1673/1614/2
f 1686/1615/2 1681/1616/2 1680/1617/2
f 1695/1554/1 1692/1553/1 1693/1555/1
f 1696/1557/2 1693/1556/2 1692/1558/2
f 1698/1560/8 1697/1559/8 1696/1561/8
f 1701/1562/27 1692/1553/27 1694/1563/27
f 1702/1564/22 1698/1560/22 1696/1561/22
f 1692/1558/2 1702/1565/2 1696/1557/2
f 1705/1567/8 1700/1566/8 1701/1568/8
f 1706/1570/1 1703/1569/1 1702/1571/1
f 1700/1573/2 1706/1572/2 1702/1565/2
f 1699/1574/27 1706/1570/27 1697/1559/27
f 1693/1555/22 1705/1567/22 1695/1554/22
f 1697/1575/2 1704/1618/2 1693/1556/2
f 1709/1577/1 1714/1576/1 1708/1578/1
f 1715/1580/2 1712/1579/2 1714/1581/2
f 1727/1583/22 1725/1582/22 1729/1584/22
f 1708/1586/22 1717/1585/22 1711/1587/22
f 1723/1589/328 1719/1588/8 1716/1590/328
f 1708/1592/2 1710/1591/2 1709/1593/2
f 1711/1587/8 1718/1594/8 1710/1595/8
f 1716/1596/2 1718/1597/2 1717/1613/2
f 1723/1601/2 1722/1610/2 1724/1599/2
f 1720/1603/1 1725/1602/1 1721/1604/1
f 1729/1584/8 1726/1605/8 1727/1583/8
f 1720/1603/27 1728/1606/27 1722/1607/27
f 1729/1608/2 1723/1601/2 1730/1611/2
f 1728/1609/2 1724/1599/2 1722/1610/2
f 1729/1608/2 1731/1619/2 1728/1609/2
f 1709/1577/27 1718/1594/27 1715/1612/27
f 1716/1596/2 1714/1581/2 1712/1579/2
f 1715/1580/2 1719/1598/2 1713/1614/2
f 1721/1616/2 1726/1615/2 1720/1617/2
f 1739/1620/22 1737/1621/22 1741/1622/22
f 1735/1623/7 1734/1624/7 1736/1625/7
f 1732/1626/8 1737/1627/8 1733/1628/8
f 1741/1622/1 1738/1629/1 1739/1620/1
f 1732/1626/27 1740/1630/27 1734/1631/27
f 1741/1632/7 1735/1623/7 1742/1633/7
f 1740/1634/7 1736/1625/7 1734/1624/7
f 1741/1632/7 1743/1635/7 1740/1634/7
f 1733/1636/7 1738/1637/7 1732/1638/7
f 1749/1621/22 1751/1620/22 1753/1622/22
f 1747/1623/7 1746/1624/7 1749/1639/7
f 1749/1627/1 1744/1626/1 1745/1628/1
f 1750/1629/8 1753/1622/8 1751/1620/8
f 1752/1630/27 1744/1626/27 1746/1631/27
f 1753/1632/7 1747/1623/7 1749/1639/7
f 1748/1625/7 1752/1634/7 1746/1624/7
f 1755/1635/7 1753/1632/7 1752/1634/7
f 1750/1637/7 1745/1636/7 1744/1638/7
f 1759/1640/8 1756/1641/8 1757/1642/8
f 1760/1643/7 1757/1644/7 1756/1645/7
f 1762/1646/1 1761/1647/1 1760/1648/1
f 1765/1649/27 1756/1641/27 1758/1650/27
f 1766/1651/22 1762/1652/22 1760/1653/22
f 1756/1645/7 1766/1654/7 1760/1643/7
f 1769/1655/1 1764/1656/1 1765/1657/1
f 1770/1658/8 1767/1659/8 1766/1651/8
f 1766/1654/7 1768/1660/7 1770/1661/7
f 1763/1662/27 1770/1658/27 1761/1647/27
f 1757/1642/22 1769/1655/22 1759/1640/22
f 1770/1661/7 1757/1644/7 1761/1663/7
f 1772/1641/1 1775/1640/1 1773/1642/1
f 1773/1644/7 1776/1643/7 1772/1645/7
f 1777/1647/8 1778/1646/8 1776/1648/8
f 1772/1641/27 1781/1649/27 1774/1650/27
f 1778/1652/22 1782/1651/22 1776/1653/22
f 1782/1654/7 1772/1645/7 1776/1643/7
f 1780/1656/8 1785/1655/8 1781/1657/8
f 1783/1659/1 1786/1658/1 1782/1651/1
f 1782/1654/7 1784/1660/7 1780/1664/7
f 1786/1658/27 1779/1662/27 1777/1647/27
f 1785/1655/22 1773/1642/22 1775/1640/22
f 1773/1644/7 1786/1661/7 1777/1663/7
f 1788/1665/329 1817/1666/2 1789/1667/329
f 1790/1668/330 1789/1667/329 1791/1669/330
f 1792/1670/331 1791/1669/330 1793/1671/332
f 1794/1672/8 1793/1671/332 1795/1673/8
f 1796/1674/333 1795/1673/8 1797/1675/333
f 1798/1676/334 1797/1675/333 1799/1677/334
f 1800/1678/335 1799/1677/334 1801/1679/336
f 1804/1680/337 1803/1681/338 1805/1682/337
f 1806/1683/339 1805/1682/337 1807/1684/339
f 1808/1685/1 1807/1684/339 1809/1686/1
f 1810/1687/340 1809/1686/1 1811/1688/340
f 1812/1689/341 1811/1688/340 1813/1690/341
f 1814/1691/342 1813/1690/341 1815/1692/342
f 1816/1693/2 1815/1692/342 1817/1666/2
f 1820/1694/343 1802/1695/344 1818/1696/343
f 1800/1678/335 1821/1697/345 1819/1698/345
f 1819/1699/27 1822/1700/27 1818/1701/27
f 1825/1702/8 1819/1699/8 1821/1703/8
f 1823/1704/22 1821/1705/22 1820/1706/22
f 1822/1700/1 1820/1706/1 1818/1701/1
f 1827/1707/1 1828/1708/1 1826/1709/1
f 1833/1710/8 1830/1711/8 1832/1712/8
f 1831/1713/2 1826/1709/2 1830/1711/2
f 1832/1714/22 1826/1709/22 1828/1715/22
f 1829/1716/27 1831/1713/27 1833/1717/27
f 1834/1665/329 1863/1666/2 1835/1667/329
f 1836/1668/330 1835/1667/329 1837/1669/330
f 1838/1670/332 1837/1669/330 1839/1671/332
f 1840/1672/8 1839/1671/332 1841/1673/8
f 1842/1674/333 1841/1673/8 1843/1675/333
f 1844/1676/334 1843/1675/333 1845/1677/346
f 1846/1678/335 1845/1677/346 1847/1679/336
f 1850/1680/337 1849/1681/338 1851/1682/337
f 1852/1683/339 1851/1682/337 1853/1684/339
f 1854/1685/1 1853/1684/339 1855/1686/1
f 1856/1687/347 1855/1686/1 1857/1688/340
f 1858/1689/341 1857/1688/340 1859/1690/341
f 1860/1691/342 1859/1690/341 1861/1692/342
f 1862/1693/2 1861/1692/342 1863/1666/2
f 1866/1694/343 1848/1695/344 1864/1696/343
f 1846/1678/335 1867/1697/345 1865/1698/345
f 1865/1699/27 1868/1700/27 1864/1701/27
f 1871/1702/8 1865/1699/8 1867/1703/8
f 1869/1704/22 1867/1705/22 1866/1706/22
f 1868/1700/1 1866/1706/1 1864/1701/1
f 1873/1707/1 1874/1708/1 1872/1709/1
f 1879/1710/8 1876/1711/8 1878/1712/8
f 1877/1713/2 1872/1709/2 1876/1711/2
f 1878/1714/22 1872/1709/22 1874/1715/22
f 1875/1716/27 1877/1713/27 1879/1717/27
f 1880/1665/329 1909/1666/2 1881/1667/329
f 1882/1668/330 1881/1667/329 1883/1669/330
f 1884/1670/331 1883/1669/330 1885/1671/332
f 1886/1672/8 1885/1671/332 1887/1673/8
f 1888/1674/333 1887/1673/8 1889/1675/333
f 1890/1676/334 1889/1675/333 1891/1677/334
f 1892/1678/335 1891/1677/334 1893/1679/336
f 1896/1680/337 1895/1681/338 1897/1682/337
f 1898/1683/339 1897/1682/337 1899/1684/339
f 1900/1685/1 1899/1684/339 1901/1686/1
f 1902/1687/347 1901/1686/1 1903/1688/340
f 1904/1689/341 1903/1688/340 1905/1690/341
f 1906/1691/342 1905/1690/341 1907/1692/342
f 1908/1693/2 1907/1692/342 1909/1666/2
f 1912/1694/343 1894/1695/344 1910/1696/343
f 1892/1678/335 1913/1697/345 1911/1698/345
f 1911/1699/27 1914/1700/27 1910/1701/27
f 1917/1702/8 1911/1699/8 1913/1703/8
f 1915/1704/22 1913/1705/22 1912/1706/22
f 1910/1701/1 1915/1704/1 1912/1706/1
f 1919/1707/1 1920/1708/1 1918/1709/1
f 1925/1710/8 1922/1711/8 1924/1712/8
f 1923/1713/2 1918/1709/2 1922/1711/2
f 1924/1714/22 1918/1709/22 1920/1715/22
f 1921/1716/27 1923/1713/27 1925/1717/27
f 1926/1665/329 1955/1666/2 1927/1667/329
f 1928/1668/330 1927/1667/329 1929/1669/330
f 1930/1670/332 1929/1669/330 1931/1671/332
f 1932/1672/8 1931/1671/332 1933/1673/8
f 1934/1674/333 1933/1673/8 1935/1675/333
f 1936/1676/334 1935/1675/333 1937/1677/334
f 1938/1678/335 1937/1677/334 1939/1679/336
f 1942/1680/337 1941/1681/338 1943/1682/337
f 1944/1683/339 1943/1682/337 1945/1684/339
f 1946/1685/1 1945/1684/339 1947/1686/1
f 1948/1687/347 1947/1686/1 1949/1688/340
f 1950/1689/341 1949/1688/340 1951/1690/341
f 1952/1691/342 1951/1690/341 1953/1692/342
f 1954/1693/2 1953/1692/342 1955/1666/2
f 1958/1694/343 1940/1695/344 1956/1696/348
f 1938/1678/335 1959/1697/345 1957/1698/345
f 1957/1699/27 1960/1700/27 1956/1701/27
f 1963/1702/8 1957/1699/8 1959/1703/8
f 1961/1704/22 1959/1705/22 1958/1706/22
f 1960/1700/1 1958/1706/1 1956/1701/1
f 1965/1707/1 1966/1708/1 1964/1709/1
f 1971/1710/8 1968/1711/8 1970/1712/8
f 1969/1713/2 1964/1709/2 1968/1711/2
f 1970/1714/22 1964/1709/22 1966/1715/22
f 1967/1716/27 1969/1713/27 1971/1717/27
f 1972/1665/329 2001/1666/2 1973/1667/349
f 1974/1668/330 1973/1667/349 1975/1669/330
f 1976/1670/332 1975/1669/330 1977/1671/332
f 1978/1672/8 1977/1671/332 1979/1673/8
f 1980/1674/333 1979/1673/8 1981/1675/333
f 1982/1676/334 1981/1675/333 1983/1677/334
f 1984/1678/335 1983/1677/334 1985/1679/336
f 1988/1680/337 1987/1681/338 1989/1682/337
f 1990/1683/339 1989/1682/337 1991/1684/339
f 1992/1685/1 1991/1684/339 1993/1686/1
f 1994/1687/347 1993/1686/1 1995/1688/340
f 1996/1689/341 1995/1688/340 1997/1690/341
f 1998/1691/342 1997/1690/341 1999/1692/342
f 2000/1693/2 1999/1692/342 2001/1666/2
f 2004/1694/343 1986/1695/344 2002/1696/348
f 1984/1678/335 2005/1697/345 2003/1698/350
f 2003/1699/27 2006/1700/27 2002/1701/27
f 2009/1702/8 2003/1699/8 2005/1703/8
f 2007/1704/22 2005/1705/22 2004/1706/22
f 2006/1700/1 2004/1706/1 2002/1701/1
f 2011/1707/1 2012/1708/1 2010/1709/1
f 2017/1710/8 2014/1711/8 2016/1712/8
f 2015/1713/2 2010/1709/2 2014/1711/2
f 2016/1714/22 2010/1709/22 2012/1715/22
f 2013/1716/27 2015/1713/27 2017/1717/27
f 2018/1665/329 2047/1666/2 2019/1667/349
f 2020/1668/330 2019/1667/349 2021/1669/330
f 2022/1670/332 2021/1669/330 2023/1671/332
f 2024/1672/8 2023/1671/332 2025/1673/8
f 2026/1674/333 2025/1673/8 2027/1675/351
f 2028/1676/334 2027/1675/351 2029/1677/334
f 2030/1678/335 2029/1677/334 2031/1679/336
f 2034/1680/337 2033/1681/338 2035/1682/337
f 2036/1683/339 2035/1682/337 2037/1684/339
f 2038/1685/1 2037/1684/339 2039/1686/1
f 2040/1687/340 2039/1686/1 2041/1688/340
f 2042/1689/341 2041/1688/340 2043/1690/341
f 2044/1691/342 2043/1690/341 2045/1692/342
f 2046/1693/2 2045/1692/342 2047/1666/2
f 2050/1694/348 2032/1695/352 2048/1696/348
f 2030/1678/335 2051/1697/345 2049/1698/345
f 2049/1699/27 2052/1700/27 2048/1701/27
f 2055/1702/8 2049/1699/8 2051/1703/8
f 2053/1704/22 2051/1705/22 2050/1706/22
f 2052/1700/1 2050/1706/1 2048/1701/1
f 2057/1707/1 2058/1708/1 2056/1709/1
f 2063/1710/8 2060/1711/8 2062/1712/8
f 2061/1713/2 2056/1709/2 2060/1711/2
f 2062/1714/22 2056/1709/22 2058/1715/22
f 2059/1716/27 2061/1713/27 2063/1717/27
f 2073/1718/353 2064/1719/354 2065/1720/355
f 2074/1721/356 2065/1720/355 2066/1722/357
f 2075/1723/358 2066/1722/357 2067/1724/359
f 2075/1725/358 2068/1726/360 2076/1727/361
f 2076/1727/361 2069/1728/362 2077/1729/363
f 2077/1729/363 2070/1730/364 2078/1731/365
f 2078/1731/365 2071/1732/366 2079/1733/367
f 2072/1734/368 2071/1732/366 2064/1719/354
f 2072/1734/368 2087/1735/369 2079/1733/367
f 2073/1718/353 2080/1736/370 2072/1734/368
f 2074/1721/356 2081/1737/371 2073/1718/353
f 2075/1723/358 2082/1738/372 2074/1721/356
f 2084/1739/373 2075/1725/358 2076/1727/361
f 2085/1740/374 2076/1727/361 2077/1729/363
f 2086/1741/375 2077/1729/363 2078/1731/365
f 2087/1735/369 2078/1731/365 2079/1733/367
f 2095/1742/376 2086/1741/375 2087/1735/369
f 2089/1743/377 2082/1738/372 2090/1744/378
f 2088/1745/379 2081/1737/371 2089/1743/377
f 2092/1746/380 2083/1747/381 2084/1739/373
f 2090/1744/378 2083/1748/381 2091/1749/382
f 2094/1750/383 2085/1740/374 2086/1741/375
f 2093/1751/384 2084/1739/373 2085/1740/374
f 2095/1742/376 2080/1736/370 2088/1745/379
f 2088/1745/379 2103/1752/385 2095/1742/376
f 2089/1743/377 2096/1753/386 2088/1745/379
f 2090/1744/378 2097/1754/387 2089/1743/377
f 2091/1749/382 2098/1755/388 2090/1744/378
f 2100/1756/389 2091/1757/382 2092/1746/380
f 2101/1758/390 2092/1746/380 2093/1751/384
f 2102/1759/391 2093/1751/384 2094/1750/383
f 2103/1752/385 2094/1750/383 2095/1742/376
f 2110/1760/392 2103/1752/385 2111/1761/393
f 2105/1762/394 2096/1753/386 2097/1754/387
f 2107/1763/395 2100/1756/389 2108/1764/396
f 2104/1765/397 2103/1752/385 2096/1753/386
f 2109/1766/398 2102/1759/391 2110/1760/392
f 2106/1767/399 2097/1754/387 2098/1755/388
f 2107/1768/395 2098/1755/388 2099/1769/400
f 2108/1764/396 2101/1758/390 2109/1766/398
f 2107/1768/395 2114/1770/401 2106/1767/399
f 2118/1771/402 2109/1766/398 2110/1760/392
f 2104/1765/397 2119/1772/403 2111/1761/393
f 2116/1773/404 2107/1763/395 2108/1764/396
f 2105/1762/394 2112/1774/405 2104/1765/397
f 2106/1767/399 2113/1775/406 2105/1762/394
f 2119/1772/403 2110/1760/392 2111/1761/393
f 2120/1776/407 2119/1772/403 2112/1774/405
f 2121/1777/408 2112/1774/405 2113/1775/406
f 2122/1778/409 2113/1775/406 2114/1770/401
f 2123/1779/410 2114/1770/401 2115/1780/411
f 2116/1773/404 2123/1781/410 2115/1782/411
f 2117/1783/412 2124/1784/413 2116/1773/404
f 2118/1771/402 2125/1785/414 2117/1783/412
f 2119/1772/403 2126/1786/415 2118/1771/402
f 2117/1783/412 2108/1764/396 2109/1766/398
f 2133/1787/416 2126/1786/415 2134/1788/417
f 2130/1789/418 2121/1777/408 2122/1778/409
f 2131/1790/419 2122/1778/409 2123/1779/410
f 2131/1791/419 2124/1784/413 2132/1792/420
f 2132/1792/420 2125/1785/414 2133/1787/416
f 2134/1788/417 2127/1793/421 2135/1794/422
f 2128/1795/423 2127/1793/421 2120/1776/407
f 2129/1796/424 2120/1776/407 2121/1777/408
f 2135/1797/425 2128/1798/426 2134/1799/426
f 2134/1799/426 2129/1800/426 2133/1801/426
f 2129/1800/426 2132/1792/426 2133/1801/426
f 2131/1791/425 2132/1792/426 2130/1802/426
f 2145/1718/363 2136/1719/364 2144/1734/427
f 2146/1721/361 2137/1720/428 2145/1718/363
f 2147/1723/358 2138/1722/429 2146/1721/361
f 2140/1726/357 2147/1725/358 2148/1727/356
f 2141/1728/430 2148/1727/356 2149/1729/353
f 2142/1730/354 2149/1729/353 2150/1731/431
f 2143/1732/366 2150/1731/431 2151/1733/432
f 2144/1734/427 2143/1732/366 2151/1733/432
f 2144/1734/427 2159/1735/369 2152/1736/433
f 2145/1718/363 2152/1736/433 2153/1737/374
f 2146/1721/361 2153/1737/374 2154/1738/373
f 2147/1723/358 2154/1738/373 2155/1748/381
f 2147/1725/358 2156/1739/372 2148/1727/356
f 2148/1727/356 2157/1740/371 2149/1729/353
f 2149/1729/353 2158/1741/434 2150/1731/431
f 2150/1731/431 2159/1735/369 2151/1733/432
f 2167/1742/376 2158/1741/434 2166/1750/435
f 2154/1738/373 2161/1743/384 2162/1744/436
f 2153/1737/374 2160/1745/383 2161/1743/384
f 2164/1746/378 2155/1747/381 2163/1757/382
f 2155/1748/381 2162/1744/436 2163/1749/382
f 2166/1750/435 2157/1740/371 2165/1751/377
f 2165/1751/377 2156/1739/372 2164/1746/378
f 2152/1736/433 2167/1742/376 2160/1745/383
f 2160/1745/383 2175/1752/385 2168/1753/437
f 2161/1743/384 2168/1753/437 2169/1754/390
f 2162/1744/436 2169/1754/390 2170/1755/389
f 2163/1749/382 2170/1755/389 2171/1769/400
f 2163/1757/382 2172/1756/388 2164/1746/378
f 2164/1746/378 2173/1758/387 2165/1751/377
f 2165/1751/377 2174/1759/386 2166/1750/435
f 2166/1750/435 2175/1752/385 2167/1742/376
f 2175/1752/385 2182/1760/397 2183/1761/393
f 2177/1762/398 2168/1753/437 2176/1765/392
f 2172/1756/388 2179/1763/395 2180/1764/438
f 2176/1765/392 2175/1752/385 2183/1761/393
f 2174/1759/386 2181/1766/394 2182/1760/397
f 2178/1767/439 2169/1754/390 2177/1762/398
f 2179/1768/395 2170/1755/389 2178/1767/439
f 2173/1758/387 2180/1764/438 2181/1766/394
f 2179/1768/395 2186/1770/404 2187/1780/411
f 2181/1766/394 2190/1771/405 2182/1760/397
f 2176/1765/392 2191/1772/403 2184/1774/402
f 2179/1763/395 2188/1773/401 2180/1764/438
f 2177/1762/398 2184/1774/402 2185/1775/412
f 2178/1767/439 2185/1775/412 2186/1770/404
f 2182/1760/397 2191/1772/403 2183/1761/393
f 2191/1772/403 2192/1776/440 2184/1774/402
f 2184/1774/402 2193/1777/441 2185/1775/412
f 2185/1775/412 2194/1778/413 2186/1770/404
f 2186/1770/404 2195/1779/410 2187/1780/411
f 2188/1773/401 2195/1781/410 2196/1784/409
f 2189/1783/406 2196/1784/409 2197/1785/408
f 2190/1771/405 2197/1785/408 2198/1786/407
f 2191/1772/403 2198/1786/407 2199/1793/421
f 2180/1764/438 2189/1783/406 2181/1766/394
f 2198/1786/407 2205/1787/424 2206/1788/442
f 2202/1789/420 2193/1777/441 2201/1796/416
f 2203/1790/419 2194/1778/413 2202/1789/420
f 2196/1784/409 2203/1791/419 2204/1792/418
f 2197/1785/408 2204/1792/418 2205/1787/424
f 2199/1793/421 2206/1788/442 2207/1794/422
f 2200/1795/443 2199/1793/421 2207/1794/422
f 2201/1796/416 2192/1776/440 2200/1795/443
f 2207/1797/425 2206/1799/426 2200/1798/426
f 2201/1800/426 2206/1799/426 2205/1801/426
f 2201/1800/426 2204/1792/426 2202/1802/426
f 2203/1791/425 2202/1802/426 2204/1792/426
f 2237/1803/7 2208/1804/444 2209/1805/445
f 2209/1805/445 2210/1806/334 2211/1807/334
f 2211/1807/334 2212/1808/333 2213/1809/333
f 2213/1809/333 2214/1810/8 2215/1811/8
f 2215/1811/8 2216/1812/331 2217/1813/331
f 2217/1813/331 2218/1814/330 2219/1815/330
f 2219/1815/330 2220/1816/446 2221/1817/447
f 2223/1818/448 2224/1819/341 2225/1820/341
f 2225/1820/341 2226/1821/340 2227/1822/340
f 2227/1822/340 2228/1823/1 2229/1824/1
f 2229/1824/1 2230/1825/339 2231/1826/449
f 2231/1826/449 2232/1827/337 2233/1828/337
f 2233/1828/337 2234/1829/450 2235/1830/450
f 2235/1830/450 2236/1831/7 2237/1803/7
f 2222/1832/451 2240/1833/452 2238/1834/452
f 2220/1816/446 2241/1835/453 2221/1817/447
f 2239/1836/27 2242/1837/27 2244/1838/27
f 2239/1836/8 2245/1839/8 2241/1840/8
f 2241/1841/22 2243/1842/22 2240/1843/22
f 2240/1843/1 2242/1837/1 2238/1844/1
f 2248/1845/1 2247/1846/1 2246/1847/1
f 2250/1848/8 2253/1849/8 2252/1850/8
f 2246/1847/7 2251/1851/7 2250/1848/7
f 2246/1847/22 2252/1852/22 2248/1853/22
f 2251/1851/27 2249/1854/27 2253/1855/27
f 2283/1803/7 2254/1804/445 2255/1805/444
f 2255/1805/444 2256/1806/334 2257/1807/334
f 2257/1807/334 2258/1808/333 2259/1809/351
f 2259/1809/351 2260/1810/8 2261/1811/8
f 2261/1811/8 2262/1812/331 2263/1813/331
f 2263/1813/331 2264/1814/330 2265/1815/330
f 2265/1815/330 2266/1816/454 2267/1817/447
f 2269/1818/448 2270/1819/341 2271/1820/341
f 2271/1820/341 2272/1821/340 2273/1822/340
f 2273/1822/340 2274/1823/1 2275/1824/1
f 2275/1824/1 2276/1825/449 2277/1826/449
f 2277/1826/449 2278/1827/337 2279/1828/337
f 2279/1828/337 2280/1829/450 2281/1830/450
f 2281/1830/450 2282/1831/7 2283/1803/7
f 2268/1832/455 2286/1833/452 2284/1834/452
f 2266/1816/454 2287/1835/453 2267/1817/447
f 2285/1836/27 2288/1837/27 2290/1838/27
f 2285/1836/8 2291/1839/8 2287/1840/8
f 2287/1841/22 2289/1842/22 2286/1843/22
f 2286/1843/1 2288/1837/1 2284/1844/1
f 2294/1845/1 2293/1846/1 2292/1847/1
f 2296/1848/8 2299/1849/8 2298/1850/8
f 2292/1847/7 2297/1851/7 2296/1848/7
f 2292/1847/22 2298/1852/22 2294/1853/22
f 2297/1851/27 2295/1854/27 2299/1855/27
f 2300/1804/450 2329/1803/7 2301/1805/456
f 2302/1806/337 2301/1805/456 2303/1807/337
f 2304/1808/339 2303/1807/337 2305/1809/339
f 2306/1810/1 2305/1809/339 2307/1811/1
f 2308/1812/340 2307/1811/1 2309/1813/340
f 2310/1814/341 2309/1813/340 2311/1815/341
f 2312/1816/455 2311/1815/341 2313/1817/457
f 2316/1819/330 2315/1818/458 2317/1820/330
f 2318/1821/331 2317/1820/330 2319/1822/331
f 2320/1823/8 2319/1822/331 2321/1824/8
f 2322/1825/333 2321/1824/8 2323/1826/333
f 2324/1827/334 2323/1826/333 2325/1828/334
f 2326/1829/444 2325/1828/334 2327/1830/444
f 2328/1831/7 2327/1830/444 2329/1803/7
f 2332/1833/453 2314/1832/454 2330/1834/453
f 2312/1816/455 2333/1835/452 2331/1856/459
f 2331/1836/27 2334/1837/27 2330/1844/27
f 2337/1839/1 2331/1836/1 2333/1840/1
f 2335/1842/22 2333/1841/22 2332/1843/22
f 2334/1837/8 2332/1843/8 2330/1844/8
f 2339/1846/8 2340/1845/8 2338/1847/8
f 2345/1849/1 2342/1848/1 2344/1850/1
f 2343/1851/7 2338/1847/7 2342/1848/7
f 2344/1852/22 2338/1847/22 2340/1853/22
f 2341/1854/27 2343/1851/27 2345/1855/27
f 2346/1804/456 2375/1803/7 2347/1805/450
f 2348/1806/337 2347/1805/450 2349/1807/337
f 2350/1808/339 2349/1807/337 2351/1809/339
f 2352/1810/1 2351/1809/339 2353/1811/1
f 2354/1812/340 2353/1811/1 2355/1813/340
f 2356/1814/341 2355/1813/340 2357/1815/341
f 2358/1816/451 2357/1815/341 2359/1817/457
f 2362/1819/330 2361/1818/458 2363/1820/330
f 2364/1821/331 2363/1820/330 2365/1822/331
f 2366/1823/8 2365/1822/331 2367/1824/8
f 2368/1825/333 2367/1824/8 2369/1826/333
f 2370/1827/334 2369/1826/333 2371/1828/334
f 2372/1829/444 2371/1828/334 2373/1830/444
f 2374/1831/7 2373/1830/444 2375/1803/7
f 2378/1833/453 2360/1832/454 2376/1834/453
f 2358/1816/451 2379/1835/452 2377/1856/460
f 2377/1836/27 2380/1837/27 2376/1844/27
f 2383/1839/1 2377/1836/1 2379/1840/1
f 2381/1842/22 2379/1841/22 2378/1843/22
f 2380/1837/8 2378/1843/8 2376/1844/8
f 2385/1846/8 2386/1845/8 2384/1847/8
f 2391/1849/1 2388/1848/1 2390/1850/1
f 2389/1851/7 2384/1847/7 2388/1848/7
f 2390/1852/22 2384/1847/22 2386/1853/22
f 2387/1854/27 2389/1851/27 2391/1855/27
f 2393/1857/461 2392/1858/461 2395/1859/461
f 2394/1860/462 2397/1861/462 2402/1862/462
f 2401/1863/463 2397/1861/464 2400/1864/463
f 2401/1863/465 2403/1865/465 2398/1866/465
f 2394/1867/8 2399/1868/8 2392/1869/8
f 2400/1870/1 2396/1871/1 2403/1872/1
f 2396/1871/1 2393/1873/1 2395/1874/1
f 2401/1875/8 2399/1868/8 2402/1876/8
f 2405/1857/461 2404/1858/461 2407/1859/461
f 2406/1860/462 2409/1861/462 2414/1862/462
f 2413/1863/464 2409/1861/464 2412/1864/464
f 2413/1863/465 2415/1865/465 2410/1866/465
f 2406/1867/8 2411/1868/8 2404/1869/8
f 2412/1870/1 2408/1871/1 2415/1872/1
f 2408/1871/1 2405/1873/1 2407/1874/1
f 2413/1875/8 2411/1868/8 2414/1876/8
f 2417/1857/461 2416/1858/461 2419/1859/461
f 2418/1860/462 2421/1861/462 2426/1862/462
f 2425/1863/464 2421/1861/463 2424/1864/464
f 2425/1863/465 2427/1865/465 2422/1866/465
f 2418/1867/8 2423/1868/8 2416/1869/8
f 2424/1870/1 2420/1871/1 2427/1872/1
f 2420/1871/1 2417/1873/1 2419/1874/1
f 2425/1875/8 2423/1868/8 2426/1876/8
f 2429/1857/461 2428/1858/461 2431/1859/461
f 2430/1860/462 2433/1861/462 2438/1862/462
f 2437/1863/464 2433/1861/463 2436/1864/464
f 2437/1863/465 2439/1865/465 2434/1866/465
f 2430/1867/8 2435/1868/8 2428/1869/8
f 2436/1870/1 2432/1871/1 2439/1872/1
f 2432/1871/1 2429/1873/1 2431/1874/1
f 2437/1875/8 2435/1868/8 2438/1876/8
f 2441/1857/461 2440/1858/461 2443/1859/461
f 2442/1860/462 2445/1861/462 2450/1862/462
f 2449/1863/464 2445/1861/464 2448/1864/464
f 2449/1863/465 2451/1865/465 2446/1866/465
f 2442/1867/8 2447/1868/8 2440/1869/8
f 2448/1870/1 2444/1871/1 2451/1872/1
f 2444/1871/1 2441/1873/1 2443/1874/1
f 2449/1875/8 2447/1868/8 2450/1876/8
f 2453/1857/461 2452/1858/461 2455/1859/461
f 2454/1860/462 2457/1861/462 2462/1862/466
f 2461/1863/464 2457/1861/464 2460/1864/464
f 2461/1863/465 2463/1865/465 2458/1866/465
f 2454/1867/8 2459/1868/8 2452/1869/8
f 2460/1870/1 2456/1871/1 2463/1872/1
f 2456/1871/1 2453/1873/1 2455/1874/1
f 2461/1875/8 2459/1868/8 2462/1876/8
f 2465/1857/461 2464/1858/461 2467/1859/461
f 2466/1860/462 2469/1861/462 2474/1862/462
f 2473/1863/464 2469/1861/464 2472/1864/464
f 2473/1863/465 2475/1865/465 2470/1866/465
f 2466/1867/8 2471/1868/8 2464/1869/8
f 2472/1870/1 2468/1871/1 2475/1872/1
f 2468/1871/1 2465/1873/1 2467/1874/1
f 2473/1875/8 2471/1868/8 2474/1876/8
f 2477/1857/461 2476/1858/461 2479/1859/461
f 2478/1860/462 2481/1861/462 2486/1862/462
f 2485/1863/464 2481/1861/464 2484/1864/464
f 2485/1863/465 2487/1865/465 2482/1866/465
f 2478/1867/8 2483/1868/8 2476/1869/8
f 2484/1870/1 2480/1871/1 2487/1872/1
f 2480/1871/1 2477/1873/1 2479/1874/1
f 2485/1875/8 2483/1868/8 2486/1876/8
f 2489/1857/461 2488/1858/461 2491/1859/461
f 2490/1860/462 2493/1861/462 2498/1862/462
f 2497/1863/464 2493/1861/464 2496/1864/464
f 2497/1863/465 2499/1865/465 2494/1866/465
f 2490/1867/8 2495/1868/8 2488/1869/8
f 2496/1870/1 2492/1871/1 2499/1872/1
f 2492/1871/1 2489/1873/1 2491/1874/1
f 2497/1875/8 2495/1868/8 2498/1876/8
f 2500/1877/467 2503/1878/27 2502/1879/27
f 2503/1878/27 2504/1877/468 2502/1879/27
f 2515/1880/27 2506/1881/14 2513/1882/27
f 2506/1881/8 2517/1883/8 2513/1882/8
f 2509/1881/14 2521/1880/27 2519/1882/27
f 2509/1881/1 2523/1883/1 2511/1884/1
f 2512/1881/18 2515/1880/27 2513/1882/27
f 2512/1881/8 2517/1883/8 2516/1884/8
f 2521/1880/27 2518/1881/18 2519/1882/27
f 2518/1881/1 2523/1883/1 2519/1882/1
f 2526/1885/469 2525/1886/469 2524/1887/469
f 2525/1886/8 2528/1888/8 2524/1887/8
f 2531/1886/469 2532/1885/469 2530/1887/469
f 2531/1886/1 2534/1888/1 2535/1889/1
f 2539/1890/470 2536/1891/470 2537/1892/470
f 2540/1893/7 2537/1892/7 2536/1891/7
f 2546/1894/8 2551/1895/8 2550/1896/8
f 2549/1897/7 2551/1898/7 2547/1899/7
f 2546/1900/2 2552/1901/2 2548/1902/2
f 2548/1903/1 2553/1904/1 2549/1905/1
f 2548/1902/471 2545/1906/471 2546/1900/471
f 2547/1899/472 2542/1907/471 2549/1897/471
f 2547/1908/472 2545/1909/471 2544/1910/472
f 2549/1905/471 2543/1911/471 2548/1903/471
f 2560/1912/1 2565/1913/1 2561/1914/1
f 2558/1915/8 2563/1916/8 2562/1917/8
f 2561/1918/7 2563/1919/7 2559/1920/7
f 2558/1921/2 2564/1922/2 2560/1923/2
f 2559/1924/473 2557/1925/473 2556/1926/473
f 2561/1914/473 2555/1927/473 2560/1912/473
f 2560/1923/473 2557/1928/473 2558/1921/473
f 2561/1918/473 2556/1929/473 2554/1930/473
f 2567/1931/474 2568/1932/474 2566/1933/474
f 2566/1933/7 2571/1934/7 2567/1931/7
f 2572/1935/475 2575/1936/475 2573/1937/475
f 2573/1937/2 2576/1938/2 2572/1935/2
f 2579/1939/476 2580/1940/476 2578/1941/476
f 2578/1941/2 2583/1942/2 2579/1939/2
f 2584/1943/1 2590/1944/1 2585/1945/1
f 2584/1943/477 2592/1946/22 2588/1947/22
f 2587/1948/1 2590/1949/1 2588/1950/1
f 2592/1951/22 2587/1948/478 2588/1950/22
f 2595/1952/479 2594/1953/479 2593/1954/479
f 2598/1955/7 2593/1954/7 2594/1953/7
f 2600/1956/13 2601/1957/13 2599/1958/13
f 2600/1956/8 2603/1959/8 2604/1960/8
f 2609/1961/479 2606/1962/479 2605/1963/479
f 2605/1963/2 2608/1964/2 2607/1965/2
f 2613/1957/13 2612/1956/13 2611/1958/13
f 2612/1956/1 2615/1959/1 2611/1958/1
f 2618/1962/479 2621/1961/479 2617/1963/479
f 2620/1964/2 2617/1963/2 2619/1965/2
f 2623/1966/8 2629/1967/8 2627/1968/8
f 2631/1969/22 2623/1966/477 2627/1968/22
f 2626/1966/8 2629/1967/8 2628/1970/8
f 2626/1966/478 2631/1969/22 2627/1968/22
f 2633/1971/1 2634/1972/1 2632/1973/1
f 2638/1974/8 2637/1975/8 2636/1976/8
f 2638/1977/22 2632/1973/22 2634/1972/22
f 2635/1978/27 2637/1975/27 2639/1979/27
f 2641/1980/1 2642/1981/1 2640/1982/1
f 2647/1983/8 2644/1984/8 2646/1985/8
f 2646/1986/22 2640/1982/22 2642/1981/22
f 2643/1987/27 2645/1988/27 2647/1983/27
f 2649/1989/1 2650/1990/1 2648/1991/1
f 2655/1992/8 2652/1993/8 2654/1994/8
f 2654/1995/22 2648/1991/22 2650/1990/22
f 2651/1996/27 2653/1997/27 2655/1992/27
f 2657/1971/1 2658/1972/1 2656/1973/1
f 2663/1979/8 2660/1976/8 2662/1974/8
f 2662/1977/22 2656/1973/22 2658/1972/22
f 2659/1978/27 2661/1975/27 2663/1979/27
f 2665/1980/1 2666/1981/1 2664/1982/1
f 2671/1983/8 2668/1984/8 2670/1985/8
f 2670/1986/22 2664/1982/22 2666/1981/22
f 2667/1987/27 2669/1988/27 2671/1983/27
f 2673/1989/1 2674/1990/1 2672/1991/1
f 2679/1992/8 2676/1993/8 2678/1994/8
f 2678/1995/22 2672/1991/22 2674/1990/22
f 2675/1996/27 2677/1997/27 2679/1992/27
f 2681/1971/1 2682/1972/1 2680/1973/1
f 2687/1979/8 2684/1976/8 2686/1974/8
f 2686/1977/22 2680/1973/22 2682/1972/22
f 2683/1978/27 2685/1975/27 2687/1979/27
f 2689/1980/1 2690/1981/1 2688/1982/1
f 2695/1983/8 2692/1984/8 2694/1985/8
f 2694/1986/22 2688/1982/22 2690/1981/22
f 2691/1987/27 2693/1988/27 2695/1983/27
f 2697/1989/1 2698/1990/1 2696/1991/1
f 2703/1992/8 2700/1993/8 2702/1994/8
f 2702/1995/22 2696/1991/22 2698/1990/22
f 2699/1996/27 2701/1997/27 2703/1992/27
f 2705/1971/1 2706/1972/1 2704/1973/1
f 2711/1979/8 2708/1976/8 2710/1974/8
f 2710/1977/22 2704/1973/22 2706/1972/22
f 2707/1978/27 2709/1975/27 2711/1979/27
f 2713/1980/1 2714/1981/1 2712/1982/1
f 2718/1985/8 2717/1988/8 2716/1984/8
f 2718/1986/22 2712/1982/22 2714/1981/22
f 2715/1987/27 2717/1988/27 2719/1983/27
f 2721/1989/1 2722/1990/1 2720/1991/1
f 2727/1992/8 2724/1993/8 2726/1994/8
f 2726/1995/22 2720/1991/22 2722/1990/22
f 2723/1996/27 2725/1997/27 2727/1992/27
f 2729/1971/1 2730/1972/1 2728/1973/1
f 2735/1979/8 2732/1976/8 2734/1974/8
f 2734/1977/22 2728/1973/22 2730/1972/22
f 2731/1978/27 2733/1975/27 2735/1979/27
f 2737/1980/1 2738/1981/1 2736/1982/1
f 2743/1983/8 2740/1984/8 2742/1985/8
f 2742/1986/22 2736/1982/22 2738/1981/22
f 2739/1987/27 2741/1988/27 2743/1983/27
f 2745/1989/1 2746/1990/1 2744/1991/1
f 2750/1994/8 2749/1997/8 2748/1993/8
f 2750/1995/22 2744/1991/22 2746/1990/22
f 2747/1996/27 2749/1997/27 2751/1992/27
f 2753/1971/1 2754/1972/1 2752/1973/1
f 2759/1979/8 2756/1976/8 2758/1974/8
f 2758/1977/22 2752/1973/22 2754/1972/22
f 2755/1978/27 2757/1975/27 2759/1979/27
f 2761/1980/1 2762/1981/1 2760/1982/1
f 2767/1983/8 2764/1984/8 2766/1985/8
f 2766/1986/22 2760/1982/22 2762/1981/22
f 2763/1987/27 2765/1988/27 2767/1983/27
f 2769/1989/1 2770/1990/1 2768/1991/1
f 2775/1992/8 2772/1993/8 2774/1994/8
f 2774/1995/22 2768/1991/22 2770/1990/22
f 2771/1996/27 2773/1997/27 2775/1992/27
f 2777/1971/1 2778/1972/1 2776/1973/1
f 2782/1974/8 2781/1975/8 2780/1976/8
f 2782/1977/22 2776/1973/22 2778/1972/22
f 2779/1978/27 2781/1975/27 2783/1979/27
f 2785/1980/1 2786/1981/1 2784/1982/1
f 2791/1983/8 2788/1984/8 2790/1985/8
f 2790/1986/22 2784/1982/22 2786/1981/22
f 2787/1987/27 2789/1988/27 2791/1983/27
f 2793/1989/1 2794/1990/1 2792/1991/1
f 2799/1992/8 2796/1993/8 2798/1994/8
f 2798/1995/22 2792/1991/22 2794/1990/22
f 2795/1996/27 2797/1997/27 2799/1992/27
f 2801/1971/1 2802/1972/1 2800/1973/1
f 2807/1979/8 2804/1976/8 2806/1974/8
f 2806/1977/22 2800/1973/22 2802/1972/22
f 2803/1978/27 2805/1975/27 2807/1979/27
f 2809/1980/1 2810/1981/1 2808/1982/1
f 2815/1983/8 2812/1984/8 2814/1985/8
f 2814/1986/22 2808/1982/22 2810/1981/22
f 2811/1987/27 2813/1988/27 2815/1983/27
f 2817/1989/1 2818/1990/1 2816/1991/1
f 2823/1992/8 2820/1993/8 2822/1994/8
f 2822/1995/22 2816/1991/22 2818/1990/22
f 2819/1996/27 2821/1997/27 2823/1992/27
f 2825/1971/1 2826/1972/1 2824/1973/1
f 2831/1979/8 2828/1976/8 2830/1974/8
f 2830/1977/22 2824/1973/22 2826/1972/22
f 2827/1978/27 2829/1975/27 2831/1979/27
f 2833/1980/1 2834/1981/1 2832/1982/1
f 2839/1983/8 2836/1984/8 2838/1985/8
f 2838/1986/22 2832/1982/22 2834/1981/22
f 2835/1987/27 2837/1988/27 2839/1983/27
f 2841/1989/1 2842/1990/1 2840/1991/1
f 2847/1992/8 2844/1993/8 2846/1994/8
f 2846/1995/22 2840/1991/22 2842/1990/22
f 2843/1996/27 2845/1997/27 2847/1992/27
f 2849/1971/1 2850/1972/1 2848/1973/1
f 2855/1979/8 2852/1976/8 2854/1974/8
f 2854/1977/22 2848/1973/22 2850/1972/22
f 2851/1978/27 2853/1975/27 2855/1979/27
f 2857/1980/1 2858/1981/1 2856/1982/1
f 2863/1983/8 2860/1984/8 2862/1985/8
f 2862/1986/22 2856/1982/22 2858/1981/22
f 2859/1987/27 2861/1988/27 2863/1983/27
f 2865/1989/1 2866/1990/1 2864/1991/1
f 2871/1992/8 2868/1993/8 2870/1994/8
f 2870/1995/22 2864/1991/22 2866/1990/22
f 2867/1996/27 2869/1997/27 2871/1992/27
f 2873/1998/1 2874/1999/1 2872/2000/1
f 2878/2001/7 2872/2000/7 2874/1999/7
f 2875/2002/2 2877/2003/2 2879/2004/2
f 2882/1999/1 2881/1998/1 2880/2000/1
f 2880/2000/2 2886/2001/2 2882/1999/2
f 2885/2003/7 2883/2002/7 2887/2004/7
f 2901/2005/480 2888/2006/481 2895/2007/480
f 2903/2008/8 2891/2009/211 2894/2010/482
f 2900/2011/224 2889/2012/8 2901/2013/8
f 2889/2014/481 2898/2015/483 2888/2006/481
f 2892/2016/1 2888/2017/1 2898/2018/484
f 2900/2019/485 2897/2020/486 2896/2021/487
f 2893/2022/488 2891/2023/489 2892/2024/489
f 2902/2025/490 2893/2022/488 2899/2026/491
f 2898/2015/483 2902/2025/490 2899/2026/491
f 2888/2017/1 2897/2027/1 2895/2028/1
f 2890/2029/8 2900/2011/224 2901/2013/8
f 2902/2025/492 2903/2008/8 2894/2010/482
f 2891/2023/489 2896/2021/487 2892/2024/489
f 2890/2030/486 2895/2007/480 2897/2031/486
f 2899/2026/493 2892/2016/1 2898/2018/484
f 2917/2005/480 2904/2006/494 2911/2007/495
f 2919/2008/8 2907/2009/211 2910/2010/482
f 2916/2011/224 2905/2012/8 2917/2013/8
f 2905/2014/496 2914/2015/483 2904/2006/494
f 2908/2016/1 2904/2017/1 2914/2018/484
f 2916/2019/485 2913/2020/497 2912/2021/487
f 2909/2022/488 2907/2023/489 2908/2024/498
f 2918/2025/490 2909/2022/488 2915/2026/490
f 2914/2015/483 2918/2025/490 2915/2026/490
f 2904/2017/1 2913/2027/1 2911/2028/1
f 2906/2029/8 2916/2011/224 2917/2013/8
f 2918/2025/492 2919/2008/8 2910/2010/482
f 2907/2023/489 2912/2021/487 2908/2024/498
f 2906/2030/486 2911/2007/495 2913/2031/497
f 2915/2026/493 2908/2016/1 2914/2018/484
f 2921/2032/27 2922/2033/27 2920/2034/27
f 2923/2035/1 2926/2036/1 2922/2033/1
f 2927/2037/22 2924/2038/22 2926/2039/22
f 2925/2040/8 2920/2034/8 2924/2038/8
f 2928/2041/27 2931/2042/27 2930/2043/27
f 2931/2042/2 2934/2044/2 2930/2043/2
f 2934/2045/22 2933/2046/22 2932/2047/22
f 2933/2046/7 2928/2041/7 2932/2047/7
f 2937/2048/2 2938/2049/2 2936/2050/2
f 2938/2051/1 2943/2052/1 2942/2053/1
f 2943/2052/7 2940/2054/7 2942/2053/7
f 2941/2055/8 2936/2050/8 2940/2054/8
f 2945/2056/2 2946/2057/2 2944/2058/2
f 2946/2059/1 2951/2060/1 2950/2061/1
f 2951/2060/7 2948/2062/7 2950/2061/7
f 2949/2063/8 2944/2058/8 2948/2062/8
f 2953/2064/2 2954/2065/2 2952/2066/2
f 2955/2067/1 2958/2068/1 2954/2069/1
f 2959/2070/7 2956/2071/7 2958/2068/7
f 2957/2072/8 2952/2066/8 2956/2071/8
f 2961/2073/499 2962/2074/499 2960/2075/499
f 2962/2074/1 2967/2076/1 2966/2077/1
f 2967/2078/500 2964/2079/500 2966/2080/500
f 2965/2081/8 2960/2075/8 2964/2079/8
f 2966/2082/501 2960/2075/501 2962/2074/501
f 2965/2083/502 2963/2084/502 2961/2073/502
f 2969/2085/503 2970/2086/503 2968/2087/503
f 2971/2088/1 2974/2089/1 2970/2086/1
f 2975/2090/504 2972/2091/504 2974/2092/504
f 2972/2091/8 2969/2085/8 2968/2087/8
f 2977/2085/503 2978/2086/503 2976/2087/503
f 2979/2088/1 2982/2089/1 2978/2086/1
f 2983/2090/504 2980/2091/504 2982/2092/504
f 2980/2091/8 2977/2085/8 2976/2087/8
f 2985/2085/503 2986/2086/503 2984/2087/503
f 2987/2088/1 2990/2089/1 2986/2086/1
f 2991/2090/504 2988/2091/504 2990/2092/504
f 2988/2091/8 2985/2085/8 2984/2087/8
f 2993/2085/503 2994/2086/503 2992/2087/503
f 2994/2086/1 2999/2093/1 2998/2089/1
f 2999/2090/504 2996/2091/504 2998/2092/504
f 2997/2094/8 2992/2087/8 2996/2091/8
f 3002/2033/27 3001/2032/27 3000/2034/27
f 3006/2036/8 3003/2035/8 3002/2033/8
f 3004/2038/22 3007/2037/22 3006/2039/22
f 3000/2034/1 3005/2040/1 3004/2038/1
f 3010/2043/27 3009/2095/27 3008/2041/27
f 3014/2044/2 3011/2042/2 3010/2043/2
f 3012/2047/22 3015/2096/22 3014/2045/22
f 3008/2041/7 3013/2046/7 3012/2047/7
f 3018/2049/2 3017/2048/2 3016/2050/2
f 3018/2051/8 3023/2052/8 3019/2097/8
f 3020/2054/7 3023/2052/7 3022/2053/7
f 3016/2050/1 3021/2055/1 3020/2054/1
f 3026/2057/2 3025/2056/2 3024/2058/2
f 3026/2059/8 3031/2060/8 3027/2098/8
f 3028/2062/7 3031/2060/7 3030/2061/7
f 3024/2058/1 3029/2063/1 3028/2062/1
f 3034/2065/2 3033/2064/2 3032/2066/2
f 3038/2068/8 3035/2067/8 3034/2069/8
f 3036/2071/7 3039/2070/7 3038/2068/7
f 3036/2071/1 3033/2064/1 3037/2072/1
f 3042/2074/499 3041/2073/499 3040/2075/499
f 3042/2074/8 3047/2076/8 3043/2084/8
f 3044/2079/500 3047/2078/500 3046/2080/500
f 3040/2075/1 3045/2081/1 3044/2079/1
f 3040/2075/501 3046/2082/501 3042/2074/501
f 3043/2084/502 3045/2083/502 3041/2073/502
f 3050/2086/503 3049/2085/503 3048/2087/503
f 3054/2089/8 3051/2088/8 3050/2086/8
f 3054/2092/504 3053/2094/504 3055/2090/504
f 3052/2091/1 3049/2085/1 3053/2094/1
f 3058/2086/503 3057/2085/503 3056/2087/503
f 3062/2089/8 3059/2088/8 3058/2086/8
f 3062/2092/504 3061/2094/504 3063/2090/504
f 3060/2091/1 3057/2085/1 3061/2094/1
f 3066/2086/503 3065/2085/503 3064/2087/503
f 3070/2089/8 3067/2088/8 3066/2086/8
f 3070/2092/504 3069/2094/504 3071/2090/504
f 3068/2091/1 3065/2085/1 3069/2094/1
f 3074/2086/503 3073/2085/503 3072/2087/503
f 3074/2086/8 3079/2093/8 3075/2088/8
f 3078/2092/504 3077/2094/504 3079/2090/504
f 3072/2087/1 3077/2094/1 3076/2091/1
f 3086/2099/7 3085/2100/7 3081/2101/7
f 3082/2102/1 3086/2099/1 3081/2101/1
f 3082/2102/2 3087/2103/2 3083/2104/2
f 3093/2100/2 3094/2099/2 3089/2101/2
f 3094/2099/1 3090/2102/1 3089/2101/1
f 3095/2103/7 3090/2102/7 3091/2104/7
f 3096/1553/7 3099/1554/7 3097/1555/7
f 3097/1556/8 3100/1557/8 3096/1558/8
f 3101/1559/2 3102/1560/2 3100/1561/2
f 3096/1553/27 3105/1562/27 3098/1563/27
f 3102/1560/22 3106/1564/22 3100/1561/22
f 3106/1565/8 3096/1558/8 3100/1557/8
f 3104/1566/2 3109/1567/2 3105/1568/2
f 3107/1569/7 3110/1570/7 3106/1571/7
f 3110/1572/8 3104/1573/8 3106/1565/8
f 3110/1570/27 3103/1574/27 3101/1559/27
f 3109/1567/22 3097/1555/22 3099/1554/22
f 3097/1556/8 3110/1572/8 3101/1575/8
f 3118/1576/7 3113/1577/7 3112/1578/7
f 3116/1579/8 3119/1580/8 3118/1581/8
f 3129/1582/22 3131/1583/22 3133/1584/22
f 3121/1585/22 3112/1586/22 3115/1587/22
f 3123/1588/2 3127/1589/2 3120/1590/2
f 3114/1591/8 3112/1592/8 3113/1593/8
f 3122/1594/2 3115/1587/2 3114/1595/2
f 3121/1613/8 3123/1598/8 3120/1596/8
f 3128/1599/8 3129/1600/8 3127/1601/8
f 3129/1602/7 3124/1603/7 3125/1604/7
f 3130/1605/2 3133/1584/2 3131/1583/2
f 3132/1606/27 3124/1603/27 3126/1607/27
f 3133/1608/8 3127/1601/8 3129/1600/8
f 3128/1599/8 3132/1609/8 3126/1610/8
f 3135/1619/8 3133/1608/8 3132/1609/8
f 3122/1594/27 3113/1577/27 3119/1612/27
f 3120/1596/8 3118/1581/8 3121/1613/8
f 3123/1598/8 3119/1580/8 3117/1614/8
f 3130/1615/8 3125/1616/8 3124/1617/8
f 3137/1490/2 3138/1491/2 3136/1492/2
f 3139/1493/1 3142/1494/1 3138/1495/1
f 3143/1496/7 3140/1497/7 3142/1494/7
f 3141/1498/8 3136/1492/8 3140/1497/8
f 3145/1490/2 3146/1491/2 3144/1492/2
f 3147/1493/1 3150/1494/1 3146/1495/1
f 3151/1496/7 3148/1497/7 3150/1494/7
f 3149/1498/8 3144/1492/8 3148/1497/8
f 3153/1490/2 3154/1491/2 3152/1492/2
f 3155/1493/1 3158/1494/1 3154/1495/1
f 3159/1496/7 3156/1497/7 3158/1494/7
f 3157/1498/8 3152/1492/8 3156/1497/8
f 3161/1490/2 3162/1491/2 3160/1492/2
f 3163/1493/1 3166/1494/1 3162/1495/1
f 3167/1496/7 3164/1497/7 3166/1494/7
f 3165/1498/8 3160/1492/8 3164/1497/8
f 3169/1490/2 3170/1491/2 3168/1492/2
f 3171/1493/1 3174/1494/1 3170/1495/1
f 3175/1496/7 3172/1497/7 3174/1494/7
f 3173/1498/8 3168/1492/8 3172/1497/8
f 3178/1491/2 3177/1490/2 3176/1492/2
f 3182/1494/8 3179/1493/8 3178/1495/8
f 3180/1497/7 3183/1496/7 3182/1494/7
f 3176/1492/1 3181/1498/1 3180/1497/1
f 3186/1491/2 3185/1490/2 3184/1492/2
f 3190/1494/8 3187/1493/8 3186/1495/8
f 3188/1497/7 3191/1496/7 3190/1494/7
f 3184/1492/1 3189/1498/1 3188/1497/1
f 3194/1491/2 3193/1490/2 3192/1492/2
f 3198/1494/8 3195/1493/8 3194/1495/8
f 3196/1497/7 3199/1496/7 3198/1494/7
f 3192/1492/1 3197/1498/1 3196/1497/1
f 3202/1491/2 3201/1490/2 3200/1492/2
f 3206/1494/8 3203/1493/8 3202/1495/8
f 3204/1497/7 3207/1496/7 3206/1494/7
f 3200/1492/1 3205/1498/1 3204/1497/1
f 3210/1491/2 3209/1490/2 3208/1492/2
f 3214/1494/8 3211/1493/8 3210/1495/8
f 3212/1497/7 3215/1496/7 3214/1494/7
f 3208/1492/1 3213/1498/1 3212/1497/1
f 3216/1858/505 3217/1857/505 3219/1859/505
f 3221/1861/506 3218/1860/506 3226/1862/506
f 3221/1861/507 3225/1863/507 3224/1864/507
f 3227/1865/508 3225/1863/508 3222/1866/508
f 3223/1868/8 3218/1867/8 3216/1869/8
f 3220/1871/1 3224/1870/1 3227/1872/1
f 3220/1871/1 3217/1873/1 3221/2105/1
f 3225/1875/8 3223/1868/8 3222/2106/8
f 3228/1858/505 3229/1857/505 3231/1859/505
f 3233/1861/506 3230/1860/506 3238/1862/506
f 3233/1861/507 3237/1863/507 3236/1864/507
f 3239/1865/508 3237/1863/508 3234/1866/508
f 3235/1868/8 3230/1867/8 3228/1869/8
f 3232/1871/1 3236/1870/1 3239/1872/1
f 3232/1871/1 3229/1873/1 3233/2105/1
f 3237/1875/8 3235/1868/8 3234/2106/8
f 3240/1858/505 3241/1857/505 3243/1859/505
f 3245/1861/506 3242/1860/506 3250/1862/506
f 3245/1861/507 3249/1863/507 3248/1864/507
f 3251/1865/508 3249/1863/508 3246/1866/508
f 3247/1868/8 3242/1867/8 3240/1869/8
f 3244/1871/1 3248/1870/1 3251/1872/1
f 3244/1871/1 3241/1873/1 3245/2105/1
f 3249/1875/8 3247/1868/8 3246/2106/8
f 3252/1858/505 3253/1857/505 3255/1859/505
f 3257/1861/506 3254/1860/506 3262/1862/506
f 3257/1861/507 3261/1863/507 3260/1864/507
f 3263/1865/508 3261/1863/508 3258/1866/508
f 3259/1868/8 3254/1867/8 3252/1869/8
f 3256/1871/1 3260/1870/1 3263/1872/1
f 3256/1871/1 3253/1873/1 3257/2105/1
f 3261/1875/8 3259/1868/8 3258/2106/8
f 3264/1858/505 3265/1857/505 3267/1859/505
f 3269/1861/506 3266/1860/506 3274/1862/506
f 3269/1861/507 3273/1863/507 3272/1864/507
f 3275/1865/508 3273/1863/508 3270/1866/508
f 3271/1868/8 3266/1867/8 3264/1869/8
f 3268/1871/1 3272/1870/1 3275/1872/1
f 3268/1871/1 3265/1873/1 3269/2105/1
f 3273/1875/8 3271/1868/8 3270/2106/8
f 3276/1858/505 3277/1857/505 3279/1859/505
f 3281/1861/506 3278/1860/506 3286/1862/506
f 3281/1861/507 3285/1863/507 3284/1864/507
f 3287/1865/508 3285/1863/508 3282/1866/508
f 3283/1868/8 3278/1867/8 3276/1869/8
f 3280/1871/1 3284/1870/1 3287/1872/1
f 3280/1871/1 3277/1873/1 3281/2105/1
f 3285/1875/8 3283/1868/8 3282/2106/8
f 3289/1403/1 3290/1404/1 3288/1405/1
f 3291/1406/7 3294/1407/7 3290/1408/7
f 3295/1409/8 3292/1410/8 3294/1407/8
f 3293/1411/2 3288/1405/2 3292/1410/2
f 3298/1404/8 3297/1403/8 3296/1405/8
f 3302/1407/7 3299/1406/7 3298/1408/7
f 3300/1410/1 3303/1409/1 3302/1407/1
f 3296/1405/2 3301/1411/2 3300/1410/2
f 3306/1404/1 3305/1403/1 3304/1405/1
f 3310/1407/2 3307/1406/2 3306/1408/2
f 3308/1410/8 3311/1409/8 3310/1407/8
f 3304/1405/7 3309/1411/7 3308/1410/7
f 3313/1403/8 3314/1404/8 3312/1405/8
f 3315/1406/2 3318/1407/2 3314/1408/2
f 3319/1409/1 3316/1410/1 3318/1407/1
f 3317/1411/7 3312/1405/7 3316/1410/7
f 3333/2107/509 3320/2108/510 3327/2109/509
f 3335/2110/211 3323/2111/211 3326/2112/511
f 3332/2113/512 3321/2114/8 3333/2115/8
f 3321/2116/510 3330/2117/513 3320/2108/510
f 3330/2118/484 3328/2119/1 3320/2120/1
f 3332/2121/514 3329/2122/515 3328/2123/514
f 3325/2124/516 3323/2125/517 3324/2126/518
f 3334/2127/519 3325/2124/516 3331/2128/519
f 3330/2117/513 3334/2127/519 3331/2128/519
f 3320/2120/1 3329/2129/1 3327/2130/1
f 3322/2131/8 3332/2113/512 3333/2115/8
f 3334/2127/520 3335/2110/211 3326/2112/511
f 3323/2125/517 3328/2123/514 3324/2126/518
f 3322/2132/515 3327/2109/509 3329/2133/515
f 3331/2128/521 3324/2134/1 3330/2118/484
f 3349/2107/509 3336/2108/522 3343/2109/523
f 3351/2110/211 3339/2111/211 3342/2112/511
f 3348/2113/512 3337/2114/8 3349/2115/8
f 3336/2108/522 3351/2110/513 3346/2117/513
f 3340/2134/1 3336/2120/1 3346/2118/484
f 3348/2121/524 3345/2122/515 3344/2123/514
f 3341/2124/516 3339/2125/517 3340/2126/518
f 3350/2127/519 3341/2124/516 3347/2128/519
f 3346/2117/513 3350/2127/519 3347/2128/519
f 3344/2119/1 3343/2130/1 3336/2120/1
f 3338/2131/8 3348/2113/512 3349/2115/8
f 3350/2127/520 3351/2110/211 3342/2112/511
f 3339/2125/517 3344/2123/514 3340/2126/518
f 3338/2132/515 3343/2109/523 3345/2133/515
f 3347/2128/521 3340/2134/1 3346/2118/484
f 42/1/1 45/7/1 6/2/1
f 94/4/2 95/2135/2 43/5/2
f 46/9/2 5/2136/2 1/10/2
f 28/15/6 42/42/6 43/16/6
f 5/18/1 6/2137/1 2/19/1
f 6/2/1 3/8/1 41/21/1
f 105/23/7 104/206/7 11/24/7
f 8/26/8 102/194/8 103/27/8
f 43/16/6 44/2138/3 26/29/5
f 7/30/2 12/130/2 55/31/2
f 11/33/8 12/2139/8 7/34/8
f 2/19/1 6/2137/1 60/36/1
f 31/38/9 30/2140/9 33/39/9
f 37/41/6 45/2141/6 42/42/6
f 20/43/10 21/2142/10 18/44/11
f 25/46/13 22/2143/13 23/47/13
f 14/49/8 39/2144/8 40/50/8
f 33/52/2 30/2145/2 22/53/2
f 24/55/1 32/2146/1 33/56/1
f 36/58/1 37/2147/1 13/59/1
f 20/61/2 28/2148/2 29/62/2
f 40/64/8 34/2149/8 16/65/8
f 17/67/1 27/2150/1 36/68/1
f 21/70/8 29/2151/8 26/71/8
f 20/73/1 13/2152/1 37/74/1
f 30/76/8 31/2153/8 23/77/8
f 31/79/7 32/2154/7 24/80/7
f 99/85/8 97/188/8 47/86/8
f 26/89/2 39/2155/2 14/90/2
f 10/92/15 41/112/25 27/93/16
f 34/95/7 27/2156/7 17/96/7
f 17/98/18 19/2157/18 15/99/18
f 15/101/14 19/83/14 18/82/11
f 10/92/15 34/94/17 40/107/21
f 8/109/23 38/2158/22 40/110/21
f 41/112/25 35/2159/22 36/113/26
f 36/114/26 35/2160/22 3/104/20
f 8/109/23 39/111/24 26/14/5
f 59/115/8 57/2161/8 56/116/8
f 51/118/8 49/2162/8 48/119/8
f 55/121/8 53/2163/8 52/122/8
f 46/9/2 52/11/2 48/127/2
f 51/129/2 50/2164/2 55/31/2
f 926/131/2 925/2165/2 51/129/2
f 62/133/7 64/2166/7 65/134/7
f 68/137/7 63/2167/7 9/138/7
f 64/140/1 66/2168/1 73/141/1
f 66/143/7 70/2169/7 69/144/7
f 69/146/8 70/2170/8 68/147/8
f 69/146/8 67/148/8 75/149/8
f 75/149/8 67/148/8 79/151/8
f 75/153/7 74/2171/7 71/154/7
f 79/156/7 78/2172/7 76/157/7
f 74/159/1 65/142/1 73/141/1
f 74/159/1 76/2173/1 78/161/1
f 42/6/2 5/164/2 92/162/2
f 46/163/2 93/165/2 92/162/2
f 43/5/2 95/2135/2 93/165/2
f 47/166/2 88/170/2 90/167/2
f 86/171/2 91/181/2 89/169/2
f 85/173/2 47/166/2 12/174/2
f 85/173/2 80/175/2 82/176/2
f 83/179/2 81/178/2 12/174/2
f 87/177/2 82/176/2 8/180/2
f 100/182/7 136/254/7 138/183/7
f 44/185/8 43/190/8 98/186/8
f 96/187/8 46/189/8 47/86/8
f 46/189/8 96/187/8 98/186/8
f 101/191/8 100/2174/8 12/192/8
f 12/192/8 100/2174/8 102/194/8
f 103/27/8 101/191/8 11/193/8
f 10/195/7 106/200/7 107/196/7
f 41/197/7 115/202/7 113/203/7
f 105/23/7 60/25/7 113/203/7
f 107/196/7 105/23/7 112/204/7
f 109/205/7 108/207/7 11/24/7
f 106/200/7 111/199/7 109/205/7
f 10/195/7 11/24/7 108/207/7
f 80/208/8 116/218/8 118/209/8
f 94/211/22 130/233/22 131/212/22
f 88/214/8 124/220/8 126/215/8
f 81/217/27 117/222/27 116/218/27
f 89/219/27 125/2175/27 124/220/27
f 83/221/1 119/227/1 117/222/1
f 91/223/1 127/228/1 125/224/1
f 82/226/22 118/2176/22 119/227/22
f 90/216/22 126/215/22 127/228/22
f 84/229/8 120/235/8 122/230/8
f 92/232/8 128/2177/8 130/233/8
f 85/234/27 121/240/27 120/235/27
f 93/236/27 129/241/27 128/237/27
f 87/239/1 123/243/1 121/240/1
f 95/213/1 131/212/1 129/241/1
f 86/242/22 122/2178/22 123/243/22
f 99/244/2 135/255/2 133/245/2
f 102/247/22 138/2179/22 139/248/22
f 96/250/7 132/2180/7 134/251/7
f 101/253/27 137/258/27 136/254/27
f 98/252/22 134/251/22 135/255/22
f 97/246/27 133/245/27 132/256/27
f 103/249/2 139/248/2 137/258/2
f 110/259/22 146/263/22 147/260/22
f 108/262/1 144/2181/1 146/263/1
f 114/264/22 150/271/22 151/265/22
f 105/267/27 141/276/27 140/268/27
f 112/270/1 148/278/1 150/271/1
f 109/272/27 145/279/27 144/273/27
f 105/267/8 107/281/8 143/275/8
f 113/277/27 149/2182/27 148/278/27
f 111/261/8 147/260/8 145/279/8
f 106/280/22 142/285/22 143/275/22
f 115/266/8 151/265/8 149/282/8
f 104/284/1 140/2183/1 142/285/1
f 158/286/8 159/316/8 153/287/8
f 169/289/22 165/2184/22 171/290/22
f 161/292/22 158/2185/22 152/293/22
f 163/295/1 168/2186/1 167/296/1
f 162/298/1 161/292/1 155/294/1
f 161/300/2 162/2187/2 163/301/2
f 168/303/2 166/314/2 169/304/2
f 169/306/8 166/311/8 164/307/8
f 170/309/1 172/310/1 173/291/1
f 172/310/27 170/309/27 164/307/27
f 173/312/2 174/2188/2 167/305/2
f 168/303/2 175/315/2 172/313/2
f 175/315/2 174/2188/2 173/312/2
f 162/298/27 154/299/27 153/287/27
f 160/302/2 156/2189/2 158/317/2
f 163/301/2 162/2187/2 159/318/2
f 170/320/2 171/2190/2 165/321/2
f 181/323/22 177/2191/22 183/324/22
f 180/326/2 178/336/2 181/327/2
f 181/329/8 178/333/8 176/330/8
f 184/332/27 182/364/27 176/330/27
f 185/334/2 186/365/2 179/328/2
f 180/326/2 187/2192/2 184/335/2
f 182/337/2 183/2193/2 177/338/2
f 193/340/7 196/361/7 195/341/7
f 207/343/2 197/363/2 198/344/2
f 203/346/22 205/2194/22 206/347/22
f 195/349/8 196/356/8 200/350/8
f 197/352/8 195/349/8 199/351/8
f 198/354/8 197/352/8 201/353/8
f 196/356/8 198/354/8 202/355/8
f 191/357/27 189/360/27 188/358/27
f 189/360/8 203/346/8 204/348/8
f 194/345/22 198/344/22 196/361/22
f 192/362/27 195/2195/27 197/363/27
f 182/364/1 184/332/1 185/325/1
f 184/335/2 187/2192/2 186/365/2
f 192/366/8 207/1349/8 194/367/8
f 158/317/2 156/2189/2 157/319/2
f 154/369/2 155/2196/2 152/370/2
f 212/372/27 213/2197/27 210/373/27
f 211/375/22 217/2198/22 216/376/22
f 214/378/2 215/381/2 212/372/2
f 216/376/2 217/2198/2 219/379/2
f 214/378/22 218/380/22 219/379/22
f 224/382/27 225/2199/27 222/383/27
f 223/385/22 229/2200/22 228/386/22
f 226/388/2 227/391/2 224/382/2
f 228/386/2 229/2200/2 231/389/2
f 226/388/22 230/390/22 231/389/22
f 244/392/27 234/399/27 235/393/27
f 233/395/22 238/2201/22 237/396/22
f 246/398/2 236/402/2 234/399/2
f 237/396/2 238/2201/2 239/400/2
f 246/398/22 249/401/22 239/400/22
f 244/403/27 232/2202/27 242/404/27
f 240/406/22 243/2203/22 237/407/22
f 245/409/8 246/412/8 244/403/8
f 248/410/8 247/408/8 237/407/8
f 246/412/22 245/409/22 248/410/22
f 254/413/27 250/2204/27 264/414/27
f 263/416/22 253/2205/22 251/417/22
f 255/419/8 256/422/8 254/413/8
f 257/418/8 251/417/8 259/420/8
f 256/422/22 255/419/22 258/421/22
f 261/423/27 252/430/27 264/424/27
f 263/426/22 257/2206/22 266/427/22
f 265/429/2 255/433/2 252/430/2
f 266/427/2 257/2206/2 258/431/2
f 265/429/22 267/432/22 258/431/22
f 361/434/27 360/2207/27 268/435/27
f 359/437/22 269/2208/22 288/438/22
f 283/436/1 272/537/1 358/440/1
f 284/441/1 269/2208/1 359/437/1
f 352/443/22 356/529/22 274/444/22
f 276/446/27 277/2209/27 279/447/27
f 281/449/22 273/2210/22 278/450/22
f 270/448/2 271/455/2 280/452/2
f 274/453/2 273/2210/2 281/449/2
f 274/453/22 282/454/22 280/452/22
f 286/456/27 283/463/27 268/457/27
f 288/459/22 269/2211/22 290/460/22
f 289/462/7 272/466/7 283/463/7
f 290/460/7 269/2211/7 284/464/7
f 289/462/22 291/465/22 284/464/22
f 294/467/27 297/2212/27 296/468/27
f 300/470/22 301/2213/22 295/471/22
f 296/468/7 299/476/7 298/473/7
f 303/474/7 301/2213/7 300/470/7
f 303/474/22 302/475/22 298/473/22
f 306/477/27 309/2214/27 308/478/27
f 312/480/22 313/2215/22 307/481/22
f 308/478/7 311/486/7 310/483/7
f 315/484/7 313/2215/7 312/480/7
f 315/484/22 314/485/22 310/483/22
f 318/487/27 325/494/27 316/488/27
f 330/490/22 317/2216/22 321/491/22
f 319/493/8 320/497/8 325/494/8
f 321/491/8 317/2216/8 326/495/8
f 319/493/22 322/496/22 326/495/22
f 328/498/27 329/2217/27 316/499/27
f 332/501/22 317/2218/22 330/502/22
f 325/500/7 320/507/7 331/504/7
f 326/505/7 317/2218/7 332/501/7
f 326/505/22 333/506/22 331/504/22
f 336/508/27 342/2219/27 334/509/27
f 339/511/22 335/2220/22 348/512/22
f 343/510/8 338/517/8 337/514/8
f 344/515/8 335/2220/8 339/511/8
f 344/515/22 340/516/22 337/514/22
f 346/518/27 343/525/27 334/519/27
f 348/521/22 335/2221/22 350/522/22
f 349/524/2 338/528/2 343/525/2
f 350/522/2 335/2221/2 344/526/2
f 349/524/22 351/527/22 344/526/22
f 356/529/1 353/534/1 273/530/1
f 355/531/1 352/443/1 271/445/1
f 278/533/22 273/530/22 353/534/22
f 279/536/27 354/2222/27 355/531/27
f 284/441/22 362/442/22 358/440/22
f 368/538/8 372/541/8 373/539/8
f 372/541/7 374/2223/7 375/542/7
f 369/543/2 365/549/2 364/544/2
f 370/546/22 368/545/22 364/544/22
f 371/548/27 367/2224/27 365/549/27
f 373/539/27 375/2225/27 371/550/27
f 372/541/22 368/538/22 370/551/22
f 381/553/2 377/2226/2 376/554/2
f 378/556/22 382/2227/22 380/555/22
f 379/557/27 377/2226/27 381/553/27
f 382/559/8 383/2228/8 381/553/8
f 392/560/1 385/563/1 384/561/1
f 385/563/7 387/2229/7 386/564/7
f 387/565/27 385/563/27 392/560/27
f 384/561/22 386/2230/22 394/567/22
f 389/568/22 391/2231/22 378/569/22
f 379/571/27 390/2232/27 388/572/27
f 377/573/1 388/572/1 389/568/1
f 397/574/1 399/2233/1 398/575/1
f 399/577/7 403/580/7 402/578/7
f 403/580/8 401/582/8 400/581/8
f 401/582/2 397/574/2 396/576/2
f 405/583/28 407/1343/28 406/584/28
f 406/584/7 407/1343/7 411/586/7
f 411/588/29 409/591/29 408/589/29
f 409/591/2 405/583/2 404/585/2
f 410/592/30 408/2234/30 404/585/30
f 413/593/31 415/2235/31 414/594/32
f 414/594/7 415/2235/7 419/596/7
f 419/598/33 417/601/33 416/599/34
f 417/601/2 413/593/2 412/595/2
f 421/602/27 423/605/27 422/603/27
f 423/605/7 427/2236/7 426/606/7
f 427/607/22 425/610/22 424/608/22
f 425/610/2 421/602/2 420/604/2
f 429/611/1 431/2237/1 430/612/1
f 430/614/7 431/2238/7 435/615/7
f 435/615/8 433/618/8 432/617/8
f 433/618/2 429/611/2 428/613/2
f 436/619/1 437/2239/1 439/620/1
f 439/622/7 443/625/7 442/623/7
f 443/625/8 441/627/8 440/626/8
f 441/627/2 437/2239/2 436/619/2
f 444/628/1 445/2240/1 447/629/1
f 446/631/7 447/2241/7 451/632/7
f 451/632/8 449/635/8 448/634/8
f 449/635/2 445/2240/2 444/628/2
f 462/636/1 463/2242/1 467/637/1
f 463/639/7 464/642/7 468/640/7
f 464/642/8 465/644/8 469/643/8
f 465/644/2 462/636/2 466/638/2
f 453/645/27 455/657/27 463/646/27
f 453/645/27 462/647/27 465/648/27
f 452/650/35 461/658/35 460/651/36
f 456/653/37 458/660/38 471/654/38
f 459/656/27 464/659/27 463/646/27
f 456/653/37 473/655/37 461/658/35
f 457/649/27 465/648/27 464/659/27
f 454/652/36 460/651/36 471/654/38
f 466/661/39 475/676/39 474/662/40
f 468/664/41 472/677/41 470/665/42
f 474/667/2 475/674/2 461/668/2
f 472/670/8 474/667/8 473/669/8
f 470/672/7 472/670/7 471/671/7
f 475/674/1 470/2243/1 460/675/1
f 467/666/42 470/665/42 475/676/39
f 468/664/41 469/663/40 474/662/40
f 476/678/8 478/2244/8 479/679/8
f 477/681/2 481/701/2 480/682/2
f 481/684/1 483/700/1 482/685/1
f 476/687/27 484/694/27 485/688/27
f 482/690/22 487/696/22 486/691/22
f 480/682/2 486/699/2 484/693/2
f 484/694/1 488/2245/1 489/695/1
f 487/696/8 491/2246/8 490/697/8
f 490/698/2 488/702/2 484/693/2
f 490/697/27 491/2246/27 483/700/27
f 489/695/22 488/2245/22 477/680/22
f 481/701/2 477/681/2 488/702/2
f 492/703/8 494/2247/8 495/704/8
f 493/706/2 497/726/2 496/707/2
f 497/709/1 499/725/1 498/710/1
f 492/712/27 500/719/27 501/713/27
f 498/715/22 503/721/22 502/716/22
f 496/707/2 502/724/2 500/718/2
f 500/719/1 504/2248/1 505/720/1
f 503/721/8 507/2249/8 506/722/8
f 506/723/2 504/727/2 500/718/2
f 506/722/27 507/2249/27 499/725/27
f 505/720/22 504/2248/22 493/705/22
f 497/726/2 493/706/2 504/727/2
f 508/728/7 510/1350/7 511/729/7
f 509/731/8 513/747/8 512/732/8
f 513/734/2 515/746/2 514/735/2
f 516/737/2 520/1351/2 521/738/2
f 519/740/7 523/2250/7 522/741/7
f 518/743/8 522/748/8 520/744/8
f 522/741/27 523/2250/27 515/746/27
f 521/738/22 520/1351/22 509/730/22
f 513/747/8 509/731/8 520/744/8
f 508/749/27 516/737/27 517/739/27
f 518/743/8 516/745/8 508/733/8
f 555/751/43 549/817/101 548/752/44
f 588/754/46 575/786/73 585/755/47
f 543/757/49 540/771/108 542/758/50
f 531/760/51 529/776/52 532/761/52
f 528/763/54 526/807/54 533/764/55
f 536/766/56 543/757/56 533/764/57
f 570/768/58 572/790/77 573/769/59
f 540/771/61 539/813/61 551/772/62
f 546/774/63 554/812/64 527/775/64
f 537/762/53 541/825/65 534/773/65
f 563/777/66 558/821/105 556/778/67
f 555/780/43 553/2251/525 552/781/69
f 549/783/71 560/2252/7 547/784/71
f 574/785/72 565/1345/236 575/786/73
f 584/787/74 583/798/85 580/788/75
f 572/790/77 570/768/58 569/791/78
f 578/793/80 577/824/107 576/794/81
f 571/792/79 574/785/72 573/769/59
f 578/793/80 566/756/48 585/755/47
f 581/789/76 580/788/75 579/795/82
f 586/797/84 588/754/46 566/756/48
f 585/755/47 564/1344/235 583/798/85
f 584/787/74 581/789/76 587/796/83
f 550/799/86 561/826/91 557/800/68
f 544/802/88 545/815/100 546/803/89
f 561/805/91 553/753/45 548/752/44
f 526/807/54 528/763/54 530/808/93
f 539/809/95 556/832/67 538/810/96
f 554/812/64 552/827/98 526/807/98
f 533/764/55 543/757/49 524/759/49
f 543/757/56 536/766/56 539/813/61
f 534/773/62 551/772/62 535/814/99
f 554/782/70 546/803/89 545/815/100
f 545/816/100 560/833/109 549/817/101
f 547/818/102 544/834/88 538/819/103
f 559/806/92 563/777/66 557/779/68
f 558/821/105 562/2253/104 538/822/103
f 569/791/78 570/768/58 568/770/60
f 573/769/59 575/786/73 588/754/46
f 568/770/60 588/754/46 586/797/84
f 578/793/80 587/796/83 579/795/82
f 540/771/108 534/773/65 541/825/65
f 530/808/93 532/761/52 529/776/52
f 552/781/69 553/2251/525 561/826/91
f 552/827/98 550/767/57 533/764/57
f 559/806/71 562/831/71 558/828/71
f 535/804/90 551/2254/97 538/830/96
f 562/831/71 559/806/71 548/752/71
f 536/801/87 557/800/68 556/832/67
f 560/833/109 545/816/100 544/834/88
f 598/835/110 590/839/114 589/836/111
f 599/838/113 591/841/116 590/839/114
f 600/840/115 592/2255/526 591/841/116
f 593/842/117 592/2256/526 600/843/115
f 594/845/119 593/842/117 601/844/118
f 595/847/121 594/845/119 602/846/120
f 596/849/123 595/847/121 603/848/122
f 597/837/112 589/836/111 596/849/123
f 597/837/112 604/850/124 612/851/125
f 598/835/110 597/837/112 605/852/126
f 599/838/113 598/835/110 606/853/127
f 600/840/115 599/838/113 607/854/128
f 600/843/115 608/865/129 609/856/130
f 601/844/118 609/856/130 610/857/131
f 602/846/120 610/857/131 611/858/132
f 603/848/122 611/858/132 612/851/125
f 620/859/133 612/851/125 611/858/132
f 607/854/128 606/853/127 614/861/135
f 606/853/127 605/852/126 613/863/137
f 617/864/138 609/856/130 608/865/129
f 608/855/129 607/854/128 615/862/136
f 619/860/134 611/858/132 610/857/131
f 618/868/140 610/857/131 609/856/130
f 605/852/126 612/851/125 620/859/133
f 613/863/137 620/859/133 628/869/141
f 614/861/135 613/863/137 621/870/142
f 615/862/136 614/861/135 622/871/143
f 616/867/139 615/862/136 623/872/144
f 616/866/139 624/2257/145 625/874/146
f 617/864/138 625/874/146 626/875/147
f 618/868/140 626/875/147 627/876/148
f 619/860/134 627/876/148 628/869/141
f 628/869/141 627/876/148 635/877/149
f 630/879/151 622/871/143 621/870/142
f 625/874/146 624/2257/145 632/881/153
f 629/880/152 621/870/142 628/869/141
f 627/876/148 626/875/147 634/883/155
f 631/884/156 623/872/144 622/871/143
f 632/885/153 624/873/145 623/872/144
f 626/875/147 625/874/146 633/882/154
f 632/885/153 631/884/156 639/886/157
f 634/883/155 642/899/169 643/888/159
f 629/880/152 636/878/150 644/889/160
f 632/881/153 640/2258/158 641/891/162
f 630/879/151 629/880/152 637/890/161
f 631/884/156 630/879/151 638/892/163
f 635/877/149 643/888/159 644/889/160
f 644/889/160 652/902/172 645/893/164
f 637/890/161 645/893/164 646/894/165
f 638/892/163 646/894/165 647/895/166
f 639/886/157 647/895/166 648/896/167
f 641/891/162 640/2258/158 648/897/167
f 642/899/169 641/891/162 649/898/168
f 643/888/159 642/899/169 650/900/170
f 644/889/160 643/888/159 651/901/171
f 633/882/154 641/891/162 642/899/169
f 651/901/171 650/900/170 658/903/173
f 655/905/175 647/895/166 646/894/165
f 656/907/177 648/896/167 647/895/166
f 649/898/168 648/897/167 656/908/177
f 650/900/170 649/898/168 657/909/178
f 652/902/172 651/901/171 659/904/174
f 653/911/180 645/893/164 652/902/172
f 654/906/176 646/894/165 645/893/164
f 654/915/181 653/914/181 659/913/181
f 654/915/181 658/916/181 657/909/181
f 670/918/110 662/922/114 661/919/111
f 671/921/113 663/924/116 662/922/114
f 672/923/115 664/2259/526 663/924/116
f 665/925/117 664/2260/526 672/926/115
f 666/928/119 665/925/117 673/927/118
f 667/930/121 666/928/119 674/929/120
f 668/932/123 667/930/121 675/931/122
f 669/920/112 661/919/111 668/932/123
f 669/920/112 676/933/124 684/934/125
f 670/918/110 669/920/112 677/935/183
f 671/921/113 670/918/110 678/936/127
f 672/923/115 671/921/113 679/937/128
f 672/926/115 680/948/129 681/939/184
f 673/927/118 681/939/184 682/940/131
f 674/929/120 682/940/131 683/941/132
f 675/931/122 683/941/132 684/934/125
f 692/942/133 684/934/125 683/941/132
f 679/937/128 678/936/127 686/944/135
f 678/936/127 677/935/183 685/946/186
f 689/947/138 681/939/184 680/948/129
f 680/938/129 679/937/128 687/945/136
f 691/943/185 683/941/132 682/940/131
f 690/951/140 682/940/131 681/939/184
f 677/935/183 684/934/125 692/942/133
f 685/946/186 692/942/133 700/952/187
f 686/944/135 685/946/186 693/953/142
f 687/945/136 686/944/135 694/954/143
f 688/950/139 687/945/136 695/955/188
f 688/949/139 696/2261/145 697/957/189
f 689/947/138 697/957/189 698/958/147
f 690/951/140 698/958/147 699/959/148
f 691/943/185 699/959/148 700/952/187
f 700/952/187 699/959/148 707/960/190
f 702/962/151 694/954/143 693/953/142
f 697/957/189 696/2261/145 704/964/193
f 701/963/192 693/953/142 700/952/187
f 699/959/148 698/958/147 706/966/155
f 703/967/156 695/955/188 694/954/143
f 704/968/193 696/956/145 695/955/188
f 698/958/147 697/957/189 705/965/154
f 704/968/193 703/967/156 711/969/157
f 706/966/155 714/982/169 715/971/159
f 701/963/192 708/961/191 716/972/160
f 704/964/193 712/2262/158 713/974/162
f 702/962/151 701/963/192 709/973/161
f 703/967/156 702/962/151 710/975/163
f 707/960/190 715/971/159 716/972/160
f 716/972/160 724/985/172 717/976/194
f 709/973/161 717/976/194 718/977/165
f 710/975/163 718/977/165 719/978/166
f 711/969/157 719/978/166 720/979/167
f 713/974/162 712/2262/158 720/980/167
f 714/982/169 713/974/162 721/981/168
f 715/971/159 714/982/169 722/983/170
f 716/972/160 715/971/159 723/984/195
f 705/965/154 713/974/162 714/982/169
f 723/984/195 722/983/170 730/986/173
f 727/988/197 719/978/166 718/977/165
f 728/990/177 720/979/167 719/978/166
f 721/981/168 720/980/167 728/991/177
f 722/983/170 721/981/168 729/992/198
f 724/985/172 723/984/195 731/987/196
f 725/994/199 717/976/194 724/985/172
f 726/989/176 718/977/165 717/976/194
f 730/998/181 726/1000/181 725/997/181
f 730/998/181 729/992/181 727/999/181
f 746/1001/200 752/2263/200 754/1002/201
f 735/1004/203 745/2264/527 748/1005/204
f 736/1007/205 751/1020/205 733/1008/206
f 737/1010/207 738/1014/207 742/1011/22
f 744/1013/208 734/1018/208 738/1014/207
f 739/1015/209 747/1016/209 743/1009/206
f 753/1006/204 748/1005/204 747/1016/209
f 750/1017/210 740/1019/210 734/1018/208
f 749/1003/202 754/1002/201 740/1019/210
f 741/1012/22 742/1011/22 751/1020/205
f 744/1024/211 737/1023/8 736/1022/211
f 748/1026/8 745/1032/8 746/1027/8
f 743/1025/8 747/1030/8 750/1029/8
f 748/1026/8 749/1028/8 750/1029/8
f 752/1031/27 746/1027/27 745/1032/27
f 734/1037/1 733/1038/1 751/1036/1
f 733/1038/1 734/1037/1 740/1039/1
f 740/1039/1 754/1042/1 753/1041/1
f 735/1033/1 753/1041/1 754/1042/1
f 776/1043/212 774/2265/527 768/1044/203
f 770/1046/214 767/2266/528 757/1047/200
f 755/1049/216 773/1061/217 758/1050/217
f 764/1052/22 760/1055/219 759/1053/219
f 760/1055/219 756/2267/529 766/1056/220
f 765/1051/218 769/1058/221 761/1057/221
f 769/1058/221 770/1046/214 775/1048/215
f 766/1056/220 756/2267/529 762/1059/222
f 762/1059/222 776/1043/212 771/1045/213
f 773/1061/217 764/1052/22 763/1054/22
f 758/1064/8 759/1063/8 766/1065/8
f 770/1067/8 771/2268/8 768/1068/8
f 772/1070/8 769/1071/8 765/1066/8
f 772/1070/8 771/2268/8 770/1067/8
f 757/1072/27 767/1069/27 768/1068/27
f 773/1075/1 755/1078/1 756/1077/1
f 755/1078/1 761/1081/1 762/1079/1
f 775/1080/1 776/1082/1 762/1079/1
f 757/1072/1 774/1073/1 776/1082/1
f 798/1083/212 796/2269/527 790/1084/203
f 792/1086/215 789/2270/528 779/1087/200
f 777/1089/216 795/1101/217 780/1090/217
f 786/1092/22 782/1095/219 781/1093/219
f 782/1095/219 778/2271/529 788/1096/220
f 787/1091/216 791/1098/221 783/1097/221
f 791/1098/221 792/1086/215 797/1088/215
f 788/1096/220 778/2271/529 784/1099/222
f 784/1099/222 798/1083/212 793/1085/223
f 795/1101/217 786/1092/22 785/1094/22
f 780/1104/8 781/1103/224 788/1105/8
f 792/1107/8 793/2272/8 790/1108/8
f 794/1110/8 791/1111/8 787/1106/8
f 794/1110/8 793/2272/8 792/1107/8
f 789/1109/27 790/1108/27 796/1112/27
f 795/1115/1 777/1118/1 778/1117/1
f 777/1118/1 783/1121/1 784/1119/1
f 797/1120/1 798/1122/1 784/1119/1
f 779/1113/1 796/1112/1 798/1122/1
f 799/1123/8 801/1127/8 802/1124/8
f 805/1126/2 806/2273/2 802/1124/2
f 803/1128/1 804/1131/1 806/1129/1
f 799/1123/7 800/1125/7 804/1131/7
f 809/1132/2 832/1186/2 830/1133/2
f 811/1135/22 801/1149/22 799/1136/22
f 826/1138/7 812/1146/7 814/1139/7
f 827/1141/2 813/2274/2 811/1142/2
f 828/1140/1 814/1139/1 813/1144/1
f 825/1143/8 811/1142/8 812/1146/8
f 799/1136/22 803/1150/22 814/1147/22
f 813/1148/22 805/2275/22 801/1149/22
f 803/1150/22 805/2275/22 813/1148/22
f 818/1154/8 819/1174/8 815/1155/8
f 820/1157/2 818/1154/2 822/1156/2
f 819/1159/22 818/2276/22 820/1160/22
f 821/1162/1 820/2277/1 817/1163/1
f 823/1168/227 824/2278/227 822/1169/227
f 817/1171/228 824/2279/228 823/1172/228
f 819/1174/7 821/1162/7 816/1164/7
f 808/1175/27 825/1179/27 826/1176/27
f 808/1175/27 810/1180/27 827/1178/27
f 810/1180/27 809/1182/27 828/1181/27
f 807/1177/27 826/1176/27 828/1181/27
f 808/1183/7 829/1188/7 831/1184/7
f 810/1185/8 831/1184/8 832/1186/8
f 807/1187/1 830/2280/1 829/1188/1
f 833/1189/8 835/2281/8 836/1190/8
f 839/1192/2 840/1196/2 836/1193/2
f 837/1195/1 838/1197/1 840/1196/1
f 833/1189/7 834/1191/7 838/1197/7
f 844/1198/8 864/1247/8 865/1199/8
f 835/1201/22 833/2282/22 846/1202/22
f 859/1204/7 846/1212/7 848/1205/7
f 860/1207/2 847/1210/2 845/1208/2
f 861/1206/1 848/1205/1 847/1210/1
f 858/1211/8 845/2283/8 846/1212/8
f 846/1202/22 833/2282/22 837/1213/22
f 839/1215/22 835/1201/22 845/1203/22
f 848/1214/22 837/1213/22 839/1215/22
f 852/1220/8 853/1231/8 849/1221/8
f 854/1223/2 852/2284/2 856/1224/2
f 853/1228/22 852/2285/22 854/1229/22
f 853/1231/7 855/1233/7 850/1232/7
f 855/1233/1 854/1223/1 851/1225/1
f 842/1234/27 858/1238/27 859/1235/27
f 844/1237/27 860/1240/27 858/1238/27
f 844/1237/27 843/1241/27 861/1239/27
f 843/1241/27 841/1236/27 859/1235/27
f 841/1242/1 863/1246/1 862/1243/1
f 843/1245/2 865/2286/2 863/1246/2
f 842/1244/7 862/1243/7 864/1247/7
f 870/1248/27 872/2287/27 868/1249/27
f 875/1251/2 871/1257/2 873/1252/2
f 868/1254/1 869/2288/1 876/1253/1
f 874/1256/8 870/2289/8 871/1257/8
f 866/1258/22 867/2290/22 874/1259/22
f 866/1258/22 875/1260/22 876/1261/22
f 883/1266/7 888/2291/7 881/1267/7
f 878/1269/1 882/2292/1 883/1270/1
f 880/1272/8 885/2293/8 887/1273/8
f 884/1264/27 888/1276/27 882/1275/27
f 884/1278/7 885/2294/7 880/1279/7
f 890/1281/8 897/1284/8 886/1282/8
f 897/1284/7 899/1288/7 889/1285/7
f 884/1264/27 886/2295/27 889/1286/27
f 888/1287/1 889/1285/1 899/1288/1
f 895/1290/22 894/2296/22 878/1291/22
f 896/1293/22 880/2297/22 877/1294/22
f 890/1296/22 880/2297/22 896/1293/22
f 892/1298/22 897/1300/22 890/1296/22
f 891/1299/22 899/1302/22 897/1300/22
f 881/1301/22 900/2298/22 895/1290/22
f 891/1299/22 900/2298/22 881/1301/22
f 582/1303/27 904/1347/27 907/1304/27
f 908/1306/2 904/1310/2 905/1307/2
f 910/1309/8 907/2299/8 904/1310/8
f 902/1311/22 908/1315/22 909/1312/22
f 903/1314/22 910/2300/22 908/1315/22
f 923/1319/7 922/1323/7 912/1320/7
f 917/1322/1 914/1327/1 912/1320/1
f 923/1319/8 913/1321/8 911/1324/8
f 924/1326/2 921/2301/2 914/1327/2
f 918/1325/2 911/1324/2 919/1328/2
f 921/1318/27 919/1330/27 913/1332/27
f 915/1333/22 922/2302/22 923/1334/22
f 917/1336/22 922/2302/22 915/1333/22
f 916/1335/22 923/1334/22 918/1338/22
f 59/115/8 58/117/8 925/1340/8
f 409/1342/233 411/2303/234 407/1343/234
f 546/774/63 529/776/63 531/760/99
f 564/1344/235 585/755/47 575/786/73
f 582/1346/1 901/2304/1 909/1308/1
f 931/1248/27 933/2287/27 929/1249/27
f 936/1251/2 932/1257/2 934/1252/2
f 929/1254/1 930/2288/1 937/1253/1
f 935/1256/8 931/2289/8 932/1257/8
f 927/1258/22 928/2290/22 935/1259/22
f 927/1258/22 936/1260/22 937/1261/22
f 950/1319/7 949/1323/7 939/1320/7
f 949/1323/1 944/1322/1 941/1327/1
f 950/1319/8 940/1321/8 938/1324/8
f 951/1326/2 948/2301/2 941/1327/2
f 945/1325/2 938/1324/2 946/1328/2
f 948/1318/27 946/1330/27 940/1332/27
f 942/1333/22 949/2302/22 950/1334/22
f 944/1336/22 949/2302/22 942/1333/22
f 943/1335/22 950/1334/22 945/1338/22
f 957/340/1 960/361/1 959/341/1
f 971/343/8 961/363/8 962/344/8
f 967/346/22 969/2194/22 970/347/22
f 960/356/7 964/350/7 963/351/7
f 959/349/7 963/351/7 965/353/7
f 961/352/7 965/353/7 966/355/7
f 962/354/7 966/355/7 964/350/7
f 955/357/27 953/360/27 952/358/27
f 953/360/7 967/346/7 968/348/7
f 958/345/22 962/344/22 960/361/22
f 956/362/27 959/2195/27 961/363/27
f 971/1349/7 958/367/7 957/368/7
f 973/730/1 972/728/1 974/1350/1
f 973/731/7 977/747/7 976/732/7
f 977/734/8 979/746/8 978/735/8
f 981/739/8 980/737/8 984/1351/8
f 983/740/1 987/2250/1 986/741/1
f 982/743/7 986/748/7 984/744/7
f 986/741/27 987/2250/27 979/746/27
f 985/738/22 984/1351/22 973/730/22
f 977/747/7 973/731/7 984/744/7
f 972/749/27 980/737/27 981/739/27
f 976/732/7 982/743/7 980/745/7
f 1019/751/237 1013/817/297 1012/752/238
f 1039/786/240 1048/755/275 1030/756/241
f 1007/757/243 1004/771/244 1006/758/244
f 993/776/245 996/761/245 1001/762/246
f 989/765/248 992/763/289 990/807/249
f 1000/766/250 1007/757/250 997/764/251
f 1036/790/252 1037/769/266 1032/770/253
f 1003/813/255 1015/772/256 998/773/256
f 1010/774/257 1018/812/258 991/775/258
f 995/760/247 1001/762/246 1005/825/259
f 1027/777/260 1022/821/301 1020/778/261
f 1019/780/237 1017/2251/530 1016/781/263
f 1013/783/1 1024/2252/1 1011/784/1
f 1038/785/265 1029/1345/305 1039/786/240
f 1045/789/267 1047/787/276 1046/798/268
f 1035/792/270 1036/790/252 1034/768/254
f 1030/756/241 1042/793/274 1041/824/272
f 1038/785/265 1037/769/266 1036/790/252
f 1042/793/274 1030/756/241 1048/755/275
f 1050/796/277 1045/789/267 1044/788/269
f 1049/797/279 1051/754/242 1030/756/241
f 1047/787/276 1048/755/275 1028/1344/280
f 1047/787/276 1045/789/267 1050/796/277
f 1014/799/281 1025/826/286 1021/800/262
f 1008/802/283 1009/815/296 1010/803/284
f 1025/805/286 1017/753/239 1012/752/238
f 991/775/288 990/807/249 992/763/289
f 1003/809/291 1020/832/261 1002/810/292
f 1018/812/258 1016/827/303 990/807/294
f 997/764/248 1007/757/243 988/759/243
f 1007/757/250 1000/766/250 1003/813/255
f 998/773/256 1015/772/256 999/814/295
f 1018/782/264 1010/803/284 1009/815/296
f 1009/816/296 1024/833/304 1013/817/297
f 1011/818/298 1008/834/283 1002/819/299
f 1023/806/287 1027/777/260 1021/779/262
f 1022/821/301 1026/2253/300 1002/822/299
f 1033/791/271 1034/768/254 1032/770/253
f 1032/770/253 1037/769/266 1039/786/240
f 1031/823/302 1032/770/253 1051/754/242
f 1042/793/274 1050/796/277 1043/795/278
f 1004/771/244 998/773/259 1005/825/259
f 994/808/290 996/761/245 993/776/245
f 1016/781/263 1017/2251/530 1025/826/286
f 1016/827/303 1014/767/251 997/764/251
f 1023/806/1 1026/831/1 1022/828/1
f 999/804/285 1015/2254/293 1002/830/292
f 1026/831/1 1023/806/1 1012/752/1
f 1000/801/282 1021/800/262 1020/832/261
f 1024/833/304 1009/816/296 1008/834/283
f 999/814/295 1010/774/257 993/776/257
f 1029/1345/305 1028/1344/280 1048/755/275
f 1053/593/32 1055/2235/32 1054/594/32
f 1054/594/7 1055/2235/7 1059/596/7
f 1058/600/33 1059/598/34 1057/601/34
f 1057/601/2 1053/593/2 1052/595/2
f 1061/593/32 1063/2235/32 1062/594/32
f 1062/594/7 1063/2235/7 1067/596/7
f 1067/598/33 1065/601/33 1064/599/33
f 1065/601/2 1061/593/2 1060/595/2
f 1069/593/31 1071/2235/31 1070/594/32
f 1070/594/7 1071/2235/7 1075/596/7
f 1075/598/33 1073/601/33 1072/599/33
f 1073/601/2 1069/593/2 1068/595/2
f 1077/593/32 1079/2235/32 1078/594/31
f 1078/594/7 1079/2235/7 1083/596/7
f 1083/598/34 1081/601/34 1080/599/33
f 1081/601/2 1077/593/2 1076/595/2
f 1086/1352/8 1087/1356/8 1085/1353/8
f 1090/1355/7 1091/1358/7 1087/1356/7
f 1088/1357/1 1089/1360/1 1091/1358/1
f 1084/1359/2 1085/2305/2 1089/1360/2
f 1109/1361/8 1103/1365/8 1102/1362/8
f 1110/1364/7 1105/1367/7 1103/1365/7
f 1111/1366/1 1107/1369/1 1105/1367/1
f 1108/1368/2 1102/2306/2 1107/1369/2
f 1105/1370/27 1107/1400/27 1097/1371/27
f 1104/1373/306 1100/1379/309 1094/1374/307
f 1102/1376/27 1103/1382/27 1095/1377/27
f 1097/1371/27 1107/1400/27 1102/1376/27
f 1100/1379/309 1101/1401/322 1092/1380/310
f 1096/1381/311 1106/1383/312 1104/1373/306
f 1103/1382/27 1105/1370/27 1099/1372/27
f 1092/1380/310 1101/1401/322 1106/1383/312
f 1109/1384/313 1112/1402/323 1113/1385/314
f 1113/1385/314 1114/1399/319 1111/1387/316
f 1115/1388/317 1112/1402/323 1109/1384/313
f 1101/1390/2 1115/2307/2 1114/1391/2
f 1104/1393/1 1106/1392/1 1114/1391/1
f 1104/1393/7 1113/1394/7 1112/1395/7
f 1100/1396/8 1112/1395/8 1115/1397/8
f 1114/1399/319 1115/1388/317 1108/1389/318
f 1117/1353/1 1119/1356/1 1118/1352/1
f 1119/1356/7 1123/1358/7 1122/1355/7
f 1123/1358/8 1121/1360/8 1120/1357/8
f 1121/1360/2 1117/2305/2 1116/1359/2
f 1134/1362/1 1135/1365/1 1141/1361/1
f 1135/1365/7 1137/1367/7 1142/1364/7
f 1137/1367/8 1139/1369/8 1143/1366/8
f 1139/1369/2 1134/2306/2 1140/1368/2
f 1129/1371/27 1139/1400/27 1137/1370/27
f 1126/1374/308 1132/1379/321 1136/1373/320
f 1127/1377/27 1135/1382/27 1134/1376/27
f 1125/1378/27 1134/1376/27 1139/1400/27
f 1124/1380/311 1133/1401/312 1132/1379/321
f 1128/1381/310 1130/1375/307 1136/1373/320
f 1127/1377/27 1131/1372/27 1137/1370/27
f 1124/1380/311 1128/1381/310 1138/1383/322
f 1141/1384/315 1142/1386/313 1145/1385/323
f 1143/1387/318 1146/1399/317 1145/1385/323
f 1140/1389/316 1141/1384/315 1144/1402/314
f 1146/1391/2 1147/2307/2 1133/1390/2
f 1136/1393/8 1145/1394/8 1146/1391/8
f 1144/1395/7 1145/1394/7 1136/1393/7
f 1147/1397/1 1144/1395/1 1132/1396/1
f 1140/1389/316 1147/1388/319 1146/1399/317
f 1150/1352/8 1151/1356/8 1149/1353/8
f 1154/1355/7 1155/1358/7 1151/1356/7
f 1152/1357/1 1153/1360/1 1155/1358/1
f 1148/1359/2 1149/2305/2 1153/1360/2
f 1173/1361/8 1167/1365/8 1166/1362/8
f 1174/1364/7 1169/1367/7 1167/1365/7
f 1175/1366/1 1171/1369/1 1169/1367/1
f 1172/1368/2 1166/2306/2 1171/1369/2
f 1169/1370/27 1171/1400/27 1161/1371/27
f 1168/1373/306 1164/1379/309 1158/1374/307
f 1166/1376/27 1167/1382/27 1159/1377/27
f 1161/1371/27 1171/1400/27 1166/1376/27
f 1164/1379/309 1165/1401/322 1156/1380/310
f 1160/1381/311 1170/1383/312 1168/1373/306
f 1167/1382/27 1169/1370/27 1163/1372/27
f 1156/1380/310 1165/1401/322 1170/1383/312
f 1173/1384/313 1176/1402/323 1177/1385/314
f 1177/1385/314 1178/1399/319 1175/1387/316
f 1179/1388/317 1176/1402/323 1173/1384/313
f 1165/1390/2 1179/2307/2 1178/1391/2
f 1168/1393/1 1170/1392/1 1178/1391/1
f 1168/1393/7 1177/1394/7 1176/1395/7
f 1164/1396/8 1176/1395/8 1179/1397/8
f 1178/1399/319 1179/1388/317 1172/1389/318
f 1181/1353/1 1183/1356/1 1182/1352/1
f 1183/1356/7 1187/1358/7 1186/1355/7
f 1187/1358/8 1185/1360/8 1184/1357/8
f 1185/1360/2 1181/2305/2 1180/1359/2
f 1198/1362/1 1199/1365/1 1205/1361/1
f 1199/1365/7 1201/1367/7 1206/1364/7
f 1201/1367/8 1203/1369/8 1207/1366/8
f 1203/1369/2 1198/2306/2 1204/1368/2
f 1193/1371/27 1203/1400/27 1201/1370/27
f 1190/1374/308 1196/1379/321 1200/1373/320
f 1191/1377/27 1199/1382/27 1198/1376/27
f 1189/1378/27 1198/1376/27 1203/1400/27
f 1188/1380/311 1197/1401/312 1196/1379/321
f 1192/1381/310 1194/1375/307 1200/1373/320
f 1191/1377/27 1195/1372/27 1201/1370/27
f 1192/1381/310 1202/1383/322 1197/1401/312
f 1206/1386/313 1209/1385/323 1208/1402/314
f 1207/1387/318 1210/1399/317 1209/1385/323
f 1205/1384/315 1208/1402/314 1211/1388/319
f 1210/1391/2 1211/2307/2 1197/1390/2
f 1200/1393/8 1209/1394/8 1210/1391/8
f 1208/1395/7 1209/1394/7 1200/1393/7
f 1211/1397/1 1208/1395/1 1196/1396/1
f 1207/1387/318 1204/1389/316 1211/1388/319
f 1213/1403/1 1215/2308/1 1214/1404/1
f 1215/1406/7 1219/1409/7 1218/1407/7
f 1219/1409/8 1217/1411/8 1216/1410/8
f 1217/1411/2 1213/1403/2 1212/1405/2
f 1222/1404/8 1223/2308/8 1221/1403/8
f 1226/1407/7 1227/1409/7 1223/1406/7
f 1224/1410/1 1225/1411/1 1227/1409/1
f 1220/1405/2 1221/1403/2 1225/1411/2
f 1230/1404/1 1231/2308/1 1229/1403/1
f 1234/1407/2 1235/1409/2 1231/1406/2
f 1232/1410/8 1233/1411/8 1235/1409/8
f 1228/1405/7 1229/1403/7 1233/1411/7
f 1237/1403/8 1239/2308/8 1238/1404/8
f 1239/1406/2 1243/1409/2 1242/1407/2
f 1243/1409/1 1241/1411/1 1240/1410/1
f 1241/1411/7 1237/1403/7 1236/1405/7
f 1244/1412/1 1245/1453/1 1247/1413/1
f 1247/1415/324 1251/1418/324 1250/1416/324
f 1251/1418/8 1249/1420/8 1248/1419/8
f 1249/1420/325 1245/1453/325 1244/1412/325
f 1253/1421/1 1255/1429/1 1254/1422/1
f 1258/1424/8 1259/1430/8 1257/1425/8
f 1258/1424/22 1256/1426/22 1252/1427/22
f 1255/1429/27 1253/1421/27 1257/1425/27
f 1261/1431/1 1263/1434/1 1262/1432/1
f 1263/1434/7 1267/1436/7 1266/1435/7
f 1267/1436/8 1265/1438/8 1264/1437/8
f 1265/1438/2 1261/2309/2 1260/1439/2
f 1271/1440/22 1270/1446/22 1268/1441/22
f 1273/1443/27 1275/1450/27 1274/1444/27
f 1274/1444/8 1275/1450/8 1270/1446/8
f 1273/1447/1 1272/2310/1 1269/1448/1
f 1275/1450/2 1273/1447/2 1268/1449/2
f 1272/1451/7 1274/1444/7 1271/1440/7
f 1276/1412/1 1278/1414/1 1279/1413/1
f 1282/1416/326 1283/1418/326 1279/1415/326
f 1280/1419/8 1281/1420/8 1283/1418/8
f 1276/1412/327 1277/1453/327 1281/1420/327
f 1284/1412/8 1286/1414/8 1287/1413/8
f 1290/1416/324 1291/1418/324 1287/1415/324
f 1288/1419/1 1289/1420/1 1291/1418/1
f 1284/1412/325 1285/1453/325 1289/1420/325
f 1294/1422/8 1295/1429/8 1293/1421/8
f 1298/1424/1 1296/1426/1 1297/1425/1
f 1292/1427/22 1296/1426/22 1298/1424/22
f 1297/1425/27 1293/1421/27 1295/1429/27
f 1302/1432/8 1303/1434/8 1301/1431/8
f 1306/1435/7 1307/1436/7 1303/1434/7
f 1304/1437/1 1305/1438/1 1307/1436/1
f 1300/1439/2 1301/2309/2 1305/1438/2
f 1308/1441/22 1310/1446/22 1311/1440/22
f 1314/1444/27 1315/1450/27 1313/1443/27
f 1310/1446/1 1315/1450/1 1314/1444/1
f 1309/1448/8 1312/2310/8 1313/1447/8
f 1308/1449/2 1313/1447/2 1315/1450/2
f 1311/1440/7 1314/1444/7 1312/1451/7
f 1316/1412/8 1317/1453/8 1319/1413/8
f 1319/1415/326 1323/1418/326 1322/1416/326
f 1323/1418/1 1321/1420/1 1320/1419/1
f 1321/1420/327 1317/1453/327 1316/1412/327
f 1324/1454/1 1325/2311/1 1327/1455/1
f 1327/1457/7 1331/1460/7 1330/1458/7
f 1331/1460/8 1329/1462/8 1328/1461/8
f 1329/1462/2 1325/2311/2 1324/1454/2
f 1332/1454/1 1333/2311/1 1335/1455/1
f 1335/1457/7 1339/1460/7 1338/1458/7
f 1339/1460/8 1337/1462/8 1336/1461/8
f 1337/1462/2 1333/2311/2 1332/1454/2
f 1340/1454/1 1341/2311/1 1343/1455/1
f 1343/1457/7 1347/1460/7 1346/1458/7
f 1347/1460/8 1345/1462/8 1344/1461/8
f 1345/1462/2 1341/2311/2 1340/1454/2
f 1349/1463/27 1351/1466/27 1350/1464/27
f 1351/1466/7 1355/2312/7 1354/1467/7
f 1355/1468/22 1353/1471/22 1352/1469/22
f 1353/1471/2 1349/1463/2 1348/1465/2
f 1357/1472/27 1359/1475/27 1358/1473/27
f 1359/1475/7 1363/2313/7 1362/1476/7
f 1363/1477/22 1361/1480/22 1360/1478/22
f 1361/1480/2 1357/1472/2 1356/1474/2
f 1365/1481/27 1367/1484/27 1366/1482/27
f 1367/1484/7 1371/2314/7 1370/1485/7
f 1371/1486/22 1369/1489/22 1368/1487/22
f 1369/1489/2 1365/1481/2 1364/1483/2
f 1373/1463/27 1375/1466/27 1374/1464/27
f 1375/1466/7 1379/2312/7 1378/1467/7
f 1379/1468/22 1377/1471/22 1376/1469/22
f 1377/1471/2 1373/1463/2 1372/1465/2
f 1381/1472/27 1383/1475/27 1382/1473/27
f 1383/1475/7 1387/2313/7 1386/1476/7
f 1387/1477/22 1385/1480/22 1384/1478/22
f 1385/1480/2 1381/1472/2 1380/1474/2
f 1389/1481/27 1391/1484/27 1390/1482/27
f 1391/1484/7 1395/2314/7 1394/1485/7
f 1395/1486/22 1393/1489/22 1392/1487/22
f 1393/1489/2 1389/1481/2 1388/1483/2
f 1397/1490/2 1399/2315/2 1398/1491/2
f 1399/1493/1 1403/1496/1 1402/1494/1
f 1403/1496/7 1401/1498/7 1400/1497/7
f 1401/1498/8 1397/1490/8 1396/1492/8
f 1405/1490/2 1407/2315/2 1406/1491/2
f 1406/1495/1 1407/1493/1 1411/1496/1
f 1411/1496/7 1409/1498/7 1408/1497/7
f 1409/1498/8 1405/1490/8 1404/1492/8
f 1413/1490/2 1415/2315/2 1414/1491/2
f 1414/1495/1 1415/1493/1 1419/1496/1
f 1419/1496/7 1417/1498/7 1416/1497/7
f 1417/1498/8 1413/1490/8 1412/1492/8
f 1421/1490/2 1423/2315/2 1422/1491/2
f 1422/1495/1 1423/1493/1 1427/1496/1
f 1427/1496/7 1425/1498/7 1424/1497/7
f 1425/1498/8 1421/1490/8 1420/1492/8
f 1430/1491/2 1431/2315/2 1429/1490/2
f 1434/1494/8 1435/1496/8 1431/1493/8
f 1432/1497/7 1433/1498/7 1435/1496/7
f 1428/1492/1 1429/1490/1 1433/1498/1
f 1438/1491/2 1439/2315/2 1437/1490/2
f 1438/1495/8 1442/1494/8 1443/1496/8
f 1440/1497/7 1441/1498/7 1443/1496/7
f 1436/1492/1 1437/1490/1 1441/1498/1
f 1446/1491/2 1447/2315/2 1445/1490/2
f 1446/1495/8 1450/1494/8 1451/1496/8
f 1448/1497/7 1449/1498/7 1451/1496/7
f 1444/1492/1 1445/1490/1 1449/1498/1
f 1454/1491/2 1455/2315/2 1453/1490/2
f 1454/1495/8 1458/1494/8 1459/1496/8
f 1456/1497/7 1457/1498/7 1459/1496/7
f 1452/1492/1 1453/1490/1 1457/1498/1
f 1461/1499/27 1463/1502/27 1462/1500/27
f 1463/1502/1 1467/2316/1 1466/1503/1
f 1467/1504/22 1465/1507/22 1464/1505/22
f 1465/1507/8 1461/1499/8 1460/1501/8
f 1469/1508/27 1471/1511/27 1470/1509/27
f 1471/1511/1 1475/2317/1 1474/1512/1
f 1475/1513/22 1473/1525/22 1472/1514/22
f 1472/1514/8 1473/1525/8 1469/1508/8
f 1477/1516/27 1479/1519/27 1478/1517/27
f 1479/1519/1 1483/2318/1 1482/1520/1
f 1483/1521/22 1481/1524/22 1480/1522/22
f 1481/1524/8 1477/1516/8 1476/1518/8
f 1486/1500/27 1487/1502/27 1485/1499/27
f 1490/1503/8 1491/2316/8 1487/1502/8
f 1488/1505/22 1489/1507/22 1491/1504/22
f 1484/1501/1 1485/1499/1 1489/1507/1
f 1494/1509/27 1495/1511/27 1493/1508/27
f 1498/1512/8 1499/2317/8 1495/1511/8
f 1496/1514/22 1497/1525/22 1499/1513/22
f 1496/1514/1 1492/1510/1 1493/1508/1
f 1502/1517/27 1503/1519/27 1501/1516/27
f 1506/1520/8 1507/2318/8 1503/1519/8
f 1504/1522/22 1505/1524/22 1507/1521/22
f 1500/1518/1 1501/1516/1 1505/1524/1
f 1509/1499/27 1511/1502/27 1510/1500/27
f 1511/1502/1 1515/2316/1 1514/1503/1
f 1515/1504/22 1513/1507/22 1512/1505/22
f 1513/1507/8 1509/1499/8 1508/1501/8
f 1517/1508/27 1519/1511/27 1518/1509/27
f 1519/1511/1 1523/2317/1 1522/1512/1
f 1523/1513/22 1521/1525/22 1520/1514/22
f 1521/1525/8 1517/1508/8 1516/1510/8
f 1525/1516/27 1527/1519/27 1526/1517/27
f 1527/1519/1 1531/2318/1 1530/1520/1
f 1531/1521/22 1529/1524/22 1528/1522/22
f 1529/1524/8 1525/1516/8 1524/1518/8
f 1534/1500/27 1535/1502/27 1533/1499/27
f 1538/1503/8 1539/2316/8 1535/1502/8
f 1536/1505/22 1537/1507/22 1539/1504/22
f 1532/1501/1 1533/1499/1 1537/1507/1
f 1542/1509/27 1543/1511/27 1541/1508/27
f 1546/1512/8 1547/2317/8 1543/1511/8
f 1544/1514/22 1545/1525/22 1547/1513/22
f 1540/1510/1 1541/1508/1 1545/1525/1
f 1550/1517/27 1551/1519/27 1549/1516/27
f 1554/1520/8 1555/2318/8 1551/1519/8
f 1552/1522/22 1553/1524/22 1555/1521/22
f 1548/1518/1 1549/1516/1 1553/1524/1
f 1557/1526/27 1559/1529/27 1558/1527/27
f 1559/1529/2 1563/2319/2 1562/1530/2
f 1563/1531/22 1561/1534/22 1560/1532/22
f 1561/1534/7 1557/1526/7 1556/1528/7
f 1565/1535/27 1567/1538/27 1566/1536/27
f 1567/1538/2 1571/2320/2 1570/1539/2
f 1571/1540/22 1569/1543/22 1568/1541/22
f 1569/1543/7 1565/1535/7 1564/1537/7
f 1573/1544/27 1575/1547/27 1574/1545/27
f 1575/1547/2 1579/2321/2 1578/1548/2
f 1579/1549/22 1577/1552/22 1576/1550/22
f 1577/1552/7 1573/1544/7 1572/1546/7
f 1582/1527/27 1583/1529/27 1581/1526/27
f 1586/1530/2 1587/2319/2 1583/1529/2
f 1586/1533/22 1584/1532/22 1585/1534/22
f 1580/1528/7 1581/1526/7 1585/1534/7
f 1590/1536/27 1591/1538/27 1589/1535/27
f 1594/1539/2 1595/2320/2 1591/1538/2
f 1594/1542/22 1592/1541/22 1593/1543/22
f 1588/1537/7 1589/1535/7 1593/1543/7
f 1598/1545/27 1599/1547/27 1597/1544/27
f 1602/1548/2 1603/2321/2 1599/1547/2
f 1600/1550/22 1601/1552/22 1603/1549/22
f 1596/1546/7 1597/1544/7 1601/1552/7
f 1605/1526/27 1607/1529/27 1606/1527/27
f 1607/1529/2 1611/2319/2 1610/1530/2
f 1611/1531/22 1609/1534/22 1608/1532/22
f 1609/1534/7 1605/1526/7 1604/1528/7
f 1613/1535/27 1615/1538/27 1614/1536/27
f 1615/1538/2 1619/2320/2 1618/1539/2
f 1619/1540/22 1617/1543/22 1616/1541/22
f 1617/1543/7 1613/1535/7 1612/1537/7
f 1621/1544/27 1623/1547/27 1622/1545/27
f 1623/1547/2 1627/2321/2 1626/1548/2
f 1627/1549/22 1625/1552/22 1624/1550/22
f 1625/1552/7 1621/1544/7 1620/1546/7
f 1630/1527/27 1631/1529/27 1629/1526/27
f 1634/1530/2 1635/2319/2 1631/1529/2
f 1632/1532/22 1633/1534/22 1635/1531/22
f 1628/1528/7 1629/1526/7 1633/1534/7
f 1638/1536/27 1639/1538/27 1637/1535/27
f 1642/1539/2 1643/2320/2 1639/1538/2
f 1640/1541/22 1641/1543/22 1643/1540/22
f 1636/1537/7 1637/1535/7 1641/1543/7
f 1646/1545/27 1647/1547/27 1645/1544/27
f 1650/1548/2 1651/2321/2 1647/1547/2
f 1648/1550/22 1649/1552/22 1651/1549/22
f 1644/1546/7 1645/1544/7 1649/1552/7
f 1652/1553/8 1654/1563/8 1655/1554/8
f 1653/1556/2 1657/1575/2 1656/1557/2
f 1657/1559/1 1659/1574/1 1658/1560/1
f 1652/1553/27 1660/2322/27 1661/1562/27
f 1658/1560/22 1663/2323/22 1662/1564/22
f 1662/1565/2 1660/1573/2 1652/1558/2
f 1660/1566/1 1664/2324/1 1665/1567/1
f 1663/1569/8 1667/2325/8 1666/1570/8
f 1666/1572/2 1664/1618/2 1660/1573/2
f 1666/1570/27 1667/2325/27 1659/1574/27
f 1665/1567/22 1664/2324/22 1653/1555/22
f 1653/1556/2 1664/1618/2 1666/1572/2
f 1674/1576/8 1675/1612/8 1669/1577/8
f 1672/1579/2 1673/1614/2 1675/1580/2
f 1685/1582/22 1681/2326/22 1687/1583/22
f 1677/1585/22 1674/2327/22 1668/1586/22
f 1679/1588/1 1684/2328/1 1683/1589/1
f 1670/1591/2 1671/2329/2 1668/1592/2
f 1678/1594/1 1677/1585/1 1671/1587/1
f 1676/1596/2 1677/1613/2 1678/1597/2
f 1684/1599/2 1682/1610/2 1685/1600/2
f 1685/1602/8 1682/1607/8 1680/1603/8
f 1686/1605/1 1688/1606/1 1689/1584/1
f 1688/1606/27 1686/1605/27 1680/1603/27
f 1689/1608/2 1690/1611/2 1683/1601/2
f 1684/1599/2 1691/1619/2 1688/1609/2
f 1688/1609/2 1691/1619/2 1690/1611/2
f 1678/1594/27 1670/1595/27 1669/1577/27
f 1676/1596/2 1672/1579/2 1674/1581/2
f 1679/1598/2 1678/1597/2 1675/1580/2
f 1686/1615/2 1687/2330/2 1681/1616/2
f 1695/1554/1 1694/1563/1 1692/1553/1
f 1696/1557/2 1697/1575/2 1693/1556/2
f 1698/1560/8 1699/1574/8 1697/1559/8
f 1701/1562/27 1700/2322/27 1692/1553/27
f 1702/1564/22 1703/2323/22 1698/1560/22
f 1692/1558/2 1700/1573/2 1702/1565/2
f 1705/1567/8 1704/2324/8 1700/1566/8
f 1706/1570/1 1707/2325/1 1703/1569/1
f 1700/1573/2 1704/1618/2 1706/1572/2
f 1699/1574/27 1707/2325/27 1706/1570/27
f 1693/1555/22 1704/2324/22 1705/1567/22
f 1697/1575/2 1706/1572/2 1704/1618/2
f 1709/1577/1 1715/1612/1 1714/1576/1
f 1715/1580/2 1713/1614/2 1712/1579/2
f 1727/1583/22 1721/2326/22 1725/1582/22
f 1708/1586/22 1714/2327/22 1717/1585/22
f 1723/1589/328 1724/2328/8 1719/1588/8
f 1708/1592/2 1711/2329/2 1710/1591/2
f 1711/1587/8 1717/1585/8 1718/1594/8
f 1716/1596/2 1719/1598/2 1718/1597/2
f 1723/1601/2 1725/1600/2 1722/1610/2
f 1720/1603/1 1722/1607/1 1725/1602/1
f 1729/1584/8 1728/1606/8 1726/1605/8
f 1720/1603/27 1726/1605/27 1728/1606/27
f 1729/1608/2 1725/1600/2 1723/1601/2
f 1728/1609/2 1731/1619/2 1724/1599/2
f 1729/1608/2 1730/1611/2 1731/1619/2
f 1709/1577/27 1710/1595/27 1718/1594/27
f 1716/1596/2 1717/1613/2 1714/1581/2
f 1715/1580/2 1718/1597/2 1719/1598/2
f 1721/1616/2 1727/2330/2 1726/1615/2
f 1739/1620/22 1733/2331/22 1737/1621/22
f 1735/1623/7 1737/1639/7 1734/1624/7
f 1732/1626/8 1734/1631/8 1737/1627/8
f 1741/1622/1 1740/1630/1 1738/1629/1
f 1732/1626/27 1738/1629/27 1740/1630/27
f 1741/1632/7 1737/1639/7 1735/1623/7
f 1740/1634/7 1743/1635/7 1736/1625/7
f 1741/1632/7 1742/1633/7 1743/1635/7
f 1733/1636/7 1739/2332/7 1738/1637/7
f 1749/1621/22 1745/2331/22 1751/1620/22
f 1747/1623/7 1748/1625/7 1746/1624/7
f 1749/1627/1 1746/1631/1 1744/1626/1
f 1750/1629/8 1752/1630/8 1753/1622/8
f 1752/1630/27 1750/1629/27 1744/1626/27
f 1753/1632/7 1754/1633/7 1747/1623/7
f 1748/1625/7 1755/1635/7 1752/1634/7
f 1755/1635/7 1754/1633/7 1753/1632/7
f 1750/1637/7 1751/2332/7 1745/1636/7
f 1759/1640/8 1758/1650/8 1756/1641/8
f 1760/1643/7 1761/1663/7 1757/1644/7
f 1762/1646/1 1763/1662/1 1761/1647/1
f 1765/1649/27 1764/2333/27 1756/1641/27
f 1766/1651/22 1767/1659/22 1762/1652/22
f 1756/1645/7 1764/1664/7 1766/1654/7
f 1769/1655/1 1768/2334/1 1764/1656/1
f 1770/1658/8 1771/2335/8 1767/1659/8
f 1766/1654/7 1764/1664/7 1768/1660/7
f 1763/1662/27 1771/2335/27 1770/1658/27
f 1757/1642/22 1768/2334/22 1769/1655/22
f 1770/1661/7 1768/1660/7 1757/1644/7
f 1772/1641/1 1774/1650/1 1775/1640/1
f 1773/1644/7 1777/1663/7 1776/1643/7
f 1777/1647/8 1779/1662/8 1778/1646/8
f 1772/1641/27 1780/2333/27 1781/1649/27
f 1778/1652/22 1783/1659/22 1782/1651/22
f 1782/1654/7 1780/1664/7 1772/1645/7
f 1780/1656/8 1784/2334/8 1785/1655/8
f 1783/1659/1 1787/2335/1 1786/1658/1
f 1782/1654/7 1786/1661/7 1784/1660/7
f 1786/1658/27 1787/2335/27 1779/1662/27
f 1785/1655/22 1784/2334/22 1773/1642/22
f 1773/1644/7 1784/1660/7 1786/1661/7
f 1788/1665/329 1816/1693/2 1817/1666/2
f 1790/1668/330 1788/1665/329 1789/1667/329
f 1792/1670/331 1790/1668/330 1791/1669/330
f 1794/1672/8 1792/1670/331 1793/1671/332
f 1796/1674/333 1794/1672/8 1795/1673/8
f 1798/1676/334 1796/1674/333 1797/1675/333
f 1800/1678/335 1798/1676/334 1799/1677/334
f 1804/1680/337 1802/1695/344 1803/1681/338
f 1806/1683/339 1804/1680/337 1805/1682/337
f 1808/1685/1 1806/1683/339 1807/1684/339
f 1810/1687/340 1808/1685/1 1809/1686/1
f 1812/1689/341 1810/1687/340 1811/1688/340
f 1814/1691/342 1812/1689/341 1813/1690/341
f 1816/1693/2 1814/1691/342 1815/1692/342
f 1820/1694/343 1803/1681/338 1802/1695/344
f 1800/1678/335 1801/1679/336 1821/1697/345
f 1819/1699/27 1824/2336/27 1822/1700/27
f 1825/1702/8 1824/2336/8 1819/1699/8
f 1823/1704/22 1825/2337/22 1821/1705/22
f 1822/1700/1 1823/1704/1 1820/1706/1
f 1827/1707/1 1829/2338/1 1828/1708/1
f 1833/1710/8 1831/1713/8 1830/1711/8
f 1831/1713/2 1827/1707/2 1826/1709/2
f 1832/1714/22 1830/1711/22 1826/1709/22
f 1829/1716/27 1827/1707/27 1831/1713/27
f 1834/1665/329 1862/1693/2 1863/1666/2
f 1836/1668/330 1834/1665/329 1835/1667/329
f 1838/1670/332 1836/1668/330 1837/1669/330
f 1840/1672/8 1838/1670/332 1839/1671/332
f 1842/1674/333 1840/1672/8 1841/1673/8
f 1844/1676/334 1842/1674/333 1843/1675/333
f 1846/1678/335 1844/1676/334 1845/1677/346
f 1850/1680/337 1848/1695/344 1849/1681/338
f 1852/1683/339 1850/1680/337 1851/1682/337
f 1854/1685/1 1852/1683/339 1853/1684/339
f 1856/1687/347 1854/1685/1 1855/1686/1
f 1858/1689/341 1856/1687/347 1857/1688/340
f 1860/1691/342 1858/1689/341 1859/1690/341
f 1862/1693/2 1860/1691/342 1861/1692/342
f 1866/1694/343 1849/1681/338 1848/1695/344
f 1846/1678/335 1847/1679/336 1867/1697/345
f 1865/1699/27 1870/2336/27 1868/1700/27
f 1871/1702/8 1870/2336/8 1865/1699/8
f 1869/1704/22 1871/2337/22 1867/1705/22
f 1868/1700/1 1869/1704/1 1866/1706/1
f 1873/1707/1 1875/2338/1 1874/1708/1
f 1879/1710/8 1877/1713/8 1876/1711/8
f 1877/1713/2 1873/1707/2 1872/1709/2
f 1878/1714/22 1876/1711/22 1872/1709/22
f 1875/1716/27 1873/1707/27 1877/1713/27
f 1880/1665/329 1908/1693/2 1909/1666/2
f 1882/1668/330 1880/1665/329 1881/1667/329
f 1884/1670/331 1882/1668/330 1883/1669/330
f 1886/1672/8 1884/1670/331 1885/1671/332
f 1888/1674/333 1886/1672/8 1887/1673/8
f 1890/1676/334 1888/1674/333 1889/1675/333
f 1892/1678/335 1890/1676/334 1891/1677/334
f 1896/1680/337 1894/1695/344 1895/1681/338
f 1898/1683/339 1896/1680/337 1897/1682/337
f 1900/1685/1 1898/1683/339 1899/1684/339
f 1902/1687/347 1900/1685/1 1901/1686/1
f 1904/1689/341 1902/1687/347 1903/1688/340
f 1906/1691/342 1904/1689/341 1905/1690/341
f 1908/1693/2 1906/1691/342 1907/1692/342
f 1912/1694/343 1895/1681/338 1894/1695/344
f 1892/1678/335 1893/1679/336 1913/1697/345
f 1911/1699/27 1916/2336/27 1914/1700/27
f 1917/1702/8 1916/2336/8 1911/1699/8
f 1915/1704/22 1917/2337/22 1913/1705/22
f 1910/1701/1 1914/1700/1 1915/1704/1
f 1919/1707/1 1921/2338/1 1920/1708/1
f 1925/1710/8 1923/1713/8 1922/1711/8
f 1923/1713/2 1919/1707/2 1918/1709/2
f 1924/1714/22 1922/1711/22 1918/1709/22
f 1921/1716/27 1919/1707/27 1923/1713/27
f 1926/1665/329 1954/1693/2 1955/1666/2
f 1928/1668/330 1926/1665/329 1927/1667/329
f 1930/1670/332 1928/1668/330 1929/1669/330
f 1932/1672/8 1930/1670/332 1931/1671/332
f 1934/1674/333 1932/1672/8 1933/1673/8
f 1936/1676/334 1934/1674/333 1935/1675/333
f 1938/1678/335 1936/1676/334 1937/1677/334
f 1942/1680/337 1940/1695/344 1941/1681/338
f 1944/1683/339 1942/1680/337 1943/1682/337
f 1946/1685/1 1944/1683/339 1945/1684/339
f 1948/1687/347 1946/1685/1 1947/1686/1
f 1950/1689/341 1948/1687/347 1949/1688/340
f 1952/1691/342 1950/1689/341 1951/1690/341
f 1954/1693/2 1952/1691/342 1953/1692/342
f 1958/1694/343 1941/1681/338 1940/1695/344
f 1938/1678/335 1939/1679/336 1959/1697/345
f 1957/1699/27 1962/2336/27 1960/1700/27
f 1963/1702/8 1962/2336/8 1957/1699/8
f 1961/1704/22 1963/2337/22 1959/1705/22
f 1960/1700/1 1961/1704/1 1958/1706/1
f 1965/1707/1 1967/2338/1 1966/1708/1
f 1971/1710/8 1969/1713/8 1968/1711/8
f 1969/1713/2 1965/1707/2 1964/1709/2
f 1970/1714/22 1968/1711/22 1964/1709/22
f 1967/1716/27 1965/1707/27 1969/1713/27
f 1972/1665/329 2000/1693/2 2001/1666/2
f 1974/1668/330 1972/1665/329 1973/1667/349
f 1976/1670/332 1974/1668/330 1975/1669/330
f 1978/1672/8 1976/1670/332 1977/1671/332
f 1980/1674/333 1978/1672/8 1979/1673/8
f 1982/1676/334 1980/1674/333 1981/1675/333
f 1984/1678/335 1982/1676/334 1983/1677/334
f 1988/1680/337 1986/1695/344 1987/1681/338
f 1990/1683/339 1988/1680/337 1989/1682/337
f 1992/1685/1 1990/1683/339 1991/1684/339
f 1994/1687/347 1992/1685/1 1993/1686/1
f 1996/1689/341 1994/1687/347 1995/1688/340
f 1998/1691/342 1996/1689/341 1997/1690/341
f 2000/1693/2 1998/1691/342 1999/1692/342
f 2004/1694/343 1987/1681/338 1986/1695/344
f 1984/1678/335 1985/1679/336 2005/1697/345
f 2003/1699/27 2008/2336/27 2006/1700/27
f 2009/1702/8 2008/2336/8 2003/1699/8
f 2007/1704/22 2009/2337/22 2005/1705/22
f 2006/1700/1 2007/1704/1 2004/1706/1
f 2011/1707/1 2013/2338/1 2012/1708/1
f 2017/1710/8 2015/1713/8 2014/1711/8
f 2015/1713/2 2011/1707/2 2010/1709/2
f 2016/1714/22 2014/1711/22 2010/1709/22
f 2013/1716/27 2011/1707/27 2015/1713/27
f 2018/1665/329 2046/1693/2 2047/1666/2
f 2020/1668/330 2018/1665/329 2019/1667/349
f 2022/1670/332 2020/1668/330 2021/1669/330
f 2024/1672/8 2022/1670/332 2023/1671/332
f 2026/1674/333 2024/1672/8 2025/1673/8
f 2028/1676/334 2026/1674/333 2027/1675/351
f 2030/1678/335 2028/1676/334 2029/1677/334
f 2034/1680/337 2032/1695/352 2033/1681/338
f 2036/1683/339 2034/1680/337 2035/1682/337
f 2038/1685/1 2036/1683/339 2037/1684/339
f 2040/1687/340 2038/1685/1 2039/1686/1
f 2042/1689/341 2040/1687/340 2041/1688/340
f 2044/1691/342 2042/1689/341 2043/1690/341
f 2046/1693/2 2044/1691/342 2045/1692/342
f 2050/1694/348 2033/1681/338 2032/1695/352
f 2030/1678/335 2031/1679/336 2051/1697/345
f 2049/1699/27 2054/2336/27 2052/1700/27
f 2055/1702/8 2054/2336/8 2049/1699/8
f 2053/1704/22 2055/2337/22 2051/1705/22
f 2052/1700/1 2053/1704/1 2050/1706/1
f 2057/1707/1 2059/2338/1 2058/1708/1
f 2063/1710/8 2061/1713/8 2060/1711/8
f 2061/1713/2 2057/1707/2 2056/1709/2
f 2062/1714/22 2060/1711/22 2056/1709/22
f 2059/1716/27 2057/1707/27 2061/1713/27
f 2073/1718/353 2072/1734/368 2064/1719/354
f 2074/1721/356 2073/1718/353 2065/1720/355
f 2075/1723/358 2074/1721/356 2066/1722/357
f 2075/1725/358 2067/2339/359 2068/1726/360
f 2076/1727/361 2068/1726/360 2069/1728/362
f 2077/1729/363 2069/1728/362 2070/1730/364
f 2078/1731/365 2070/1730/364 2071/1732/366
f 2072/1734/368 2079/1733/367 2071/1732/366
f 2072/1734/368 2080/1736/370 2087/1735/369
f 2073/1718/353 2081/1737/371 2080/1736/370
f 2074/1721/356 2082/1738/372 2081/1737/371
f 2075/1723/358 2083/1748/381 2082/1738/372
f 2084/1739/373 2083/1747/381 2075/1725/358
f 2085/1740/374 2084/1739/373 2076/1727/361
f 2086/1741/375 2085/1740/374 2077/1729/363
f 2087/1735/369 2086/1741/375 2078/1731/365
f 2095/1742/376 2094/1750/383 2086/1741/375
f 2089/1743/377 2081/1737/371 2082/1738/372
f 2088/1745/379 2080/1736/370 2081/1737/371
f 2092/1746/380 2091/1757/382 2083/1747/381
f 2090/1744/378 2082/1738/372 2083/1748/381
f 2094/1750/383 2093/1751/384 2085/1740/374
f 2093/1751/384 2092/1746/380 2084/1739/373
f 2095/1742/376 2087/1735/369 2080/1736/370
f 2088/1745/379 2096/1753/386 2103/1752/385
f 2089/1743/377 2097/1754/387 2096/1753/386
f 2090/1744/378 2098/1755/388 2097/1754/387
f 2091/1749/382 2099/1769/400 2098/1755/388
f 2100/1756/389 2099/2340/400 2091/1757/382
f 2101/1758/390 2100/1756/389 2092/1746/380
f 2102/1759/391 2101/1758/390 2093/1751/384
f 2103/1752/385 2102/1759/391 2094/1750/383
f 2110/1760/392 2102/1759/391 2103/1752/385
f 2105/1762/394 2104/1765/397 2096/1753/386
f 2107/1763/395 2099/2340/400 2100/1756/389
f 2104/1765/397 2111/1761/393 2103/1752/385
f 2109/1766/398 2101/1758/390 2102/1759/391
f 2106/1767/399 2105/1762/394 2097/1754/387
f 2107/1768/395 2106/1767/399 2098/1755/388
f 2108/1764/396 2100/1756/389 2101/1758/390
f 2107/1768/395 2115/1780/411 2114/1770/401
f 2118/1771/402 2117/1783/412 2109/1766/398
f 2104/1765/397 2112/1774/405 2119/1772/403
f 2116/1773/404 2115/1782/411 2107/1763/395
f 2105/1762/394 2113/1775/406 2112/1774/405
f 2106/1767/399 2114/1770/401 2113/1775/406
f 2119/1772/403 2118/1771/402 2110/1760/392
f 2120/1776/407 2127/1793/421 2119/1772/403
f 2121/1777/408 2120/1776/407 2112/1774/405
f 2122/1778/409 2121/1777/408 2113/1775/406
f 2123/1779/410 2122/1778/409 2114/1770/401
f 2116/1773/404 2124/1784/413 2123/1781/410
f 2117/1783/412 2125/1785/414 2124/1784/413
f 2118/1771/402 2126/1786/415 2125/1785/414
f 2119/1772/403 2127/1793/421 2126/1786/415
f 2117/1783/412 2116/1773/404 2108/1764/396
f 2133/1787/416 2125/1785/414 2126/1786/415
f 2130/1789/418 2129/1796/424 2121/1777/408
f 2131/1790/419 2130/1789/418 2122/1778/409
f 2131/1791/419 2123/1781/410 2124/1784/413
f 2132/1792/420 2124/1784/413 2125/1785/414
f 2134/1788/417 2126/1786/415 2127/1793/421
f 2128/1795/423 2135/1794/422 2127/1793/421
f 2129/1796/424 2128/1795/423 2120/1776/407
f 2134/1799/426 2128/1798/426 2129/1800/426
f 2129/1800/426 2130/1802/426 2132/1792/426
f 2145/1718/363 2137/1720/428 2136/1719/364
f 2146/1721/361 2138/1722/429 2137/1720/428
f 2147/1723/358 2139/1724/359 2138/1722/429
f 2140/1726/357 2139/2339/359 2147/1725/358
f 2141/1728/430 2140/1726/357 2148/1727/356
f 2142/1730/354 2141/1728/430 2149/1729/353
f 2143/1732/366 2142/1730/354 2150/1731/431
f 2144/1734/427 2136/1719/364 2143/1732/366
f 2144/1734/427 2151/1733/432 2159/1735/369
f 2145/1718/363 2144/1734/427 2152/1736/433
f 2146/1721/361 2145/1718/363 2153/1737/374
f 2147/1723/358 2146/1721/361 2154/1738/373
f 2147/1725/358 2155/1747/381 2156/1739/372
f 2148/1727/356 2156/1739/372 2157/1740/371
f 2149/1729/353 2157/1740/371 2158/1741/434
f 2150/1731/431 2158/1741/434 2159/1735/369
f 2167/1742/376 2159/1735/369 2158/1741/434
f 2154/1738/373 2153/1737/374 2161/1743/384
f 2153/1737/374 2152/1736/433 2160/1745/383
f 2164/1746/378 2156/1739/372 2155/1747/381
f 2155/1748/381 2154/1738/373 2162/1744/436
f 2166/1750/435 2158/1741/434 2157/1740/371
f 2165/1751/377 2157/1740/371 2156/1739/372
f 2152/1736/433 2159/1735/369 2167/1742/376
f 2160/1745/383 2167/1742/376 2175/1752/385
f 2161/1743/384 2160/1745/383 2168/1753/437
f 2162/1744/436 2161/1743/384 2169/1754/390
f 2163/1749/382 2162/1744/436 2170/1755/389
f 2163/1757/382 2171/2340/400 2172/1756/388
f 2164/1746/378 2172/1756/388 2173/1758/387
f 2165/1751/377 2173/1758/387 2174/1759/386
f 2166/1750/435 2174/1759/386 2175/1752/385
f 2175/1752/385 2174/1759/386 2182/1760/397
f 2177/1762/398 2169/1754/390 2168/1753/437
f 2172/1756/388 2171/2340/400 2179/1763/395
f 2176/1765/392 2168/1753/437 2175/1752/385
f 2174/1759/386 2173/1758/387 2181/1766/394
f 2178/1767/439 2170/1755/389 2169/1754/390
f 2179/1768/395 2171/1769/400 2170/1755/389
f 2173/1758/387 2172/1756/388 2180/1764/438
f 2179/1768/395 2178/1767/439 2186/1770/404
f 2181/1766/394 2189/1783/406 2190/1771/405
f 2176/1765/392 2183/1761/393 2191/1772/403
f 2179/1763/395 2187/1782/411 2188/1773/401
f 2177/1762/398 2176/1765/392 2184/1774/402
f 2178/1767/439 2177/1762/398 2185/1775/412
f 2182/1760/397 2190/1771/405 2191/1772/403
f 2191/1772/403 2199/1793/421 2192/1776/440
f 2184/1774/402 2192/1776/440 2193/1777/441
f 2185/1775/412 2193/1777/441 2194/1778/413
f 2186/1770/404 2194/1778/413 2195/1779/410
f 2188/1773/401 2187/1782/411 2195/1781/410
f 2189/1783/406 2188/1773/401 2196/1784/409
f 2190/1771/405 2189/1783/406 2197/1785/408
f 2191/1772/403 2190/1771/405 2198/1786/407
f 2180/1764/438 2188/1773/401 2189/1783/406
f 2198/1786/407 2197/1785/408 2205/1787/424
f 2202/1789/420 2194/1778/413 2193/1777/441
f 2203/1790/419 2195/1779/410 2194/1778/413
f 2196/1784/409 2195/1781/410 2203/1791/419
f 2197/1785/408 2196/1784/409 2204/1792/418
f 2199/1793/421 2198/1786/407 2206/1788/442
f 2200/1795/443 2192/1776/440 2199/1793/421
f 2201/1796/416 2193/1777/441 2192/1776/440
f 2201/1800/426 2200/1798/426 2206/1799/426
f 2201/1800/426 2205/1801/426 2204/1792/426
f 2237/1803/7 2236/1831/7 2208/1804/444
f 2209/1805/445 2208/1804/444 2210/1806/334
f 2211/1807/334 2210/1806/334 2212/1808/333
f 2213/1809/333 2212/1808/333 2214/1810/8
f 2215/1811/8 2214/1810/8 2216/1812/331
f 2217/1813/331 2216/1812/331 2218/1814/330
f 2219/1815/330 2218/1814/330 2220/1816/446
f 2223/1818/448 2222/1832/451 2224/1819/341
f 2225/1820/341 2224/1819/341 2226/1821/340
f 2227/1822/340 2226/1821/340 2228/1823/1
f 2229/1824/1 2228/1823/1 2230/1825/339
f 2231/1826/449 2230/1825/339 2232/1827/337
f 2233/1828/337 2232/1827/337 2234/1829/450
f 2235/1830/450 2234/1829/450 2236/1831/7
f 2222/1832/451 2223/1818/448 2240/1833/452
f 2220/1816/446 2239/1856/531 2241/1835/453
f 2239/1836/27 2238/1844/27 2242/1837/27
f 2239/1836/8 2244/1838/8 2245/1839/8
f 2241/1841/22 2245/2341/22 2243/1842/22
f 2240/1843/1 2243/1842/1 2242/1837/1
f 2248/1845/1 2249/2342/1 2247/1846/1
f 2250/1848/8 2251/1851/8 2253/1849/8
f 2246/1847/7 2247/1846/7 2251/1851/7
f 2246/1847/22 2250/1848/22 2252/1852/22
f 2251/1851/27 2247/1846/27 2249/1854/27
f 2283/1803/7 2282/1831/7 2254/1804/445
f 2255/1805/444 2254/1804/445 2256/1806/334
f 2257/1807/334 2256/1806/334 2258/1808/333
f 2259/1809/351 2258/1808/333 2260/1810/8
f 2261/1811/8 2260/1810/8 2262/1812/331
f 2263/1813/331 2262/1812/331 2264/1814/330
f 2265/1815/330 2264/1814/330 2266/1816/454
f 2269/1818/448 2268/1832/455 2270/1819/341
f 2271/1820/341 2270/1819/341 2272/1821/340
f 2273/1822/340 2272/1821/340 2274/1823/1
f 2275/1824/1 2274/1823/1 2276/1825/449
f 2277/1826/449 2276/1825/449 2278/1827/337
f 2279/1828/337 2278/1827/337 2280/1829/450
f 2281/1830/450 2280/1829/450 2282/1831/7
f 2268/1832/455 2269/1818/448 2286/1833/452
f 2266/1816/454 2285/1856/532 2287/1835/453
f 2285/1836/27 2284/1844/27 2288/1837/27
f 2285/1836/8 2290/1838/8 2291/1839/8
f 2287/1841/22 2291/2341/22 2289/1842/22
f 2286/1843/1 2289/1842/1 2288/1837/1
f 2294/1845/1 2295/2342/1 2293/1846/1
f 2296/1848/8 2297/1851/8 2299/1849/8
f 2292/1847/7 2293/1846/7 2297/1851/7
f 2292/1847/22 2296/1848/22 2298/1852/22
f 2297/1851/27 2293/1846/27 2295/1854/27
f 2300/1804/450 2328/1831/7 2329/1803/7
f 2302/1806/337 2300/1804/450 2301/1805/456
f 2304/1808/339 2302/1806/337 2303/1807/337
f 2306/1810/1 2304/1808/339 2305/1809/339
f 2308/1812/340 2306/1810/1 2307/1811/1
f 2310/1814/341 2308/1812/340 2309/1813/340
f 2312/1816/455 2310/1814/341 2311/1815/341
f 2316/1819/330 2314/1832/454 2315/1818/458
f 2318/1821/331 2316/1819/330 2317/1820/330
f 2320/1823/8 2318/1821/331 2319/1822/331
f 2322/1825/333 2320/1823/8 2321/1824/8
f 2324/1827/334 2322/1825/333 2323/1826/333
f 2326/1829/444 2324/1827/334 2325/1828/334
f 2328/1831/7 2326/1829/444 2327/1830/444
f 2332/1833/453 2315/1818/458 2314/1832/454
f 2312/1816/455 2313/1817/457 2333/1835/452
f 2331/1836/27 2336/1838/27 2334/1837/27
f 2337/1839/1 2336/1838/1 2331/1836/1
f 2335/1842/22 2337/2341/22 2333/1841/22
f 2334/1837/8 2335/1842/8 2332/1843/8
f 2339/1846/8 2341/2342/8 2340/1845/8
f 2345/1849/1 2343/1851/1 2342/1848/1
f 2343/1851/7 2339/1846/7 2338/1847/7
f 2344/1852/22 2342/1848/22 2338/1847/22
f 2341/1854/27 2339/1846/27 2343/1851/27
f 2346/1804/456 2374/1831/7 2375/1803/7
f 2348/1806/337 2346/1804/456 2347/1805/450
f 2350/1808/339 2348/1806/337 2349/1807/337
f 2352/1810/1 2350/1808/339 2351/1809/339
f 2354/1812/340 2352/1810/1 2353/1811/1
f 2356/1814/341 2354/1812/340 2355/1813/340
f 2358/1816/451 2356/1814/341 2357/1815/341
f 2362/1819/330 2360/1832/454 2361/1818/458
f 2364/1821/331 2362/1819/330 2363/1820/330
f 2366/1823/8 2364/1821/331 2365/1822/331
f 2368/1825/333 2366/1823/8 2367/1824/8
f 2370/1827/334 2368/1825/333 2369/1826/333
f 2372/1829/444 2370/1827/334 2371/1828/334
f 2374/1831/7 2372/1829/444 2373/1830/444
f 2378/1833/453 2361/1818/458 2360/1832/454
f 2358/1816/451 2359/1817/457 2379/1835/452
f 2377/1836/27 2382/1838/27 2380/1837/27
f 2383/1839/1 2382/1838/1 2377/1836/1
f 2381/1842/22 2383/2341/22 2379/1841/22
f 2380/1837/8 2381/1842/8 2378/1843/8
f 2385/1846/8 2387/2342/8 2386/1845/8
f 2391/1849/1 2389/1851/1 2388/1848/1
f 2389/1851/7 2385/1846/7 2384/1847/7
f 2390/1852/22 2388/1848/22 2384/1847/22
f 2387/1854/27 2385/1846/27 2389/1851/27
f 2393/1857/461 2394/1860/461 2392/1858/461
f 2394/1860/462 2393/1857/462 2397/1861/462
f 2401/1863/463 2402/1862/464 2397/1861/464
f 2401/1863/465 2400/1864/465 2403/1865/465
f 2394/1867/8 2402/1876/8 2399/1868/8
f 2400/1870/1 2397/2105/1 2396/1871/1
f 2396/1871/1 2397/2105/1 2393/1873/1
f 2401/1875/8 2398/2106/8 2399/1868/8
f 2405/1857/461 2406/1860/461 2404/1858/461
f 2406/1860/462 2405/1857/462 2409/1861/462
f 2413/1863/464 2414/1862/464 2409/1861/464
f 2413/1863/465 2412/1864/465 2415/1865/465
f 2406/1867/8 2414/1876/8 2411/1868/8
f 2412/1870/1 2409/2105/1 2408/1871/1
f 2408/1871/1 2409/2105/1 2405/1873/1
f 2413/1875/8 2410/2106/8 2411/1868/8
f 2417/1857/461 2418/1860/461 2416/1858/461
f 2418/1860/462 2417/1857/462 2421/1861/462
f 2425/1863/464 2426/1862/463 2421/1861/463
f 2425/1863/465 2424/1864/465 2427/1865/465
f 2418/1867/8 2426/1876/8 2423/1868/8
f 2424/1870/1 2421/2105/1 2420/1871/1
f 2420/1871/1 2421/2105/1 2417/1873/1
f 2425/1875/8 2422/2106/8 2423/1868/8
f 2429/1857/461 2430/1860/461 2428/1858/461
f 2430/1860/462 2429/1857/462 2433/1861/462
f 2437/1863/464 2438/1862/463 2433/1861/463
f 2437/1863/465 2436/1864/465 2439/1865/465
f 2430/1867/8 2438/1876/8 2435/1868/8
f 2436/1870/1 2433/2105/1 2432/1871/1
f 2432/1871/1 2433/2105/1 2429/1873/1
f 2437/1875/8 2434/2106/8 2435/1868/8
f 2441/1857/461 2442/1860/461 2440/1858/461
f 2442/1860/462 2441/1857/462 2445/1861/462
f 2449/1863/464 2450/1862/464 2445/1861/464
f 2449/1863/465 2448/1864/465 2451/1865/465
f 2442/1867/8 2450/1876/8 2447/1868/8
f 2448/1870/1 2445/2105/1 2444/1871/1
f 2444/1871/1 2445/2105/1 2441/1873/1
f 2449/1875/8 2446/2106/8 2447/1868/8
f 2453/1857/461 2454/1860/461 2452/1858/461
f 2454/1860/462 2453/1857/462 2457/1861/462
f 2461/1863/464 2462/1862/464 2457/1861/464
f 2461/1863/465 2460/1864/465 2463/1865/465
f 2454/1867/8 2462/1876/8 2459/1868/8
f 2460/1870/1 2457/2105/1 2456/1871/1
f 2456/1871/1 2457/2105/1 2453/1873/1
f 2461/1875/8 2458/2106/8 2459/1868/8
f 2465/1857/461 2466/1860/461 2464/1858/461
f 2466/1860/462 2465/1857/462 2469/1861/462
f 2473/1863/464 2474/1862/464 2469/1861/464
f 2473/1863/465 2472/1864/465 2475/1865/465
f 2466/1867/8 2474/1876/8 2471/1868/8
f 2472/1870/1 2469/2105/1 2468/1871/1
f 2468/1871/1 2469/2105/1 2465/1873/1
f 2473/1875/8 2470/2106/8 2471/1868/8
f 2477/1857/461 2478/1860/461 2476/1858/461
f 2478/1860/462 2477/1857/462 2481/1861/462
f 2485/1863/464 2486/1862/464 2481/1861/464
f 2485/1863/465 2484/1864/465 2487/1865/465
f 2478/1867/8 2486/1876/8 2483/1868/8
f 2484/1870/1 2481/2105/1 2480/1871/1
f 2480/1871/1 2481/2105/1 2477/1873/1
f 2485/1875/8 2482/2106/8 2483/1868/8
f 2489/1857/461 2490/1860/461 2488/1858/461
f 2490/1860/462 2489/1857/462 2493/1861/462
f 2497/1863/464 2498/1862/464 2493/1861/464
f 2497/1863/465 2496/1864/465 2499/1865/465
f 2490/1867/8 2498/1876/8 2495/1868/8
f 2496/1870/1 2493/2105/1 2492/1871/1
f 2492/1871/1 2493/2105/1 2489/1873/1
f 2497/1875/8 2494/2106/8 2495/1868/8
f 2500/1877/467 2501/2343/467 2503/1878/27
f 2503/1878/27 2505/2343/468 2504/1877/468
f 2515/1880/27 2507/2344/14 2506/1881/14
f 2506/1881/8 2508/1884/8 2517/1883/8
f 2509/1881/14 2510/2344/14 2521/1880/27
f 2509/1881/1 2519/1882/1 2523/1883/1
f 2512/1881/18 2514/2344/18 2515/1880/27
f 2512/1881/8 2513/1882/8 2517/1883/8
f 2521/1880/27 2520/2344/18 2518/1881/18
f 2518/1881/1 2522/1884/1 2523/1883/1
f 2526/1885/469 2527/2345/469 2525/1886/469
f 2525/1886/8 2529/1889/8 2528/1888/8
f 2531/1886/469 2533/2345/469 2532/1885/469
f 2531/1886/1 2530/1887/1 2534/1888/1
f 2539/1890/470 2538/2346/470 2536/1891/470
f 2540/1893/7 2541/2347/7 2537/1892/7
f 2546/1894/8 2547/1908/8 2551/1895/8
f 2549/1897/7 2553/2348/7 2551/1898/7
f 2546/1900/2 2550/2349/2 2552/1901/2
f 2548/1903/1 2552/2350/1 2553/1904/1
f 2548/1902/471 2543/2351/471 2545/1906/471
f 2547/1899/472 2544/2352/472 2542/1907/471
f 2547/1908/472 2546/1894/471 2545/1909/471
f 2549/1905/471 2542/2353/471 2543/1911/471
f 2560/1912/1 2564/2354/1 2565/1913/1
f 2558/1915/8 2559/1924/8 2563/1916/8
f 2561/1918/7 2565/2355/7 2563/1919/7
f 2558/1921/2 2562/2356/2 2564/1922/2
f 2559/1924/473 2558/1915/473 2557/1925/473
f 2561/1914/473 2554/2357/473 2555/1927/473
f 2560/1923/473 2555/2358/473 2557/1928/473
f 2561/1918/473 2559/1920/473 2556/1929/473
f 2567/1931/474 2569/2359/474 2568/1932/474
f 2566/1933/7 2570/2360/7 2571/1934/7
f 2572/1935/475 2574/2361/475 2575/1936/475
f 2573/1937/2 2577/2362/2 2576/1938/2
f 2579/1939/476 2581/2363/476 2580/1940/476
f 2578/1941/2 2582/2364/2 2583/1942/2
f 2584/1943/1 2588/1947/1 2590/1944/1
f 2584/1943/477 2586/2365/477 2592/1946/22
f 2587/1948/1 2589/2366/1 2590/1949/1
f 2592/1951/22 2591/2367/478 2587/1948/478
f 2595/1952/479 2596/2368/479 2594/1953/479
f 2598/1955/7 2597/2369/7 2593/1954/7
f 2600/1956/13 2602/2370/13 2601/1957/13
f 2600/1956/8 2599/1958/8 2603/1959/8
f 2609/1961/479 2610/2371/479 2606/1962/479
f 2605/1963/2 2606/1962/2 2608/1964/2
f 2613/1957/13 2614/2370/13 2612/1956/13
f 2612/1956/1 2616/1960/1 2615/1959/1
f 2618/1962/479 2622/2371/479 2621/1961/479
f 2620/1964/2 2618/1962/2 2617/1963/2
f 2623/1966/8 2624/1970/8 2629/1967/8
f 2631/1969/22 2625/2372/477 2623/1966/477
f 2626/1966/8 2627/1968/8 2629/1967/8
f 2626/1966/478 2630/2372/478 2631/1969/22
f 2633/1971/1 2635/1978/1 2634/1972/1
f 2638/1974/8 2639/1979/8 2637/1975/8
f 2638/1977/22 2636/2373/22 2632/1973/22
f 2635/1978/27 2633/1971/27 2637/1975/27
f 2641/1980/1 2643/1987/1 2642/1981/1
f 2647/1983/8 2645/1988/8 2644/1984/8
f 2646/1986/22 2644/2374/22 2640/1982/22
f 2643/1987/27 2641/1980/27 2645/1988/27
f 2649/1989/1 2651/1996/1 2650/1990/1
f 2655/1992/8 2653/1997/8 2652/1993/8
f 2654/1995/22 2652/2375/22 2648/1991/22
f 2651/1996/27 2649/1989/27 2653/1997/27
f 2657/1971/1 2659/1978/1 2658/1972/1
f 2663/1979/8 2661/1975/8 2660/1976/8
f 2662/1977/22 2660/2373/22 2656/1973/22
f 2659/1978/27 2657/1971/27 2661/1975/27
f 2665/1980/1 2667/1987/1 2666/1981/1
f 2671/1983/8 2669/1988/8 2668/1984/8
f 2670/1986/22 2668/2374/22 2664/1982/22
f 2667/1987/27 2665/1980/27 2669/1988/27
f 2673/1989/1 2675/1996/1 2674/1990/1
f 2679/1992/8 2677/1997/8 2676/1993/8
f 2678/1995/22 2676/2375/22 2672/1991/22
f 2675/1996/27 2673/1989/27 2677/1997/27
f 2681/1971/1 2683/1978/1 2682/1972/1
f 2687/1979/8 2685/1975/8 2684/1976/8
f 2686/1977/22 2684/2373/22 2680/1973/22
f 2683/1978/27 2681/1971/27 2685/1975/27
f 2689/1980/1 2691/1987/1 2690/1981/1
f 2695/1983/8 2693/1988/8 2692/1984/8
f 2694/1986/22 2692/2374/22 2688/1982/22
f 2691/1987/27 2689/1980/27 2693/1988/27
f 2697/1989/1 2699/1996/1 2698/1990/1
f 2703/1992/8 2701/1997/8 2700/1993/8
f 2702/1995/22 2700/2375/22 2696/1991/22
f 2699/1996/27 2697/1989/27 2701/1997/27
f 2705/1971/1 2707/1978/1 2706/1972/1
f 2711/1979/8 2709/1975/8 2708/1976/8
f 2710/1977/22 2708/2373/22 2704/1973/22
f 2707/1978/27 2705/1971/27 2709/1975/27
f 2713/1980/1 2715/1987/1 2714/1981/1
f 2718/1985/8 2719/1983/8 2717/1988/8
f 2718/1986/22 2716/2374/22 2712/1982/22
f 2715/1987/27 2713/1980/27 2717/1988/27
f 2721/1989/1 2723/1996/1 2722/1990/1
f 2727/1992/8 2725/1997/8 2724/1993/8
f 2726/1995/22 2724/2375/22 2720/1991/22
f 2723/1996/27 2721/1989/27 2725/1997/27
f 2729/1971/1 2731/1978/1 2730/1972/1
f 2735/1979/8 2733/1975/8 2732/1976/8
f 2734/1977/22 2732/2373/22 2728/1973/22
f 2731/1978/27 2729/1971/27 2733/1975/27
f 2737/1980/1 2739/1987/1 2738/1981/1
f 2743/1983/8 2741/1988/8 2740/1984/8
f 2742/1986/22 2740/2374/22 2736/1982/22
f 2739/1987/27 2737/1980/27 2741/1988/27
f 2745/1989/1 2747/1996/1 2746/1990/1
f 2750/1994/8 2751/1992/8 2749/1997/8
f 2750/1995/22 2748/2375/22 2744/1991/22
f 2747/1996/27 2745/1989/27 2749/1997/27
f 2753/1971/1 2755/1978/1 2754/1972/1
f 2759/1979/8 2757/1975/8 2756/1976/8
f 2758/1977/22 2756/2373/22 2752/1973/22
f 2755/1978/27 2753/1971/27 2757/1975/27
f 2761/1980/1 2763/1987/1 2762/1981/1
f 2767/1983/8 2765/1988/8 2764/1984/8
f 2766/1986/22 2764/2374/22 2760/1982/22
f 2763/1987/27 2761/1980/27 2765/1988/27
f 2769/1989/1 2771/1996/1 2770/1990/1
f 2775/1992/8 2773/1997/8 2772/1993/8
f 2774/1995/22 2772/2375/22 2768/1991/22
f 2771/1996/27 2769/1989/27 2773/1997/27
f 2777/1971/1 2779/1978/1 2778/1972/1
f 2782/1974/8 2783/1979/8 2781/1975/8
f 2782/1977/22 2780/2373/22 2776/1973/22
f 2779/1978/27 2777/1971/27 2781/1975/27
f 2785/1980/1 2787/1987/1 2786/1981/1
f 2791/1983/8 2789/1988/8 2788/1984/8
f 2790/1986/22 2788/2374/22 2784/1982/22
f 2787/1987/27 2785/1980/27 2789/1988/27
f 2793/1989/1 2795/1996/1 2794/1990/1
f 2799/1992/8 2797/1997/8 2796/1993/8
f 2798/1995/22 2796/2375/22 2792/1991/22
f 2795/1996/27 2793/1989/27 2797/1997/27
f 2801/1971/1 2803/1978/1 2802/1972/1
f 2807/1979/8 2805/1975/8 2804/1976/8
f 2806/1977/22 2804/2373/22 2800/1973/22
f 2803/1978/27 2801/1971/27 2805/1975/27
f 2809/1980/1 2811/1987/1 2810/1981/1
f 2815/1983/8 2813/1988/8 2812/1984/8
f 2814/1986/22 2812/2374/22 2808/1982/22
f 2811/1987/27 2809/1980/27 2813/1988/27
f 2817/1989/1 2819/1996/1 2818/1990/1
f 2823/1992/8 2821/1997/8 2820/1993/8
f 2822/1995/22 2820/2375/22 2816/1991/22
f 2819/1996/27 2817/1989/27 2821/1997/27
f 2825/1971/1 2827/1978/1 2826/1972/1
f 2831/1979/8 2829/1975/8 2828/1976/8
f 2830/1977/22 2828/2373/22 2824/1973/22
f 2827/1978/27 2825/1971/27 2829/1975/27
f 2833/1980/1 2835/1987/1 2834/1981/1
f 2839/1983/8 2837/1988/8 2836/1984/8
f 2838/1986/22 2836/2374/22 2832/1982/22
f 2835/1987/27 2833/1980/27 2837/1988/27
f 2841/1989/1 2843/1996/1 2842/1990/1
f 2847/1992/8 2845/1997/8 2844/1993/8
f 2846/1995/22 2844/2375/22 2840/1991/22
f 2843/1996/27 2841/1989/27 2845/1997/27
f 2849/1971/1 2851/1978/1 2850/1972/1
f 2855/1979/8 2853/1975/8 2852/1976/8
f 2854/1977/22 2852/2373/22 2848/1973/22
f 2851/1978/27 2849/1971/27 2853/1975/27
f 2857/1980/1 2859/1987/1 2858/1981/1
f 2863/1983/8 2861/1988/8 2860/1984/8
f 2862/1986/22 2860/2374/22 2856/1982/22
f 2859/1987/27 2857/1980/27 2861/1988/27
f 2865/1989/1 2867/1996/1 2866/1990/1
f 2871/1992/8 2869/1997/8 2868/1993/8
f 2870/1995/22 2868/2375/22 2864/1991/22
f 2867/1996/27 2865/1989/27 2869/1997/27
f 2873/1998/1 2875/2002/1 2874/1999/1
f 2878/2001/7 2876/2376/7 2872/2000/7
f 2875/2002/2 2873/1998/2 2877/2003/2
f 2882/1999/1 2883/2002/1 2881/1998/1
f 2880/2000/2 2884/2376/2 2886/2001/2
f 2885/2003/7 2881/1998/7 2883/2002/7
f 2901/2005/480 2889/2014/481 2888/2006/481
f 2903/2008/8 2889/2012/8 2891/2009/211
f 2900/2011/224 2891/2009/211 2889/2012/8
f 2889/2014/481 2903/2008/483 2898/2015/483
f 2892/2016/1 2896/2377/1 2888/2017/1
f 2900/2019/485 2890/2378/486 2897/2020/486
f 2893/2022/488 2894/2379/533 2891/2023/489
f 2902/2025/490 2894/2379/533 2893/2022/488
f 2898/2015/483 2903/2008/483 2902/2025/490
f 2888/2017/1 2896/2377/1 2897/2027/1
f 2891/2023/489 2900/2019/485 2896/2021/487
f 2890/2030/486 2901/2005/480 2895/2007/480
f 2899/2026/493 2893/2022/534 2892/2016/1
f 2917/2005/480 2905/2014/496 2904/2006/494
f 2919/2008/8 2905/2012/8 2907/2009/211
f 2916/2011/224 2907/2009/211 2905/2012/8
f 2905/2014/496 2919/2008/483 2914/2015/483
f 2908/2016/1 2912/2377/1 2904/2017/1
f 2916/2019/485 2906/2378/486 2913/2020/497
f 2909/2022/488 2910/2379/488 2907/2023/489
f 2918/2025/490 2910/2379/488 2909/2022/488
f 2914/2015/483 2919/2008/483 2918/2025/490
f 2904/2017/1 2912/2377/1 2913/2027/1
f 2907/2023/489 2916/2019/485 2912/2021/487
f 2906/2030/486 2917/2005/480 2911/2007/495
f 2915/2026/493 2909/2022/534 2908/2016/1
f 2921/2032/27 2923/2035/27 2922/2033/27
f 2923/2035/1 2927/2380/1 2926/2036/1
f 2927/2037/22 2925/2040/22 2924/2038/22
f 2925/2040/8 2921/2032/8 2920/2034/8
f 2928/2041/27 2929/2095/27 2931/2042/27
f 2931/2042/2 2935/2381/2 2934/2044/2
f 2934/2045/22 2935/2096/22 2933/2046/22
f 2933/2046/7 2929/2095/7 2928/2041/7
f 2937/2048/2 2939/2382/2 2938/2049/2
f 2938/2051/1 2939/2097/1 2943/2052/1
f 2943/2052/7 2941/2055/7 2940/2054/7
f 2941/2055/8 2937/2048/8 2936/2050/8
f 2945/2056/2 2947/2383/2 2946/2057/2
f 2946/2059/1 2947/2098/1 2951/2060/1
f 2951/2060/7 2949/2063/7 2948/2062/7
f 2949/2063/8 2945/2056/8 2944/2058/8
f 2953/2064/2 2955/2384/2 2954/2065/2
f 2955/2067/1 2959/2070/1 2958/2068/1
f 2959/2070/7 2957/2072/7 2956/2071/7
f 2957/2072/8 2953/2064/8 2952/2066/8
f 2961/2073/499 2963/2084/499 2962/2074/499
f 2962/2074/1 2963/2084/1 2967/2076/1
f 2967/2078/500 2965/2081/500 2964/2079/500
f 2965/2081/8 2961/2073/8 2960/2075/8
f 2966/2082/501 2964/2385/501 2960/2075/501
f 2965/2083/502 2967/2386/502 2963/2084/502
f 2969/2085/503 2971/2088/503 2970/2086/503
f 2971/2088/1 2975/2093/1 2974/2089/1
f 2975/2090/504 2973/2094/504 2972/2091/504
f 2972/2091/8 2973/2094/8 2969/2085/8
f 2977/2085/503 2979/2088/503 2978/2086/503
f 2979/2088/1 2983/2093/1 2982/2089/1
f 2983/2090/504 2981/2094/504 2980/2091/504
f 2980/2091/8 2981/2094/8 2977/2085/8
f 2985/2085/503 2987/2088/503 2986/2086/503
f 2987/2088/1 2991/2093/1 2990/2089/1
f 2991/2090/504 2989/2094/504 2988/2091/504
f 2988/2091/8 2989/2094/8 2985/2085/8
f 2993/2085/503 2995/2088/503 2994/2086/503
f 2994/2086/1 2995/2088/1 2999/2093/1
f 2999/2090/504 2997/2094/504 2996/2091/504
f 2997/2094/8 2993/2085/8 2992/2087/8
f 3002/2033/27 3003/2035/27 3001/2032/27
f 3006/2036/8 3007/2380/8 3003/2035/8
f 3004/2038/22 3005/2040/22 3007/2037/22
f 3000/2034/1 3001/2032/1 3005/2040/1
f 3010/2043/27 3011/2042/27 3009/2095/27
f 3014/2044/2 3015/2381/2 3011/2042/2
f 3012/2047/22 3013/2046/22 3015/2096/22
f 3008/2041/7 3009/2095/7 3013/2046/7
f 3018/2049/2 3019/2382/2 3017/2048/2
f 3018/2051/8 3022/2053/8 3023/2052/8
f 3020/2054/7 3021/2055/7 3023/2052/7
f 3016/2050/1 3017/2048/1 3021/2055/1
f 3026/2057/2 3027/2383/2 3025/2056/2
f 3026/2059/8 3030/2061/8 3031/2060/8
f 3028/2062/7 3029/2063/7 3031/2060/7
f 3024/2058/1 3025/2056/1 3029/2063/1
f 3034/2065/2 3035/2384/2 3033/2064/2
f 3038/2068/8 3039/2070/8 3035/2067/8
f 3036/2071/7 3037/2072/7 3039/2070/7
f 3036/2071/1 3032/2066/1 3033/2064/1
f 3042/2074/499 3043/2084/499 3041/2073/499
f 3042/2074/8 3046/2077/8 3047/2076/8
f 3044/2079/500 3045/2081/500 3047/2078/500
f 3040/2075/1 3041/2073/1 3045/2081/1
f 3040/2075/501 3044/2385/501 3046/2082/501
f 3043/2084/502 3047/2386/502 3045/2083/502
f 3050/2086/503 3051/2088/503 3049/2085/503
f 3054/2089/8 3055/2093/8 3051/2088/8
f 3054/2092/504 3052/2091/504 3053/2094/504
f 3052/2091/1 3048/2087/1 3049/2085/1
f 3058/2086/503 3059/2088/503 3057/2085/503
f 3062/2089/8 3063/2093/8 3059/2088/8
f 3062/2092/504 3060/2091/504 3061/2094/504
f 3060/2091/1 3056/2087/1 3057/2085/1
f 3066/2086/503 3067/2088/503 3065/2085/503
f 3070/2089/8 3071/2093/8 3067/2088/8
f 3070/2092/504 3068/2091/504 3069/2094/504
f 3068/2091/1 3064/2087/1 3065/2085/1
f 3074/2086/503 3075/2088/503 3073/2085/503
f 3074/2086/8 3078/2089/8 3079/2093/8
f 3078/2092/504 3076/2091/504 3077/2094/504
f 3072/2087/1 3073/2085/1 3077/2094/1
f 3086/2099/7 3080/2387/7 3085/2100/7
f 3082/2102/1 3083/2104/1 3086/2099/1
f 3082/2102/2 3084/2388/2 3087/2103/2
f 3093/2100/2 3088/2387/2 3094/2099/2
f 3094/2099/1 3091/2104/1 3090/2102/1
f 3095/2103/7 3092/2388/7 3090/2102/7
f 3096/1553/7 3098/1563/7 3099/1554/7
f 3097/1556/8 3101/1575/8 3100/1557/8
f 3101/1559/2 3103/1574/2 3102/1560/2
f 3096/1553/27 3104/2322/27 3105/1562/27
f 3102/1560/22 3107/2323/22 3106/1564/22
f 3106/1565/8 3104/1573/8 3096/1558/8
f 3104/1566/2 3108/2324/2 3109/1567/2
f 3107/1569/7 3111/2325/7 3110/1570/7
f 3110/1572/8 3108/1618/8 3104/1573/8
f 3110/1570/27 3111/2325/27 3103/1574/27
f 3109/1567/22 3108/2324/22 3097/1555/22
f 3097/1556/8 3108/1618/8 3110/1572/8
f 3118/1576/7 3119/1612/7 3113/1577/7
f 3116/1579/8 3117/1614/8 3119/1580/8
f 3129/1582/22 3125/2326/22 3131/1583/22
f 3121/1585/22 3118/2327/22 3112/1586/22
f 3123/1588/2 3128/2328/2 3127/1589/2
f 3114/1591/8 3115/2329/8 3112/1592/8
f 3122/1594/2 3121/1585/2 3115/1587/2
f 3121/1613/8 3122/1597/8 3123/1598/8
f 3128/1599/8 3126/1610/8 3129/1600/8
f 3129/1602/7 3126/1607/7 3124/1603/7
f 3130/1605/2 3132/1606/2 3133/1584/2
f 3132/1606/27 3130/1605/27 3124/1603/27
f 3133/1608/8 3134/1611/8 3127/1601/8
f 3128/1599/8 3135/1619/8 3132/1609/8
f 3135/1619/8 3134/1611/8 3133/1608/8
f 3122/1594/27 3114/1595/27 3113/1577/27
f 3120/1596/8 3116/1579/8 3118/1581/8
f 3123/1598/8 3122/1597/8 3119/1580/8
f 3130/1615/8 3131/2330/8 3125/1616/8
f 3137/1490/2 3139/2315/2 3138/1491/2
f 3139/1493/1 3143/1496/1 3142/1494/1
f 3143/1496/7 3141/1498/7 3140/1497/7
f 3141/1498/8 3137/1490/8 3136/1492/8
f 3145/1490/2 3147/2315/2 3146/1491/2
f 3147/1493/1 3151/1496/1 3150/1494/1
f 3151/1496/7 3149/1498/7 3148/1497/7
f 3149/1498/8 3145/1490/8 3144/1492/8
f 3153/1490/2 3155/2315/2 3154/1491/2
f 3155/1493/1 3159/1496/1 3158/1494/1
f 3159/1496/7 3157/1498/7 3156/1497/7
f 3157/1498/8 3153/1490/8 3152/1492/8
f 3161/1490/2 3163/2315/2 3162/1491/2
f 3163/1493/1 3167/1496/1 3166/1494/1
f 3167/1496/7 3165/1498/7 3164/1497/7
f 3165/1498/8 3161/1490/8 3160/1492/8
f 3169/1490/2 3171/2315/2 3170/1491/2
f 3171/1493/1 3175/1496/1 3174/1494/1
f 3175/1496/7 3173/1498/7 3172/1497/7
f 3173/1498/8 3169/1490/8 3168/1492/8
f 3178/1491/2 3179/2315/2 3177/1490/2
f 3182/1494/8 3183/1496/8 3179/1493/8
f 3180/1497/7 3181/1498/7 3183/1496/7
f 3176/1492/1 3177/1490/1 3181/1498/1
f 3186/1491/2 3187/2315/2 3185/1490/2
f 3190/1494/8 3191/1496/8 3187/1493/8
f 3188/1497/7 3189/1498/7 3191/1496/7
f 3184/1492/1 3185/1490/1 3189/1498/1
f 3194/1491/2 3195/2315/2 3193/1490/2
f 3198/1494/8 3199/1496/8 3195/1493/8
f 3196/1497/7 3197/1498/7 3199/1496/7
f 3192/1492/1 3193/1490/1 3197/1498/1
f 3202/1491/2 3203/2315/2 3201/1490/2
f 3206/1494/8 3207/1496/8 3203/1493/8
f 3204/1497/7 3205/1498/7 3207/1496/7
f 3200/1492/1 3201/1490/1 3205/1498/1
f 3210/1491/2 3211/2315/2 3209/1490/2
f 3214/1494/8 3215/1496/8 3211/1493/8
f 3212/1497/7 3213/1498/7 3215/1496/7
f 3208/1492/1 3209/1490/1 3213/1498/1
f 3216/1858/505 3218/1860/505 3217/1857/505
f 3221/1861/506 3217/1857/506 3218/1860/506
f 3221/1861/507 3226/1862/507 3225/1863/507
f 3227/1865/508 3224/1864/508 3225/1863/508
f 3223/1868/8 3226/1876/8 3218/1867/8
f 3220/1871/1 3221/2105/1 3224/1870/1
f 3220/1871/1 3219/1874/1 3217/1873/1
f 3225/1875/8 3226/1876/8 3223/1868/8
f 3228/1858/505 3230/1860/505 3229/1857/505
f 3233/1861/506 3229/1857/506 3230/1860/506
f 3233/1861/507 3238/1862/507 3237/1863/507
f 3239/1865/508 3236/1864/508 3237/1863/508
f 3235/1868/8 3238/1876/8 3230/1867/8
f 3232/1871/1 3233/2105/1 3236/1870/1
f 3232/1871/1 3231/1874/1 3229/1873/1
f 3237/1875/8 3238/1876/8 3235/1868/8
f 3240/1858/505 3242/1860/505 3241/1857/505
f 3245/1861/506 3241/1857/506 3242/1860/506
f 3245/1861/507 3250/1862/507 3249/1863/507
f 3251/1865/508 3248/1864/508 3249/1863/508
f 3247/1868/8 3250/1876/8 3242/1867/8
f 3244/1871/1 3245/2105/1 3248/1870/1
f 3244/1871/1 3243/1874/1 3241/1873/1
f 3249/1875/8 3250/1876/8 3247/1868/8
f 3252/1858/505 3254/1860/505 3253/1857/505
f 3257/1861/506 3253/1857/506 3254/1860/506
f 3257/1861/507 3262/1862/507 3261/1863/507
f 3263/1865/508 3260/1864/508 3261/1863/508
f 3259/1868/8 3262/1876/8 3254/1867/8
f 3256/1871/1 3257/2105/1 3260/1870/1
f 3256/1871/1 3255/1874/1 3253/1873/1
f 3261/1875/8 3262/1876/8 3259/1868/8
f 3264/1858/505 3266/1860/505 3265/1857/505
f 3269/1861/506 3265/1857/506 3266/1860/506
f 3269/1861/507 3274/1862/507 3273/1863/507
f 3275/1865/508 3272/1864/508 3273/1863/508
f 3271/1868/8 3274/1876/8 3266/1867/8
f 3268/1871/1 3269/2105/1 3272/1870/1
f 3268/1871/1 3267/1874/1 3265/1873/1
f 3273/1875/8 3274/1876/8 3271/1868/8
f 3276/1858/505 3278/1860/505 3277/1857/505
f 3281/1861/506 3277/1857/506 3278/1860/506
f 3281/1861/507 3286/1862/507 3285/1863/507
f 3287/1865/508 3284/1864/508 3285/1863/508
f 3283/1868/8 3286/1876/8 3278/1867/8
f 3280/1871/1 3281/2105/1 3284/1870/1
f 3280/1871/1 3279/1874/1 3277/1873/1
f 3285/1875/8 3286/1876/8 3283/1868/8
f 3289/1403/1 3291/2308/1 3290/1404/1
f 3291/1406/7 3295/1409/7 3294/1407/7
f 3295/1409/8 3293/1411/8 3292/1410/8
f 3293/1411/2 3289/1403/2 3288/1405/2
f 3298/1404/8 3299/2308/8 3297/1403/8
f 3302/1407/7 3303/1409/7 3299/1406/7
f 3300/1410/1 3301/1411/1 3303/1409/1
f 3296/1405/2 3297/1403/2 3301/1411/2
f 3306/1404/1 3307/2308/1 3305/1403/1
f 3310/1407/2 3311/1409/2 3307/1406/2
f 3308/1410/8 3309/1411/8 3311/1409/8
f 3304/1405/7 3305/1403/7 3309/1411/7
f 3313/1403/8 3315/2308/8 3314/1404/8
f 3315/1406/2 3319/1409/2 3318/1407/2
f 3319/1409/1 3317/1411/1 3316/1410/1
f 3317/1411/7 3313/1403/7 3312/1405/7
f 3333/2107/509 3321/2116/510 3320/2108/510
f 3335/2110/211 3321/2114/8 3323/2111/211
f 3332/2113/512 3323/2111/211 3321/2114/8
f 3321/2116/510 3335/2110/513 3330/2117/513
f 3330/2118/484 3324/2134/1 3328/2119/1
f 3332/2121/514 3322/2389/515 3329/2122/515
f 3325/2124/516 3326/2390/516 3323/2125/517
f 3334/2127/519 3326/2390/516 3325/2124/516
f 3330/2117/513 3335/2110/513 3334/2127/519
f 3320/2120/1 3328/2119/1 3329/2129/1
f 3323/2125/517 3332/2121/514 3328/2123/514
f 3322/2132/515 3333/2107/509 3327/2109/509
f 3331/2128/521 3325/2124/535 3324/2134/1
f 3349/2107/509 3337/2116/510 3336/2108/522
f 3351/2110/211 3337/2114/8 3339/2111/211
f 3348/2113/512 3339/2111/211 3337/2114/8
f 3336/2108/522 3337/2116/510 3351/2110/513
f 3340/2134/1 3344/2119/1 3336/2120/1
f 3348/2121/524 3338/2389/515 3345/2122/515
f 3341/2124/516 3342/2390/536 3339/2125/517
f 3350/2127/519 3342/2390/536 3341/2124/516
f 3346/2117/513 3351/2110/513 3350/2127/519
f 3344/2119/1 3345/2129/1 3343/2130/1
f 3339/2125/517 3348/2121/524 3344/2123/514
f 3338/2132/515 3349/2107/509 3343/2109/523
f 3347/2128/521 3341/2124/535 3340/2134/1
